data,ultimo,aberturaa,maxima,minima,Vol.,Var%
"31.12.2019","4,0190","4,0197","4,0198","4,0194","0,00K","0,00%"
"30.12.2019","4,0191","4,0490","4,0490","4,0084","23,18K","-0,66%"
"27.12.2019","4,0456","4,0566","4,0620","4,0347","26,83K","-0,25%"
"26.12.2019","4,0557","4,0825","4,0825","4,0457","23,72K","-0,68%"
"25.12.2019","4,0833","4,0833","4,0833","4,0833","","0,00%"
"24.12.2019","4,0833","4,0838","4,0838","4,0838","","0,00%"
"23.12.2019","4,0833","4,1020","4,1020","4,0574","28,35K","-0,46%"
"20.12.2019","4,1022","4,0704","4,1026","4,0580","38,26K","0,81%"
"19.12.2019","4,0694","4,0634","4,0706","4,0509","32,92K","0,16%"
"18.12.2019","4,0630","4,0684","4,0767","4,0462","35,09K","-0,21%"
"17.12.2019","4,0716","4,0632","4,0785","4,0506","30,89K","0,22%"
"16.12.2019","4,0628","4,1105","4,1105","4,0547","32,11K","-1,10%"
"13.12.2019","4,1080","4,0920","4,1185","4,0752","54,45K","0,43%"
"12.12.2019","4,0905","4,1242","4,1316","4,0817","55,40K","-0,81%"
"11.12.2019","4,1238","4,1463","4,1467","4,1076","42,58K","-0,55%"
"10.12.2019","4,1467","4,1427","4,1517","4,1327","40,12K","0,11%"
"09.12.2019","4,1422","4,1415","4,1613","4,1239","32,29K","0,03%"
"06.12.2019","4,1411","4,1860","4,1951","4,1340","43,08K","-1,06%"
"05.12.2019","4,1856","4,2077","4,2238","4,1765","38,57K","-0,53%"
"04.12.2019","4,2077","4,2054","4,2109","4,1827","42,35K","0,03%"
"03.12.2019","4,2063","4,2236","4,2245","4,1850","46,41K","-0,40%"
"02.12.2019","4,2230","4,2362","4,2541","4,2079","45,71K","-0,32%"
"29.11.2019","4,2364","4,1894","4,2460","4,1830","43,33K","1,11%"
"28.11.2019","4,1900","4,2641","4,2659","4,1901","39,54K","-1,73%"
"27.11.2019","4,2636","4,2295","4,2714","4,2265","38,00K","0,72%"
"26.11.2019","4,2330","4,2269","4,2778","4,2269","60,57K","0,15%"
"25.11.2019","4,2266","4,1989","4,2313","4,1874","37,93K","0,72%"
"22.11.2019","4,1962","4,1940","4,2013","4,1724","43,23K","0,08%"
"21.11.2019","4,1930","4,1951","4,2244","4,1830","56,82K","-0,06%"
"20.11.2019","4,1955","4,1933","4,1980","4,1933","0,01K","0,03%"
"19.11.2019","4,1942","4,2055","4,2197","4,1859","50,31K","-0,56%"
"18.11.2019","4,2177","4,1785","4,2197","4,1697","40,67K","0,52%"
"15.11.2019","4,1957","4,1958","4,1962","4,1958","","0,02%"
"14.11.2019","4,1949","4,1698","4,1993","4,1627","50,26K","0,59%"
"13.11.2019","4,1702","4,1693","4,1904","4,1635","57,75K","0,06%"
"12.11.2019","4,1675","4,1529","4,1879","4,1427","62,53K","0,38%"
"11.11.2019","4,1516","4,1679","4,1717","4,1355","37,99K","-0,28%"
"08.11.2019","4,1633","4,1146","4,1709","4,1081","56,33K","1,53%"
"07.11.2019","4,1004","4,0840","4,1035","4,0420","61,38K","0,42%"
"06.11.2019","4,0834","3,9935","4,0904","3,9754","58,59K","2,25%"
"05.11.2019","3,9935","4,0123","4,0243","3,9831","44,96K","-0,54%"
"04.11.2019","4,0152","3,9895","4,0200","3,9750","38,79K","0,64%"
"01.11.2019","3,9897","4,0173","4,0211","3,9692","55,39K","-0,69%"
"31.10.2019","4,0174","3,9926","4,0379","3,9638","50,33K","0,70%"
"30.10.2019","3,9895","3,9990","4,0323","3,9815","51,74K","-0,21%"
"29.10.2019","3,9980","3,9912","4,0053","3,9835","45,45K","0,20%"
"28.10.2019","3,9902","4,0028","4,0098","3,9724","39,48K","-0,32%"
"25.10.2019","4,0029","4,0421","4,0421","3,9914","44,12K","-0,92%"
"24.10.2019","4,0401","4,0368","4,0458","3,9986","48,65K","0,16%"
"23.10.2019","4,0337","4,0807","4,0926","4,0281","50,87K","-1,18%"
"22.10.2019","4,0817","4,1294","4,1320","4,0609","57,61K","-1,13%"
"21.10.2019","4,1285","4,1119","4,1523","4,1113","42,19K","0,44%"
"18.10.2019","4,1105","4,1637","4,1657","4,1098","53,80K","-1,26%"
"17.10.2019","4,1630","4,1510","4,1816","4,1264","59,77K","0,30%"
"16.10.2019","4,1505","4,1803","4,1873","4,1469","50,11K","-0,72%"
"15.10.2019","4,1805","4,1262","4,1817","4,1213","46,29K","1,33%"
"14.10.2019","4,1255","4,1064","4,1381","4,1064","27,88K","0,39%"
"11.10.2019","4,1094","4,1081","4,1266","4,0805","67,43K","0,01%"
"10.10.2019","4,1089","4,1096","4,1379","4,0894","67,57K","0,00%"
"09.10.2019","4,1089","4,0953","4,1113","4,0698","51,23K","0,36%"
"08.10.2019","4,0942","4,1071","4,1133","4,0734","57,47K","-0,31%"
"07.10.2019","4,1068","4,0561","4,1102","4,0560","49,72K","1,27%"
"04.10.2019","4,0551","4,0843","4,0863","4,0498","53,21K","-0,69%"
"03.10.2019","4,0832","4,1290","4,1304","4,0742","56,83K","-1,10%"
"02.10.2019","4,1287","4,1575","4,1823","4,1272","51,36K","-0,70%"
"01.10.2019","4,1578","4,1564","4,1858","4,1522","48,79K","0,06%"
"30.09.2019","4,1551","4,1625","4,1723","4,1415","38,76K","-0,12%"
"27.09.2019","4,1599","4,1706","4,1712","4,1446","45,22K","-0,26%"
"26.09.2019","4,1707","4,1484","4,1734","4,1214","51,66K","0,55%"
"25.09.2019","4,1477","4,1638","4,1949","4,1446","50,50K","-0,41%"
"24.09.2019","4,1647","4,1643","4,1844","4,1536","50,14K","0,04%"
"23.09.2019","4,1629","4,1500","4,1847","4,1444","38,40K","0,38%"
"20.09.2019","4,1472","4,1673","4,1839","4,1458","58,31K","-0,48%"
"19.09.2019","4,1672","4,1108","4,1690","4,1073","51,43K","1,38%"
"18.09.2019","4,1106","4,0776","4,1145","4,0728","51,73K","0,82%"
"17.09.2019","4,0773","4,0950","4,1174","4,0718","48,23K","-0,07%"
"16.09.2019","4,0801","4,0858","4,1067","4,0749","39,02K","-0,10%"
"13.09.2019","4,0840","4,0621","4,0957","4,0424","44,45K","0,59%"
"12.09.2019","4,0602","4,0679","4,0710","4,0266","55,21K","-0,17%"
"11.09.2019","4,0671","4,0808","4,0926","4,0511","46,98K","-0,31%"
"10.09.2019","4,0798","4,0955","4,1297","4,0789","60,88K","-0,35%"
"09.09.2019","4,0943","4,0630","4,1044","4,0478","47,06K","0,83%"
"06.09.2019","4,0607","4,1085","4,1085","4,0534","54,47K","-1,15%"
"05.09.2019","4,1081","4,0949","4,1152","4,0695","49,62K","0,32%"
"04.09.2019","4,0948","4,1675","4,1678","4,0889","54,41K","-1,75%"
"03.09.2019","4,1678","4,1858","4,1864","4,1505","63,97K","-0,43%"
"02.09.2019","4,1857","4,1440","4,1894","4,1410","27,28K","0,99%"
"30.08.2019","4,1445","4,1693","4,1713","4,1202","69,27K","-0,58%"
"29.08.2019","4,1685","4,1691","4,1779","4,1423","75,68K","0,02%"
"28.08.2019","4,1677","4,1264","4,1690","4,1263","74,17K","0,91%"
"27.08.2019","4,1300","4,1573","4,1949","4,1206","90,45K","-0,65%"
"26.08.2019","4,1569","4,1200","4,1693","4,1030","70,70K","0,91%"
"23.08.2019","4,1196","4,0703","4,1324","4,0500","116,83K","1,21%"
"22.08.2019","4,0704","4,0263","4,0818","4,0169","74,36K","1,10%"
"21.08.2019","4,0260","4,0540","4,0549","4,0134","69,70K","-0,66%"
"20.08.2019","4,0529","4,0744","4,0749","4,0261","73,23K","-0,52%"
"19.08.2019","4,0740","4,0030","4,0760","3,9904","70,32K","1,71%"
"16.08.2019","4,0054","3,9917","4,0083","3,9754","57,97K","0,37%"
"15.08.2019","3,9908","4,0516","4,0522","3,9791","87,28K","-1,52%"
"14.08.2019","4,0522","3,9638","4,0541","3,9630","79,78K","2,21%"
"13.08.2019","3,9646","3,9849","4,0128","3,9448","83,06K","-0,52%"
"12.08.2019","3,9853","3,9402","4,0132","3,9390","62,76K","1,13%"
"09.08.2019","3,9406","3,9196","3,9502","3,9191","64,83K","0,56%"
"08.08.2019","3,9188","3,9691","3,9697","3,9179","68,63K","-1,24%"
"07.08.2019","3,9682","3,9615","3,9929","3,9450","75,52K","0,20%"
"06.08.2019","3,9603","3,9760","3,9864","3,9358","71,00K","-0,44%"
"05.08.2019","3,9778","3,8864","3,9789","3,8864","75,39K","2,30%"
"02.08.2019","3,8883","3,8403","3,8935","3,8388","68,81K","1,29%"
"01.08.2019","3,8388","3,8154","3,8612","3,8107","77,21K","0,69%"
"31.07.2019","3,8125","3,7896","3,8238","3,7479","72,76K","0,60%"
"30.07.2019","3,7896","3,7818","3,7998","3,7752","36,17K","0,22%"
"29.07.2019","3,7813","3,7748","3,8012","3,7748","33,87K","0,16%"
"26.07.2019","3,7753","3,7791","3,7945","3,7591","42,49K","-0,08%"
"25.07.2019","3,7783","3,7740","3,8069","3,7550","48,58K","0,15%"
"24.07.2019","3,7726","3,7742","3,7791","3,7519","30,65K","-0,02%"
"23.07.2019","3,7735","3,7407","3,7801","3,7405","37,22K","0,89%"
"22.07.2019","3,7403","3,7463","3,7483","3,7292","28,36K","-0,21%"
"19.07.2019","3,7481","3,7189","3,7544","3,7188","40,36K","0,79%"
"18.07.2019","3,7187","3,7642","3,7642","3,7178","35,30K","-1,18%"
"17.07.2019","3,7632","3,7685","3,7687","3,7540","29,73K","-0,13%"
"16.07.2019","3,7680","3,7552","3,7717","3,7518","37,83K","0,33%"
"15.07.2019","3,7555","3,7365","3,7583","3,7278","32,87K","0,53%"
"12.07.2019","3,7358","3,7563","3,7636","3,7296","40,56K","-0,48%"
"11.07.2019","3,7540","3,7539","3,7672","3,7345","48,46K","-0,01%"
"10.07.2019","3,7543","3,7888","3,7943","3,7504","52,11K","-1,20%"
"09.07.2019","3,8000","3,8074","3,8074","3,8005","0,07K","-0,17%"
"08.07.2019","3,8063","3,8160","3,8176","3,7988","34,33K","-0,40%"
"05.07.2019","3,8215","3,8022","3,8387","3,7978","48,09K","0,54%"
"04.07.2019","3,8008","3,8266","3,8301","3,7834","41,81K","-0,65%"
"03.07.2019","3,8258","3,8457","3,8752","3,8150","70,45K","-0,49%"
"02.07.2019","3,8447","3,8408","3,8812","3,8180","74,79K","0,12%"
"01.07.2019","3,8401","3,8374","3,8492","3,8089","44,43K","-0,30%"
"28.06.2019","3,8518","3,8193","3,8520","3,8136","43,82K","0,85%"
"27.06.2019","3,8194","3,8462","3,8733","3,8172","52,24K","-0,62%"
"26.06.2019","3,8433","3,8469","3,8586","3,8305","48,08K","-0,12%"
"25.06.2019","3,8478","3,8272","3,8597","3,8182","51,71K","0,60%"
"24.06.2019","3,8248","3,8220","3,8381","3,8067","38,98K","0,15%"
"21.06.2019","3,8190","3,8318","3,8463","3,8127","50,41K","-0,51%"
"20.06.2019","3,8386","3,8386","3,8395","3,8386","","-0,01%"
"19.06.2019","3,8388","3,8606","3,8844","3,8383","60,72K","-0,54%"
"18.06.2019","3,8595","3,8894","3,8894","3,8487","54,00K","-0,74%"
"17.06.2019","3,8881","3,8976","3,9249","3,8797","58,87K","-0,19%"
"14.06.2019","3,8956","3,8491","3,9139","3,8480","71,56K","1,22%"
"13.06.2019","3,8485","3,8672","3,8675","3,8345","53,70K","-0,48%"
"12.06.2019","3,8669","3,8574","3,8723","3,8296","54,99K","0,26%"
"11.06.2019","3,8569","3,8870","3,8870","3,8423","50,35K","-0,78%"
"10.06.2019","3,8874","3,8760","3,8996","3,8668","48,90K","0,26%"
"07.06.2019","3,8774","3,8794","3,8858","3,8496","58,91K","-0,05%"
"06.06.2019","3,8795","3,8812","3,8882","3,8567","72,08K","-0,03%"
"05.06.2019","3,8808","3,8576","3,9039","3,8365","76,72K","0,69%"
"04.06.2019","3,8542","3,8864","3,8899","3,8482","69,58K","-0,80%"
"03.06.2019","3,8851","3,9233","3,9345","3,8822","78,04K","-0,94%"
"31.05.2019","3,9218","3,9800","3,9986","3,9086","82,06K","-1,50%"
"30.05.2019","3,9816","3,9744","3,9937","3,9544","62,35K","0,19%"
"29.05.2019","3,9742","4,0248","4,0409","3,9679","60,92K","-1,24%"
"28.05.2019","4,0243","4,0430","4,0541","4,0101","67,45K","-0,41%"
"27.05.2019","4,0410","4,0131","4,0432","4,0040","28,46K","0,49%"
"24.05.2019","4,0213","4,0416","4,0480","4,0086","61,17K","-0,45%"
"23.05.2019","4,0394","4,0402","4,0716","4,0253","70,94K","-0,01%"
"22.05.2019","4,0400","4,0394","4,0531","4,0068","73,69K","0,03%"
"21.05.2019","4,0387","4,0968","4,1138","4,0331","74,18K","-1,41%"
"20.05.2019","4,0963","4,1014","4,1221","4,0777","82,87K","-0,08%"
"17.05.2019","4,0997","4,0480","4,1134","4,0474","82,02K","1,31%"
"16.05.2019","4,0467","4,0014","4,0547","3,9938","61,23K","1,14%"
"15.05.2019","4,0012","3,9764","4,0219","3,9736","63,15K","0,67%"
"14.05.2019","3,9745","3,9935","3,9953","3,9661","56,77K","-0,45%"
"13.05.2019","3,9925","3,9771","4,0050","3,9727","71,44K","0,91%"
"10.05.2019","3,9566","3,9467","3,9738","3,9363","60,19K","0,28%"
"09.05.2019","3,9456","3,9276","3,9815","3,9276","55,69K","0,45%"
"08.05.2019","3,9279","3,9705","3,9783","3,9252","54,72K","-1,06%"
"07.05.2019","3,9700","3,9705","4,0003","3,9640","54,28K","0,04%"
"06.05.2019","3,9683","3,9384","3,9747","3,9378","43,09K","0,77%"
"03.05.2019","3,9378","3,9668","3,9683","3,9307","57,52K","-0,70%"
"02.05.2019","3,9654","3,9200","3,9721","3,9175","57,39K","1,17%"
"01.05.2019","3,9195","3,9196","3,9220","3,9176","0,09K","-0,03%"
"30.04.2019","3,9207","3,9456","3,9573","3,9129","60,21K","-0,60%"
"29.04.2019","3,9442","3,9300","3,9461","3,9207","46,15K","0,39%"
"26.04.2019","3,9288","3,9502","3,9759","3,9197","57,68K","-0,61%"
"25.04.2019","3,9530","3,9910","4,0065","3,9462","63,80K","-0,98%"
"24.04.2019","3,9922","3,9214","3,9944","3,9187","69,94K","1,85%"
"23.04.2019","3,9197","3,9360","3,9642","3,9121","53,30K","-0,41%"
"22.04.2019","3,9358","3,9270","3,9394","3,9130","41,11K","0,25%"
"19.04.2019","3,9260","3,9273","3,9275","3,9273","","0,00%"
"18.04.2019","3,9261","3,9400","3,9518","3,9039","55,11K","-0,28%"
"17.04.2019","3,9373","3,9051","3,9476","3,8856","58,95K","0,88%"
"16.04.2019","3,9031","3,8724","3,9083","3,8681","51,12K","0,80%"
"15.04.2019","3,8720","3,8819","3,8910","3,8591","56,26K","-0,24%"
"12.04.2019","3,8812","3,8585","3,9081","3,8570","67,19K","0,63%"
"11.04.2019","3,8570","3,8253","3,8633","3,8253","52,65K","0,84%"
"10.04.2019","3,8247","3,8510","3,8549","3,8147","49,45K","-0,66%"
"09.04.2019","3,8502","3,8495","3,8646","3,8459","52,52K","0,03%"
"08.04.2019","3,8490","3,8728","3,8772","3,8417","47,02K","-0,62%"
"05.04.2019","3,8730","3,8589","3,8768","3,8420","60,14K","0,37%"
"04.04.2019","3,8587","3,8710","3,8882","3,8475","61,69K","-0,28%"
"03.04.2019","3,8694","3,8537","3,8824","3,8329","58,16K","0,44%"
"02.04.2019","3,8525","3,8514","3,8793","3,8479","63,25K","0,04%"
"01.04.2019","3,8508","3,8897","3,8930","3,8488","54,77K","-1,86%"
"29.03.2019","3,9238","3,9010","3,9342","3,8678","82,29K","0,60%"
"28.03.2019","3,9005","3,9924","4,0160","3,8982","96,08K","-2,32%"
"27.03.2019","3,9933","3,8747","4,0021","3,8725","98,70K","3,00%"
"26.03.2019","3,8769","3,8528","3,8797","3,8336","72,25K","0,61%"
"25.03.2019","3,8535","3,9041","3,9369","3,8435","80,01K","-1,36%"
"22.03.2019","3,9066","3,7926","3,9168","3,7926","94,82K","3,02%"
"21.03.2019","3,7921","3,7755","3,8382","3,7635","77,33K","0,44%"
"20.03.2019","3,7756","3,7917","3,7993","3,7381","72,90K","-0,34%"
"19.03.2019","3,7885","3,7917","3,8003","3,7647","48,73K","-0,07%"
"18.03.2019","3,7913","3,8173","3,8280","3,7836","52,61K","-0,57%"
"15.03.2019","3,8131","3,8444","3,8719","3,8075","60,80K","-0,78%"
"14.03.2019","3,8430","3,8147","3,8550","3,8133","60,26K","0,76%"
"13.03.2019","3,8142","3,8112","3,8355","3,7996","62,85K","0,08%"
"12.03.2019","3,8111","3,8406","3,8450","3,8017","74,15K","-0,73%"
"11.03.2019","3,8392","3,8667","3,8675","3,8338","70,38K","-0,71%"
"08.03.2019","3,8666","3,8707","3,9037","3,8497","80,65K","-0,09%"
"07.03.2019","3,8701","3,8403","3,9033","3,8163","91,17K","0,79%"
"06.03.2019","3,8397","3,7770","3,8454","3,7748","42,59K","1,71%"
"05.03.2019","3,7750","3,7755","3,7755","3,7755","","0,00%"
"04.03.2019","3,7750","3,7748","3,7755","3,7748","0,05K","0,00%"
"01.03.2019","3,7749","3,7510","3,7965","3,7460","70,19K","0,63%"
"28.02.2019","3,7511","3,7265","3,7597","3,7173","77,19K","0,61%"
"27.02.2019","3,7285","3,7446","3,7484","3,7221","66,12K","-0,54%"
"26.02.2019","3,7487","3,7517","3,7669","3,7383","70,24K","-0,09%"
"25.02.2019","3,7519","3,7477","3,7523","3,7194","61,75K","0,10%"
"22.02.2019","3,7482","3,7682","3,7682","3,7264","64,59K","-0,56%"
"21.02.2019","3,7693","3,7254","3,7724","3,7155","70,21K","1,13%"
"20.02.2019","3,7273","3,7240","3,7374","3,6905","73,72K","0,12%"
"19.02.2019","3,7227","3,7332","3,7452","3,7034","61,67K","-0,33%"
"18.02.2019","3,7351","3,7020","3,7429","3,7020","44,11K","0,93%"
"15.02.2019","3,7007","3,7205","3,7268","3,6991","73,21K","-0,60%"
"14.02.2019","3,7232","3,7524","3,7956","3,7144","81,43K","-0,83%"
"13.02.2019","3,7543","3,7106","3,7627","3,7106","72,41K","1,20%"
"12.02.2019","3,7097","3,7442","3,7476","3,7026","73,26K","-1,27%"
"11.02.2019","3,7576","3,7322","3,7751","3,7279","65,13K","0,77%"
"08.02.2019","3,7290","3,7196","3,7483","3,7028","81,98K","0,33%"
"07.02.2019","3,7166","3,6999","3,7379","3,6994","88,29K","0,50%"
"06.02.2019","3,6982","3,6699","3,7166","3,6673","75,25K","0,78%"
"05.02.2019","3,6695","3,6643","3,6851","3,6612","70,48K","0,02%"
"04.02.2019","3,6686","3,6597","3,6884","3,6595","68,75K","0,25%"
"01.02.2019","3,6596","3,6455","3,6828","3,6385","72,65K","0,43%"
"31.01.2019","3,6439","3,6865","3,6865","3,6364","83,29K","-1,11%"
"30.01.2019","3,6849","3,7205","3,7327","3,6744","76,38K","-0,95%"
"29.01.2019","3,7201","3,7617","3,7655","3,7155","65,15K","-1,10%"
"28.01.2019","3,7614","3,7785","3,7879","3,7505","64,27K","-0,21%"
"25.01.2019","3,7695","3,7705","3,7710","3,7703","0,00K","-0,06%"
"24.01.2019","3,7718","3,7746","3,7946","3,7375","59,57K","0,19%"
"23.01.2019","3,7648","3,7938","3,8124","3,7554","54,05K","-1,30%"
"22.01.2019","3,8142","3,7550","3,8171","3,7454","56,60K","1,62%"
"21.01.2019","3,7535","3,7604","3,7804","3,7534","34,70K","0,09%"
"18.01.2019","3,7502","3,7475","3,7738","3,7278","58,60K","0,00%"
"17.01.2019","3,7502","3,7339","3,7746","3,7267","58,18K","0,38%"
"16.01.2019","3,7361","3,7156","3,7384","3,7087","15,40K","0,52%"
"15.01.2019","3,7167","3,7032","3,7328","3,6944","21,18K","0,51%"
"14.01.2019","3,6978","3,7113","3,7352","3,6840","0,34K","-0,35%"
"11.01.2019","3,7108","3,6948","3,7303","3,6912","12,53K","0,01%"
"10.01.2019","3,7104","3,6807","3,7254","3,6751","0,00K","0,81%"
"09.01.2019","3,6806","3,7138","3,7159","3,6750","48,59K","-0,88%"
"08.01.2019","3,7132","3,7373","3,7423","3,7039","49,06K","-0,59%"
"07.01.2019","3,7351","3,7144","3,7387","3,6900","44,59K","0,53%"
"04.01.2019","3,7154","3,7593","3,7857","3,7093","56,28K","-1,09%"
"03.01.2019","3,7564","3,7965","3,8081","3,7380","55,71K","-0,88%"
"02.01.2019","3,7897","3,8793","3,8976","3,7833","44,05K","-2,34%"
"01.01.2019","3,8804","3,8804","3,8804","3,8804","","0,00%"
"31.12.2018","3,8804","3,8804","3,8804","3,8804","","0,00%"
"28.12.2018","3,8804","3,8775","3,8956","3,8298","","0,19%"
"27.12.2018","3,8732","3,9200","3,9461","3,8688","","-1,24%"
"26.12.2018","3,9219","3,9040","3,9416","3,8923","","0,47%"
"25.12.2018","3,9035","3,9035","3,9035","3,9035","","0,00%"
"24.12.2018","3,9035","3,9040","3,9040","3,9040","","-0,01%"
"21.12.2018","3,9039","3,8408","3,9078","3,8395","","1,61%"
"20.12.2018","3,8419","3,8970","3,8970","3,8331","","-1,43%"
"19.12.2018","3,8976","3,9020","3,9140","3,8639","","-0,38%"
"18.12.2018","3,9123","3,8979","3,9179","3,8841","","0,33%"
"17.12.2018","3,8994","3,9175","3,9294","3,8774","","-0,45%"
"14.12.2018","3,9170","3,9122","3,9219","3,8879","","0,67%"
"13.12.2018","3,8910","3,8551","3,8977","3,8512","","0,92%"
"12.12.2018","3,8554","3,8948","3,9004","3,8364","","-1,24%"
"11.12.2018","3,9039","3,9202","3,9232","3,8884","","-0,35%"
"10.12.2018","3,9178","3,9075","3,9460","3,8914","","0,27%"
"07.12.2018","3,9074","3,8817","3,9246","3,8576","","0,76%"
"06.12.2018","3,8779","3,8897","3,9436","3,8727","","0,25%"
"05.12.2018","3,8682","3,8527","3,8838","3,8346","","0,41%"
"04.12.2018","3,8524","3,8293","3,8680","3,8179","","0,30%"
"03.12.2018","3,8408","3,8669","3,8669","3,8149","","-0,66%"
"30.11.2018","3,8662","3,8490","3,8888","3,8379","","0,38%"
"29.11.2018","3,8515","3,8506","3,8742","3,8325","","0,02%"
"28.11.2018","3,8508","3,8801","3,8883","3,8317","","-0,62%"
"27.11.2018","3,8750","3,9232","3,9249","3,8623","","-1,64%"
"26.11.2018","3,9398","3,8187","3,9448","3,8171","","2,92%"
"23.11.2018","3,8280","3,8045","3,8309","3,7952","","0,65%"
"22.11.2018","3,8033","3,7897","3,8264","3,7896","","0,15%"
"21.11.2018","3,7975","3,7560","3,8040","3,7560","","1,09%"
"20.11.2018","3,7567","3,7559","3,7579","3,7559","","0,02%"
"19.11.2018","3,7560","3,7473","3,7734","3,7420","","0,34%"
"16.11.2018","3,7434","3,7732","3,7832","3,7301","","-1,07%"
"15.11.2018","3,7840","3,7843","3,7843","3,7843","","0,00%"
"14.11.2018","3,7840","3,8032","3,8198","3,7666","","-0,50%"
"13.11.2018","3,8031","3,7573","3,8318","3,7535","","0,95%"
"12.11.2018","3,7674","3,7498","3,7701","3,7364","","0,91%"
"09.11.2018","3,7334","3,7610","3,7755","3,7257","","-0,72%"
"08.11.2018","3,7604","3,7297","3,7647","3,7162","","0,77%"
"07.11.2018","3,7317","3,7618","3,7880","3,7223","","-0,79%"
"06.11.2018","3,7614","3,7270","3,7707","3,7237","","0,95%"
"05.11.2018","3,7260","3,6967","3,7331","3,6913","","0,80%"
"02.11.2018","3,6965","3,7044","3,7044","3,6965","","-0,09%"
"01.11.2018","3,7000","3,7222","3,7230","3,6792","","-0,59%"
"31.10.2018","3,7218","3,6976","3,7451","3,6860","","0,67%"
"30.10.2018","3,6972","3,7175","3,7362","3,6774","","-0,56%"
"29.10.2018","3,7179","3,6430","3,7224","3,5817","","2,07%"
"26.10.2018","3,6426","3,7062","3,7305","3,6397","","-1,67%"
"25.10.2018","3,7046","3,7351","3,7351","3,6812","","-0,77%"
"24.10.2018","3,7335","3,6948","3,7469","3,6820","","1,09%"
"23.10.2018","3,6932","3,6875","3,7233","3,6854","","0,23%"
"22.10.2018","3,6846","3,6946","3,7209","3,6693","","-0,79%"
"19.10.2018","3,7140","3,7220","3,7268","3,6872","","-0,20%"
"18.10.2018","3,7214","3,6875","3,7318","3,6729","","0,92%"
"17.10.2018","3,6873","3,7252","3,7462","3,6644","","-1,00%"
"16.10.2018","3,7244","3,7350","3,7360","3,6913","","-0,30%"
"15.10.2018","3,7355","3,7569","3,7649","3,7128","","-1,24%"
"12.10.2018","3,7825","3,7835","3,7835","3,7826","","0,04%"
"11.10.2018","3,7810","3,7570","3,7863","3,7166","","0,71%"
"10.10.2018","3,7545","3,7156","3,7684","3,7110","","1,06%"
"09.10.2018","3,7153","3,7826","3,7915","3,7010","","-1,68%"
"08.10.2018","3,7786","3,7284","3,7831","3,7096","","-1,61%"
"05.10.2018","3,8406","3,8743","3,8953","3,8375","","-0,87%"
"04.10.2018","3,8743","3,9018","3,9360","3,8734","","-0,68%"
"03.10.2018","3,9008","3,9411","3,9414","3,8221","","-1,00%"
"02.10.2018","3,9404","4,0180","4,0183","3,9053","","-1,92%"
"01.10.2018","4,0176","4,0496","4,0637","4,0038","","-0,74%"
"28.09.2018","4,0477","4,0136","4,0573","3,9890","","0,89%"
"27.09.2018","4,0120","4,0345","4,0556","3,9669","","-0,47%"
"26.09.2018","4,0310","4,0781","4,0941","4,0090","","-1,08%"
"25.09.2018","4,0751","4,0899","4,1421","4,0680","","-0,40%"
"24.09.2018","4,0914","4,0652","4,0968","4,0355","","0,99%"
"21.09.2018","4,0511","4,0772","4,0955","4,0276","","-0,63%"
"20.09.2018","4,0766","4,1272","4,1316","4,0669","","-1,30%"
"19.09.2018","4,1305","4,1626","4,1763","4,0971","","-0,70%"
"18.09.2018","4,1596","4,1343","4,1648","4,1172","","0,68%"
"17.09.2018","4,1316","4,1737","4,2041","4,1154","","-1,01%"
"14.09.2018","4,1739","4,2069","4,2110","4,1582","","-0,78%"
"13.09.2018","4,2067","4,1617","4,2096","4,1237","","1,20%"
"12.09.2018","4,1569","4,1526","4,1675","4,1102","","0,10%"
"11.09.2018","4,1527","4,0863","4,1798","4,0862","","1,64%"
"10.09.2018","4,0855","4,0679","4,1276","4,0516","","0,64%"
"07.09.2018","4,0594","4,0594","4,0594","4,0594","","0,02%"
"06.09.2018","4,0587","4,1448","4,1665","4,0362","","-2,10%"
"05.09.2018","4,1457","4,1572","4,1862","4,1115","","-0,34%"
"04.09.2018","4,1600","4,1575","4,1916","4,1378","","0,05%"
"03.09.2018","4,1579","4,0921","4,1602","4,0911","","2,55%"
"31.08.2018","4,0545","4,1490","4,1773","4,0527","","-2,28%"
"30.08.2018","4,1493","4,1065","4,2151","4,1035","","1,04%"
"29.08.2018","4,1065","4,1391","4,1645","4,1010","","-0,66%"
"28.08.2018","4,1337","4,0800","4,1475","4,0618","","1,39%"
"27.08.2018","4,0772","4,1066","4,1149","4,0473","","-0,59%"
"24.08.2018","4,1012","4,1140","4,1326","4,0718","","-0,32%"
"23.08.2018","4,1145","4,0413","4,1281","4,0400","","1,81%"
"22.08.2018","4,0415","4,0503","4,0912","4,0307","","-0,13%"
"21.08.2018","4,0467","3,9697","4,0526","3,9553","","1,95%"
"20.08.2018","3,9692","3,9132","3,9716","3,9132","","1,49%"
"17.08.2018","3,9108","3,9072","3,9532","3,9041","","0,13%"
"16.08.2018","3,9059","3,9048","3,9296","3,8667","","0,02%"
"15.08.2018","3,9053","3,8672","3,9280","3,8661","","1,01%"
"14.08.2018","3,8663","3,8842","3,9036","3,8586","","-0,45%"
"13.08.2018","3,8836","3,8582","3,9294","3,8582","","0,65%"
"10.08.2018","3,8584","3,8016","3,8744","3,8005","","1,52%"
"09.08.2018","3,8007","3,7720","3,8217","3,7714","","0,78%"
"08.08.2018","3,7713","3,7523","3,7733","3,7353","","0,55%"
"07.08.2018","3,7505","3,7370","3,7719","3,7028","","0,40%"
"06.08.2018","3,7356","3,7053","3,7370","3,6902","","0,77%"
"03.08.2018","3,7070","3,7513","3,7530","3,6996","","-1,14%"
"02.08.2018","3,7496","3,7524","3,7822","3,7488","","0,01%"
"01.08.2018","3,7492","3,7566","3,7702","3,7311","","-0,17%"
"31.07.2018","3,7557","3,7297","3,7645","3,7222","","0,68%"
"30.07.2018","3,7304","3,7147","3,7327","3,6960","","0,55%"
"27.07.2018","3,7099","3,7457","3,7468","3,7058","","-0,95%"
"26.07.2018","3,7454","3,6883","3,7483","3,6880","","1,56%"
"25.07.2018","3,6877","3,7480","3,7482","3,6887","","-1,59%"
"24.07.2018","3,7471","3,7828","3,7869","3,7316","","-0,93%"
"23.07.2018","3,7823","3,7659","3,8035","3,7659","","0,40%"
"20.07.2018","3,7671","3,8313","3,8313","3,7581","","-1,62%"
"19.07.2018","3,8290","3,8493","3,8927","3,8225","","-0,57%"
"18.07.2018","3,8509","3,8385","3,8651","3,8192","","0,35%"
"17.07.2018","3,8375","3,8630","3,8797","3,8379","","-0,58%"
"16.07.2018","3,8597","3,8508","3,8739","3,8336","","0,22%"
"13.07.2018","3,8514","3,8826","3,9009","3,8445","","-0,76%"
"12.07.2018","3,8809","3,8746","3,9028","3,8368","","0,12%"
"11.07.2018","3,8764","3,8167","3,8856","3,8134","","1,63%"
"10.07.2018","3,8143","3,8836","3,8870","3,7935","","-1,47%"
"09.07.2018","3,8714","3,8650","3,8728","3,8641","","0,23%"
"06.07.2018","3,8624","3,9326","3,9533","3,8593","","-1,78%"
"05.07.2018","3,9324","3,9135","3,9421","3,8859","","0,48%"
"04.07.2018","3,9135","3,8947","3,9200","3,8858","","0,43%"
"03.07.2018","3,8966","3,9127","3,9145","3,8729","","-0,39%"
"02.07.2018","3,9117","3,8781","3,9203","3,8750","","0,91%"
"29.06.2018","3,8765","3,8581","3,8803","3,8288","","0,40%"
"28.06.2018","3,8612","3,8612","3,8778","3,8343","","-0,03%"
"27.06.2018","3,8625","3,7993","3,8775","3,7909","","1,62%"
"26.06.2018","3,8011","3,7745","3,8032","3,7615","","0,68%"
"25.06.2018","3,7753","3,7877","3,7878","3,7610","","-0,26%"
"22.06.2018","3,7852","3,7693","3,7892","3,7350","","0,47%"
"21.06.2018","3,7676","3,7691","3,8042","3,7527","","-0,10%"
"20.06.2018","3,7712","3,7453","3,7873","3,7060","","0,67%"
"19.06.2018","3,7461","3,7470","3,7856","3,7173","","0,00%"
"18.06.2018","3,7460","3,7301","3,7658","3,7275","","0,45%"
"15.06.2018","3,7294","3,8061","3,8063","3,7152","","-1,99%"
"14.06.2018","3,8052","3,7206","3,8158","3,6861","","2,30%"
"13.06.2018","3,7195","3,7185","3,7386","3,6846","","0,06%"
"12.06.2018","3,7174","3,7070","3,7296","3,6677","","0,23%"
"11.06.2018","3,7087","3,7092","3,7303","3,6710","","-0,01%"
"08.06.2018","3,7091","3,9031","3,9070","3,6930","","-5,05%"
"07.06.2018","3,9065","3,8488","3,9679","3,8455","","1,53%"
"06.06.2018","3,8477","3,8084","3,8549","3,8039","","1,10%"
"05.06.2018","3,8060","3,7452","3,8175","3,7449","","1,60%"
"04.06.2018","3,7462","3,7662","3,7670","3,7260","","-0,45%"
"01.06.2018","3,7630","3,7248","3,7707","3,7208","","1,09%"
"31.05.2018","3,7225","3,7242","3,7263","3,7233","","-0,04%"
"30.05.2018","3,7240","3,7256","3,7681","3,6803","","-0,03%"
"29.05.2018","3,7252","3,7355","3,7706","3,7120","","-0,24%"
"28.05.2018","3,7341","3,6512","3,7458","3,6510","","2,26%"
"25.05.2018","3,6514","3,6463","3,6787","3,6419","","0,06%"
"24.05.2018","3,6491","3,6274","3,6565","3,6273","","0,58%"
"23.05.2018","3,6279","3,6448","3,6794","3,6160","","-0,44%"
"22.05.2018","3,6441","3,6770","3,6783","3,6263","","-0,89%"
"21.05.2018","3,6769","3,7383","3,7389","3,6710","","-1,58%"
"18.05.2018","3,7360","3,6969","3,7769","3,6938","","1,08%"
"17.05.2018","3,6960","3,6745","3,7135","3,6438","","0,56%"
"16.05.2018","3,6754","3,6537","3,6957","3,6527","","0,61%"
"15.05.2018","3,6530","3,6237","3,6938","3,6220","","0,85%"
"14.05.2018","3,6221","3,5992","3,6409","3,5726","","0,64%"
"11.05.2018","3,5991","3,5500","3,6127","3,5434","","1,39%"
"10.05.2018","3,5496","3,5943","3,5950","3,5424","","-1,17%"
"09.05.2018","3,5918","3,5636","3,6103","3,5589","","0,80%"
"08.05.2018","3,5632","3,5515","3,5943","3,5507","","0,30%"
"07.05.2018","3,5524","3,5307","3,5593","3,5307","","0,66%"
"04.05.2018","3,5291","3,5271","3,5489","3,5134","","0,04%"
"03.05.2018","3,5276","3,5507","3,5676","3,5204","","-0,67%"
"02.05.2018","3,5513","3,5074","3,5549","3,5074","","1,26%"
"01.05.2018","3,5071","3,5075","3,5077","3,5072","","0,01%"
"30.04.2018","3,5066","3,4574","3,5092","3,4574","","1,47%"
"27.04.2018","3,4559","3,4756","3,4813","3,4529","","-0,54%"
"26.04.2018","3,4745","3,4850","3,5084","3,4741","","-0,28%"
"25.04.2018","3,4843","3,4738","3,5159","3,4710","","0,39%"
"24.04.2018","3,4709","3,4528","3,4814","3,4356","","0,54%"
"23.04.2018","3,4521","3,4137","3,4539","3,4137","","1,16%"
"20.04.2018","3,4124","3,3845","3,4185","3,3839","","0,74%"
"19.04.2018","3,3875","3,3805","3,4102","3,3795","","0,22%"
"18.04.2018","3,3802","3,4080","3,4098","3,3732","","-0,79%"
"17.04.2018","3,4071","3,4217","3,4218","3,3882","","-0,35%"
"16.04.2018","3,4191","3,4255","3,4362","3,4057","","-0,08%"
"13.04.2018","3,4220","3,4125","3,4309","3,3965","","0,28%"
"12.04.2018","3,4124","3,3747","3,4201","3,3647","","1,16%"
"11.04.2018","3,3734","3,4058","3,4240","3,3720","","-1,04%"
"10.04.2018","3,4087","3,4218","3,4362","3,4005","","-0,29%"
"09.04.2018","3,4187","3,3690","3,4239","3,3632","","1,48%"
"06.04.2018","3,3689","3,3445","3,3808","3,3417","","0,75%"
"05.04.2018","3,3439","3,3309","3,3497","3,2954","","0,45%"
"04.04.2018","3,3290","3,3410","3,3685","3,3268","","-0,37%"
"03.04.2018","3,3412","3,3109","3,3447","3,3034","","0,95%"
"02.04.2018","3,3099","3,3045","3,3247","3,2970","","0,16%"
"30.03.2018","3,3046","3,3043","3,3051","3,3041","","-0,02%"
"29.03.2018","3,3054","3,3218","3,3294","3,2926","","-0,42%"
"28.03.2018","3,3195","3,3288","3,3467","3,3191","","-0,25%"
"27.03.2018","3,3278","3,3119","3,3367","3,3092","","0,50%"
"26.03.2018","3,3113","3,3141","3,3149","3,2926","","-0,02%"
"23.03.2018","3,3119","3,3155","3,3194","3,2935","","-0,10%"
"22.03.2018","3,3152","3,2728","3,3176","3,2713","","1,33%"
"21.03.2018","3,2717","3,3120","3,3125","3,2638","","-1,20%"
"20.03.2018","3,3114","3,2857","3,3123","3,2793","","0,79%"
"19.03.2018","3,2853","3,2786","3,2965","3,2786","","0,14%"
"16.03.2018","3,2807","3,2863","3,2997","3,2720","","-0,13%"
"15.03.2018","3,2849","3,2618","3,2977","3,2602","","0,77%"
"14.03.2018","3,2598","3,2610","3,2676","3,2462","","-0,01%"
"13.03.2018","3,2602","3,2619","3,2657","3,2374","","-0,02%"
"12.03.2018","3,2610","3,2553","3,2679","3,2499","","0,19%"
"09.03.2018","3,2548","3,2669","3,2710","3,2390","","-0,36%"
"08.03.2018","3,2664","3,2444","3,2699","3,2392","","0,66%"
"07.03.2018","3,2449","3,2117","3,2488","3,2095","","1,05%"
"06.03.2018","3,2112","3,2430","3,2435","3,2057","","-0,97%"
"05.03.2018","3,2425","3,2528","3,2640","3,2415","","-0,30%"
"02.03.2018","3,2523","3,2515","3,2672","3,2480","","0,04%"
"01.03.2018","3,2511","3,2462","3,2717","3,2383","","0,16%"
"28.02.2018","3,2458","3,2516","3,2537","3,2350","","-0,17%"
"27.02.2018","3,2512","3,2240","3,2556","3,2219","","0,80%"
"26.02.2018","3,2253","3,2379","3,2427","3,2222","","-0,37%"
"23.02.2018","3,2374","3,2502","3,2512","3,2322","","-0,38%"
"22.02.2018","3,2497","3,2692","3,2737","3,2419","","-0,57%"
"21.02.2018","3,2682","3,2565","3,2727","3,2419","","0,39%"
"20.02.2018","3,2554","3,2339","3,2615","3,2339","","0,66%"
"19.02.2018","3,2339","3,2315","3,2383","3,2218","","0,09%"
"16.02.2018","3,2310","3,2322","3,2481","3,2023","","0,11%"
"15.02.2018","3,2274","3,2195","3,2413","3,1982","","0,32%"
"14.02.2018","3,2172","3,2928","3,2974","3,2160","","-2,35%"
"13.02.2018","3,2947","3,2957","3,2957","3,2957","","-0,01%"
"12.02.2018","3,2949","3,2957","3,2957","3,2954","","0,03%"
"09.02.2018","3,2939","3,2858","3,3189","3,2673","","0,25%"
"08.02.2018","3,2857","3,2714","3,3034","3,2561","","0,44%"
"07.02.2018","3,2713","3,2480","3,2839","3,2376","","1,13%"
"06.02.2018","3,2347","3,2628","3,2787","3,2323","","-0,85%"
"05.02.2018","3,2624","3,2185","3,2659","3,2137","","1,38%"
"02.02.2018","3,2180","3,1671","3,2237","3,1671","","1,62%"
"01.02.2018","3,1668","3,1853","3,1969","3,1617","","-0,60%"
"31.01.2018","3,1858","3,1839","3,1955","3,1459","","0,15%"
"30.01.2018","3,1811","3,1550","3,1954","3,1482","","0,83%"
"29.01.2018","3,1549","3,1534","3,1723","3,1534","","0,13%"
"26.01.2018","3,1509","3,1481","3,1565","3,1197","","0,12%"
"25.01.2018","3,1470","3,1459","3,1485","3,1459","","0,02%"
"24.01.2018","3,1464","3,2375","3,2400","3,1348","","-2,80%"
"23.01.2018","3,2369","3,2038","3,2446","3,2019","","1,09%"
"22.01.2018","3,2020","3,1967","3,2115","3,1820","","0,18%"
"19.01.2018","3,1961","3,2082","3,2154","3,1940","","-0,32%"
"18.01.2018","3,2064","3,2240","3,2251","3,2015","","-0,54%"
"17.01.2018","3,2237","3,2266","3,2390","3,2117","","-0,02%"
"16.01.2018","3,2242","3,2168","3,2381","3,2118","","0,25%"
"15.01.2018","3,2162","3,2061","3,2213","3,1918","","0,31%"
"12.01.2018","3,2063","3,2161","3,2310","3,1994","","-0,28%"
"11.01.2018","3,2154","3,2283","3,2406","3,2120","","-0,39%"
"10.01.2018","3,2280","3,2518","3,2560","3,2255","","-0,62%"
"09.01.2018","3,2482","3,2413","3,2558","3,2295","","0,23%"
"08.01.2018","3,2406","3,2291","3,2453","3,2237","","0,37%"
"05.01.2018","3,2288","3,2347","3,2497","3,2263","","-0,17%"
"04.01.2018","3,2344","3,2372","3,2431","3,2218","","-0,08%"
"03.01.2018","3,2369","3,2590","3,2682","3,2322","","-0,67%"
"02.01.2018","3,2588","3,3136","3,3136","3,2571","","-1,61%"
"01.01.2018","3,3121","3,3121","3,3121","3,3121","","0,00%"
"29.12.2017","3,3121","3,3121","3,3121","3,3121","","0,00%"
"28.12.2017","3,3121","3,3150","3,3178","3,2950","","-0,08%"
"27.12.2017","3,3149","3,3106","3,3223","3,2920","","0,12%"
"26.12.2017","3,3110","3,3376","3,3376","3,3067","","-0,78%"
"25.12.2017","3,3369","3,3369","3,3369","3,3369","","0,00%"
"22.12.2017","3,3369","3,3101","3,3404","3,3037","","0,86%"
"21.12.2017","3,3083","3,2978","3,3177","3,2908","","0,32%"
"20.12.2017","3,2977","3,2910","3,3011","3,2812","","0,24%"
"19.12.2017","3,2899","3,2923","3,3084","3,2821","","-0,07%"
"18.12.2017","3,2922","3,2949","3,3015","3,2784","","-0,07%"
"15.12.2017","3,2946","3,3343","3,3379","3,2945","","-1,41%"
"14.12.2017","3,3418","3,3239","3,3483","3,3104","","0,96%"
"13.12.2017","3,3099","3,3070","3,3325","3,2880","","0,11%"
"12.12.2017","3,3064","3,3055","3,3340","3,2973","","0,05%"
"11.12.2017","3,3047","3,2912","3,3063","3,2729","","0,39%"
"08.12.2017","3,2918","3,2771","3,3112","3,2653","","0,04%"
"07.12.2017","3,2906","3,2480","3,3188","3,2472","","1,70%"
"06.12.2017","3,2356","3,2415","3,2499","3,2250","","-0,18%"
"05.12.2017","3,2414","3,2459","3,2470","3,2199","","-0,08%"
"04.12.2017","3,2441","3,2581","3,2628","3,2422","","-0,43%"
"01.12.2017","3,2580","3,2727","3,2853","3,2482","","-0,45%"
"30.11.2017","3,2726","3,2465","3,2887","3,2357","","0,82%"
"29.11.2017","3,2460","3,2132","3,2476","3,2005","","1,04%"
"28.11.2017","3,2127","3,2325","3,2327","3,2019","","-0,46%"
"27.11.2017","3,2277","3,2330","3,2338","3,2135","","-0,16%"
"24.11.2017","3,2329","3,2218","3,2365","3,2215","","0,34%"
"23.11.2017","3,2218","3,2243","3,2432","3,2188","","-0,07%"
"22.11.2017","3,2242","3,2569","3,2653","3,2215","","-1,06%"
"21.11.2017","3,2587","3,2593","3,2665","3,2392","","0,05%"
"20.11.2017","3,2572","3,2574","3,2574","3,2573","","0,00%"
"17.11.2017","3,2573","3,2726","3,2888","3,2548","","-0,51%"
"16.11.2017","3,2739","3,3132","3,3133","3,2683","","-1,19%"
"15.11.2017","3,3132","3,3133","3,3133","3,3133","","0,02%"
"14.11.2017","3,3127","3,2803","3,3180","3,2666","","1,02%"
"13.11.2017","3,2793","3,2823","3,3010","3,2762","","0,05%"
"10.11.2017","3,2778","3,2529","3,2845","3,2507","","0,79%"
"09.11.2017","3,2520","3,2548","3,2671","3,2363","","-0,08%"
"08.11.2017","3,2547","3,2723","3,2723","3,2403","","-0,51%"
"07.11.2017","3,2713","3,2495","3,2888","3,2495","","0,67%"
"06.11.2017","3,2494","3,3144","3,3144","3,2478","","-1,96%"
"03.11.2017","3,3142","3,2668","3,3355","3,2485","","1,44%"
"02.11.2017","3,2670","3,2674","3,2682","3,2672","","-0,01%"
"01.11.2017","3,2673","3,2728","3,2928","3,2567","","-0,16%"
"31.10.2017","3,2724","3,2888","3,3019","3,2644","","-0,50%"
"30.10.2017","3,2888","3,2367","3,2893","3,2347","","1,63%"
"27.10.2017","3,2360","3,2900","3,3031","3,2344","","-1,65%"
"26.10.2017","3,2903","3,2330","3,2979","3,2287","","1,78%"
"25.10.2017","3,2329","3,2440","3,2601","3,2286","","-0,32%"
"24.10.2017","3,2432","3,2388","3,2680","3,2240","","0,17%"
"23.10.2017","3,2376","3,1929","3,2390","3,1895","","1,42%"
"20.10.2017","3,1923","3,1671","3,1980","3,1665","","0,82%"
"19.10.2017","3,1663","3,1715","3,1793","3,1624","","-0,14%"
"18.10.2017","3,1706","3,1578","3,1817","3,1556","","0,41%"
"17.10.2017","3,1575","3,1712","3,1838","3,1579","","-0,42%"
"16.10.2017","3,1707","3,1450","3,1738","3,1437","","0,83%"
"13.10.2017","3,1447","3,1725","3,1802","3,1439","","-0,78%"
"12.10.2017","3,1695","3,1717","3,1726","3,1702","","-0,09%"
"11.10.2017","3,1722","3,1797","3,1799","3,1600","","-0,22%"
"10.10.2017","3,1791","3,1887","3,1891","3,1618","","-0,29%"
"09.10.2017","3,1882","3,1558","3,1898","3,1553","","1,03%"
"06.10.2017","3,1558","3,1547","3,1784","3,1496","","0,06%"
"05.10.2017","3,1539","3,1316","3,1563","3,1241","","0,61%"
"04.10.2017","3,1349","3,1456","3,1456","3,1220","","-0,24%"
"03.10.2017","3,1425","3,1546","3,1657","3,1412","","-0,36%"
"02.10.2017","3,1538","3,1641","3,1787","3,1512","","-0,24%"
"29.09.2017","3,1614","3,1823","3,1907","3,1562","","-0,65%"
"28.09.2017","3,1822","3,1933","3,2004","3,1772","","-0,34%"
"27.09.2017","3,1929","3,1670","3,1986","3,1665","","0,85%"
"26.09.2017","3,1661","3,1591","3,1752","3,1524","","0,22%"
"25.09.2017","3,1593","3,1324","3,1618","3,1260","","1,12%"
"22.09.2017","3,1243","3,1377","3,1390","3,1220","","-0,40%"
"21.09.2017","3,1369","3,1327","3,1470","3,1253","","0,16%"
"20.09.2017","3,1320","3,1355","3,1396","3,1136","","-0,08%"
"19.09.2017","3,1346","3,1361","3,1403","3,1248","","-0,04%"
"18.09.2017","3,1360","3,1108","3,1384","3,1080","","0,90%"
"15.09.2017","3,1079","3,1195","3,1325","3,1083","","-0,32%"
"14.09.2017","3,1179","3,1350","3,1504","3,1122","","-0,54%"
"13.09.2017","3,1349","3,1252","3,1446","3,1224","","0,33%"
"12.09.2017","3,1245","3,1028","3,1385","3,1026","","0,72%"
"11.09.2017","3,1023","3,0905","3,1082","3,0790","","0,51%"
"08.09.2017","3,0865","3,0855","3,0998","3,0820","","-0,39%"
"07.09.2017","3,0985","3,0998","3,0998","3,0988","","-0,04%"
"06.09.2017","3,0996","3,1169","3,1210","3,0984","","-0,54%"
"05.09.2017","3,1163","3,1410","3,1418","3,1116","","-0,79%"
"04.09.2017","3,1412","3,1410","3,1452","3,1327","","0,01%"
"01.09.2017","3,1409","3,1472","3,1486","3,1224","","-0,21%"
"31.08.2017","3,1474","3,1601","3,1702","3,1372","","-0,39%"
"30.08.2017","3,1596","3,1652","3,1764","3,1556","","-0,15%"
"29.08.2017","3,1644","3,1673","3,1767","3,1581","","-0,06%"
"28.08.2017","3,1664","3,1587","3,1675","3,1482","","0,22%"
"25.08.2017","3,1595","3,1481","3,1629","3,1353","","0,39%"
"24.08.2017","3,1473","3,1412","3,1506","3,1328","","0,22%"
"23.08.2017","3,1405","3,1612","3,1705","3,1337","","-0,62%"
"22.08.2017","3,1602","3,1643","3,1908","3,1461","","-0,13%"
"21.08.2017","3,1642","3,1493","3,1726","3,1364","","0,57%"
"18.08.2017","3,1462","3,1749","3,1763","3,1405","","-0,88%"
"17.08.2017","3,1741","3,1527","3,1819","3,1521","","0,71%"
"16.08.2017","3,1518","3,1690","3,1782","3,1453","","-0,55%"
"15.08.2017","3,1692","3,1892","3,2062","3,1658","","-0,61%"
"14.08.2017","3,1885","3,1761","3,2060","3,1733","","-0,15%"
"11.08.2017","3,1934","3,1755","3,2207","3,1551","","0,57%"
"10.08.2017","3,1754","3,1557","3,1787","3,1469","","0,63%"
"09.08.2017","3,1556","3,1272","3,1590","3,1266","","0,93%"
"08.08.2017","3,1266","3,1265","3,1385","3,1190","","0,02%"
"07.08.2017","3,1261","3,1316","3,1348","3,1205","","-0,14%"
"04.08.2017","3,1305","3,1125","3,1334","3,1078","","0,58%"
"03.08.2017","3,1123","3,1134","3,1274","3,1101","","-0,03%"
"02.08.2017","3,1131","3,1264","3,1383","3,1128","","-0,39%"
"01.08.2017","3,1254","3,1270","3,1307","3,1074","","-0,02%"
"31.07.2017","3,1259","3,1330","3,1444","3,1139","","-0,18%"
"28.07.2017","3,1316","3,1530","3,1603","3,1289","","-0,66%"
"27.07.2017","3,1524","3,1384","3,1598","3,1384","","0,44%"
"26.07.2017","3,1385","3,1729","3,1775","3,1352","","-1,06%"
"25.07.2017","3,1722","3,1472","3,1737","3,1364","","0,85%"
"24.07.2017","3,1455","3,1400","3,1529","3,1330","","0,12%"
"21.07.2017","3,1416","3,1203","3,1457","3,1102","","0,67%"
"20.07.2017","3,1206","3,1492","3,1564","3,1186","","-0,89%"
"19.07.2017","3,1486","3,1559","3,1641","3,1445","","-0,18%"
"18.07.2017","3,1542","3,1834","3,1842","3,1533","","-0,90%"
"17.07.2017","3,1828","3,1805","3,1880","3,1760","","0,11%"
"14.07.2017","3,1794","3,2123","3,2123","3,1781","","-1,06%"
"13.07.2017","3,2134","3,2086","3,2219","3,2024","","0,19%"
"12.07.2017","3,2072","3,2546","3,2548","3,2049","","-1,44%"
"11.07.2017","3,2542","3,2557","3,2697","3,2461","","-0,02%"
"10.07.2017","3,2548","3,2800","3,2814","3,2546","","-0,78%"
"07.07.2017","3,2803","3,2987","3,3064","3,2675","","-0,47%"
"06.07.2017","3,2959","3,2889","3,3213","3,2883","","0,23%"
"05.07.2017","3,2883","3,3098","3,3310","3,2887","","-0,63%"
"04.07.2017","3,3090","3,3021","3,3110","3,2985","","0,26%"
"03.07.2017","3,3003","3,3190","3,3240","3,2931","","-0,18%"
"30.06.2017","3,3063","3,3043","3,3166","3,2860","","0,09%"
"29.06.2017","3,3033","3,2808","3,3147","3,2704","","0,73%"
"28.06.2017","3,2795","3,3135","3,3147","3,2784","","-1,00%"
"27.06.2017","3,3125","3,2975","3,3343","3,2964","","0,50%"
"26.06.2017","3,2961","3,3444","3,3444","3,2951","","-1,39%"
"23.06.2017","3,3427","3,3415","3,3445","3,3261","","0,04%"
"22.06.2017","3,3415","3,3350","3,3498","3,3221","","0,16%"
"21.06.2017","3,3360","3,3270","3,3378","3,3143","","0,29%"
"20.06.2017","3,3264","3,2825","3,3438","3,2825","","1,34%"
"19.06.2017","3,2824","3,2901","3,3148","3,2801","","-0,31%"
"16.06.2017","3,2925","3,2898","3,2971","3,2781","","0,57%"
"15.06.2017","3,2740","3,2736","3,2751","3,2736","","0,00%"
"14.06.2017","3,2739","3,3155","3,3164","3,2639","","-1,22%"
"13.06.2017","3,3145","3,3182","3,3338","3,2968","","-0,10%"
"12.06.2017","3,3179","3,2971","3,3271","3,2748","","0,67%"
"09.06.2017","3,2959","3,2618","3,2986","3,2553","","1,08%"
"08.06.2017","3,2607","3,2695","3,2893","3,2610","","-0,24%"
"07.06.2017","3,2685","3,2777","3,2866","3,2647","","-0,27%"
"06.06.2017","3,2772","3,2970","3,3020","3,2725","","-0,59%"
"05.06.2017","3,2967","3,2464","3,2977","3,2464","","1,52%"
"02.06.2017","3,2472","3,2506","3,2591","3,2199","","-0,07%"
"01.06.2017","3,2495","3,2266","3,2549","3,2146","","0,72%"
"31.05.2017","3,2262","3,2580","3,2600","3,2245","","-0,95%"
"30.05.2017","3,2572","3,2567","3,2722","3,2542","","0,04%"
"29.05.2017","3,2560","3,2659","3,2768","3,2564","","-0,12%"
"26.05.2017","3,2598","3,2749","3,2767","3,2518","","-0,40%"
"25.05.2017","3,2729","3,2770","3,2990","3,2613","","-0,14%"
"24.05.2017","3,2774","3,2695","3,2880","3,2477","","0,23%"
"23.05.2017","3,2700","3,2668","3,2897","3,2548","","0,14%"
"22.05.2017","3,2653","3,2533","3,3192","3,2526","","0,39%"
"19.05.2017","3,2527","3,3708","3,3736","3,2419","","-3,38%"
"18.05.2017","3,3665","3,1371","3,4246","3,1349","","7,29%"
"17.05.2017","3,1378","3,0956","3,1411","3,0952","","1,35%"
"16.05.2017","3,0961","3,1110","3,1113","3,0873","","-0,46%"
"15.05.2017","3,1105","3,1228","3,1260","3,0957","","-0,33%"
"12.05.2017","3,1209","3,1374","3,1506","3,1161","","-0,61%"
"11.05.2017","3,1399","3,1681","3,1685","3,1369","","-0,84%"
"10.05.2017","3,1666","3,1905","3,1909","3,1514","","-0,72%"
"09.05.2017","3,1896","3,1994","3,1997","3,1783","","-0,23%"
"08.05.2017","3,1970","3,1750","3,2070","3,1750","","0,65%"
"05.05.2017","3,1762","3,1895","3,1962","3,1675","","-0,37%"
"04.05.2017","3,1880","3,1661","3,1956","3,1609","","0,75%"
"03.05.2017","3,1644","3,1515","3,1679","3,1407","","0,41%"
"02.05.2017","3,1514","3,1765","3,1962","3,1462","","-0,76%"
"01.05.2017","3,1755","3,1748","3,1769","3,1762","","-0,01%"
"28.04.2017","3,1758","3,1833","3,2146","3,1697","","-0,23%"
"27.04.2017","3,1832","3,1728","3,1890","3,1550","","0,38%"
"26.04.2017","3,1710","3,1471","3,2076","3,1429","","0,80%"
"25.04.2017","3,1459","3,1280","3,1703","3,1265","","0,60%"
"24.04.2017","3,1271","3,1500","3,1500","3,1177","","-0,65%"
"21.04.2017","3,1475","3,1485","3,1490","3,1479","","-0,03%"
"20.04.2017","3,1483","3,1518","3,1707","3,1324","","-0,10%"
"19.04.2017","3,1514","3,1077","3,1543","3,1074","","1,42%"
"18.04.2017","3,1072","3,0983","3,1237","3,0876","","0,30%"
"17.04.2017","3,0979","3,1448","3,1480","3,0932","","-1,47%"
"14.04.2017","3,1440","3,1441","3,1453","3,1425","","0,01%"
"13.04.2017","3,1437","3,1258","3,1495","3,1144","","0,60%"
"12.04.2017","3,1251","3,1378","3,1594","3,1198","","-0,35%"
"11.04.2017","3,1360","3,1320","3,1554","3,1248","","0,16%"
"10.04.2017","3,1311","3,1462","3,1502","3,1297","","-0,46%"
"07.04.2017","3,1457","3,1427","3,1592","3,1184","","0,12%"
"06.04.2017","3,1420","3,1203","3,1515","3,1060","","0,73%"
"05.04.2017","3,1192","3,0930","3,1254","3,0800","","0,86%"
"04.04.2017","3,0927","3,1147","3,1407","3,0918","","-0,68%"
"03.04.2017","3,1138","3,1233","3,1349","3,1093","","-0,29%"
"31.03.2017","3,1230","3,1491","3,1788","3,1216","","-0,80%"
"30.03.2017","3,1483","3,1200","3,1524","3,1167","","0,93%"
"29.03.2017","3,1193","3,1412","3,1422","3,1121","","-0,65%"
"28.03.2017","3,1398","3,1265","3,1452","3,1224","","0,45%"
"27.03.2017","3,1256","3,1078","3,1399","3,1075","","0,59%"
"24.03.2017","3,1073","3,1397","3,1506","3,1041","","-0,99%"
"23.03.2017","3,1383","3,0875","3,1449","3,0862","","1,66%"
"22.03.2017","3,0870","3,0885","3,1099","3,0801","","-0,03%"
"21.03.2017","3,0878","3,0724","3,0948","3,0597","","0,51%"
"20.03.2017","3,0720","3,0918","3,1162","3,0673","","-0,62%"
"17.03.2017","3,0911","3,1187","3,1279","3,0873","","-0,86%"
"16.03.2017","3,1180","3,1030","3,1232","3,0924","","0,47%"
"15.03.2017","3,1033","3,1683","3,1780","3,0974","","-2,05%"
"14.03.2017","3,1683","3,1528","3,1827","3,1502","","0,51%"
"13.03.2017","3,1523","3,1395","3,1607","3,1289","","0,46%"
"10.03.2017","3,1380","3,1929","3,1954","3,1381","","-1,72%"
"09.03.2017","3,1929","3,1631","3,1986","3,1601","","0,96%"
"08.03.2017","3,1624","3,1197","3,1814","3,1194","","1,40%"
"07.03.2017","3,1187","3,1386","3,1405","3,1114","","-0,62%"
"06.03.2017","3,1383","3,1158","3,1395","3,1002","","0,77%"
"03.03.2017","3,1143","3,1566","3,1626","3,1109","","-1,32%"
"02.03.2017","3,1560","3,0900","3,1589","3,0900","","2,17%"
"01.03.2017","3,0890","3,1095","3,1234","3,0896","","-0,63%"
"28.02.2017","3,1086","3,1090","3,1091","3,1090","","0,00%"
"27.02.2017","3,1085","3,1110","3,1110","3,1088","","-0,05%"
"24.02.2017","3,1100","3,0617","3,1190","3,0595","","1,67%"
"23.02.2017","3,0590","3,0640","3,0797","3,0517","","-0,13%"
"22.02.2017","3,0630","3,0955","3,0980","3,0597","","-1,03%"
"21.02.2017","3,0949","3,0870","3,1089","3,0853","","0,29%"
"20.02.2017","3,0860","3,1010","3,1067","3,0824","","-0,56%"
"17.02.2017","3,1035","3,0860","3,1091","3,0787","","0,47%"
"16.02.2017","3,0889","3,0575","3,0909","3,0387","","1,06%"
"15.02.2017","3,0565","3,0850","3,0961","3,0538","","-0,89%"
"14.02.2017","3,0840","3,1115","3,1278","3,0822","","-0,87%"
"13.02.2017","3,1110","3,1138","3,1239","3,1075","","-0,11%"
"10.02.2017","3,1145","3,1302","3,1310","3,1052","","-0,49%"
"09.02.2017","3,1299","3,1175","3,1338","3,1135","","0,41%"
"08.02.2017","3,1170","3,1205","3,1302","3,1125","","-0,10%"
"07.02.2017","3,1200","3,1160","3,1373","3,1154","","0,14%"
"06.02.2017","3,1155","3,1190","3,1278","3,1048","","-0,06%"
"03.02.2017","3,1174","3,1240","3,1393","3,1045","","-0,20%"
"02.02.2017","3,1235","3,1295","3,1304","3,1075","","-0,16%"
"01.02.2017","3,1285","3,1515","3,1634","3,1270","","-0,70%"
"31.01.2017","3,1507","3,1270","3,1569","3,1016","","0,81%"
"30.01.2017","3,1255","3,1396","3,1534","3,1128","","-0,46%"
"27.01.2017","3,1400","3,1780","3,1823","3,1391","","-1,18%"
"26.01.2017","3,1775","3,1702","3,1947","3,1613","","0,25%"
"25.01.2017","3,1697","3,1697","3,1697","3,1697","","0,00%"
"24.01.2017","3,1697","3,1625","3,1755","3,1581","","0,22%"
"23.01.2017","3,1628","3,1690","3,1837","3,1537","","-0,18%"
"20.01.2017","3,1685","3,2002","3,2047","3,1690","","-0,86%"
"19.01.2017","3,1960","3,2315","3,2350","3,1930","","-1,07%"
"18.01.2017","3,2307","3,2149","3,2321","3,2134","","0,60%"
"17.01.2017","3,2113","3,2418","3,2418","3,1961","","-0,93%"
"16.01.2017","3,2415","3,2246","3,2449","3,2169","","0,65%"
"13.01.2017","3,2205","3,1881","3,2241","3,1795","","1,03%"
"12.01.2017","3,1878","3,1975","3,2001","3,1526","","-0,27%"
"11.01.2017","3,1965","3,1955","3,2306","3,1772","","0,03%"
"10.01.2017","3,1955","3,1961","3,2018","3,1809","","-0,04%"
"09.01.2017","3,1967","3,2245","3,2319","3,1898","","-0,84%"
"06.01.2017","3,2239","3,1980","3,2245","3,1876","","0,78%"
"05.01.2017","3,1988","3,2163","3,2298","3,1932","","-0,53%"
"04.01.2017","3,2160","3,2523","3,2523","3,2104","","-1,48%"
"03.01.2017","3,2644","3,2817","3,2926","3,2464","","-0,63%"
"02.01.2017","3,2851","3,2547","3,2891","3,2520","","0,98%"
"30.12.2016","3,2532","3,2532","3,2532","3,2532","","0,00%"
"29.12.2016","3,2532","3,2820","3,2825","3,2408","","-0,94%"
"28.12.2016","3,2840","3,2712","3,2963","3,2629","","0,44%"
"27.12.2016","3,2697","3,2770","3,2905","3,2676","","-0,19%"
"26.12.2016","3,2760","3,2710","3,2859","3,2638","","0,17%"
"23.12.2016","3,2705","3,2875","3,2931","3,2578","","-0,49%"
"22.12.2016","3,2865","3,3280","3,3481","3,2860","","-1,20%"
"21.12.2016","3,3265","3,3590","3,3590","3,3217","","-0,81%"
"20.12.2016","3,3536","3,3650","3,3786","3,3399","","-0,32%"
"19.12.2016","3,3645","3,3920","3,4038","3,3605","","-0,80%"
"16.12.2016","3,3915","3,3720","3,4125","3,3426","","0,67%"
"15.12.2016","3,3690","3,3705","3,4087","3,3626","","0,00%"
"14.12.2016","3,3690","3,3362","3,3728","3,3017","","1,03%"
"13.12.2016","3,3345","3,3388","3,3653","3,3172","","-0,10%"
"12.12.2016","3,3380","3,3785","3,4085","3,3355","","-1,15%"
"09.12.2016","3,3770","3,3755","3,4117","3,3517","","0,06%"
"08.12.2016","3,3750","3,3830","3,4181","3,3698","","-0,22%"
"07.12.2016","3,3825","3,4080","3,4205","3,3767","","-0,73%"
"06.12.2016","3,4075","3,4218","3,4669","3,3940","","-0,37%"
"05.12.2016","3,4201","3,4755","3,4813","3,4175","","-1,58%"
"02.12.2016","3,4750","3,4720","3,4927","3,4443","","0,14%"
"01.12.2016","3,4703","3,3854","3,4802","3,3815","","2,59%"
"30.11.2016","3,3827","3,3998","3,4574","3,3756","","-0,44%"
"29.11.2016","3,3975","3,3857","3,4144","3,3793","","0,39%"
"28.11.2016","3,3844","3,4225","3,4237","3,3815","","-1,06%"
"25.11.2016","3,4208","3,3917","3,4683","3,3909","","0,89%"
"24.11.2016","3,3905","3,3944","3,4379","3,3822","","-0,07%"
"23.11.2016","3,3930","3,3546","3,4204","3,3524","","1,16%"
"22.11.2016","3,3540","3,3527","3,3913","3,3277","","0,09%"
"21.11.2016","3,3511","3,3838","3,3847","3,3399","","-0,93%"
"18.11.2016","3,3825","3,4181","3,4429","3,3716","","-1,03%"
"17.11.2016","3,4178","3,4200","3,4531","3,3867","","-0,04%"
"16.11.2016","3,4190","3,4405","3,4457","3,4027","","-0,58%"
"15.11.2016","3,4389","3,4331","3,4457","3,4320","","0,21%"
"14.11.2016","3,4316","3,3932","3,4746","3,3893","","1,23%"
"11.11.2016","3,3900","3,3889","3,5080","3,3706","","0,15%"
"10.11.2016","3,3849","3,2186","3,3963","3,2088","","5,26%"
"09.11.2016","3,2157","3,1695","3,2493","3,1650","","1,51%"
"08.11.2016","3,1680","3,2012","3,2153","3,1621","","-1,02%"
"07.11.2016","3,2005","3,2348","3,2366","3,1876","","-0,98%"
"04.11.2016","3,2322","3,2423","3,2640","3,2162","","-0,27%"
"03.11.2016","3,2410","3,2358","3,2565","3,2198","","0,20%"
"02.11.2016","3,2344","3,2367","3,2425","3,2355","","-0,03%"
"01.11.2016","3,2355","3,1891","3,2550","3,1777","","1,50%"
"31.10.2016","3,1878","3,2045","3,2065","3,1628","","-0,54%"
"28.10.2016","3,2050","3,1707","3,2072","3,1573","","1,15%"
"27.10.2016","3,1686","3,1409","3,1740","3,1276","","0,93%"
"26.10.2016","3,1394","3,1142","3,1534","3,1110","","0,83%"
"25.10.2016","3,1136","3,1243","3,1373","3,1017","","-0,30%"
"24.10.2016","3,1231","3,1515","3,1540","3,1140","","-0,84%"
"21.10.2016","3,1496","3,1433","3,1691","3,1370","","0,25%"
"20.10.2016","3,1418","3,1699","3,1737","3,1340","","-0,83%"
"19.10.2016","3,1682","3,1878","3,1980","3,1636","","-0,60%"
"18.10.2016","3,1873","3,2023","3,2068","3,1738","","-0,42%"
"17.10.2016","3,2007","3,2066","3,2168","3,1885","","-0,09%"
"14.10.2016","3,2036","3,1780","3,2081","3,1639","","0,84%"
"13.10.2016","3,1770","3,2026","3,2188","3,1760","","-0,75%"
"12.10.2016","3,2010","3,1965","3,2047","3,1948","","0,20%"
"11.10.2016","3,1946","3,2066","3,2268","3,1939","","-0,32%"
"10.10.2016","3,2050","3,2227","3,2238","3,1975","","-0,43%"
"07.10.2016","3,2190","3,2283","3,2419","3,1912","","-0,33%"
"06.10.2016","3,2295","3,2202","3,2445","3,2173","","0,32%"
"05.10.2016","3,2191","3,2579","3,2615","3,2170","","-1,14%"
"04.10.2016","3,2563","3,2094","3,2615","3,2062","","1,47%"
"03.10.2016","3,2090","3,2631","3,2640","3,1980","","-1,53%"
"30.09.2016","3,2589","3,2592","3,2630","3,2297","","0,03%"
"29.09.2016","3,2580","3,2183","3,2702","3,2137","","1,32%"
"28.09.2016","3,2157","3,2352","3,2555","3,2126","","-0,55%"
"27.09.2016","3,2335","3,2398","3,2482","3,2185","","-0,18%"
"26.09.2016","3,2392","3,2451","3,2531","3,2236","","-0,14%"
"23.09.2016","3,2438","3,2211","3,2518","3,2016","","0,74%"
"22.09.2016","3,2199","3,2070","3,2285","3,1809","","0,45%"
"21.09.2016","3,2056","3,2589","3,2605","3,2051","","-1,60%"
"20.09.2016","3,2576","3,2728","3,2756","3,2451","","-0,46%"
"19.09.2016","3,2725","3,2625","3,2787","3,2516","","0,34%"
"16.09.2016","3,2615","3,3019","3,3202","3,2602","","-1,22%"
"15.09.2016","3,3019","3,3448","3,3678","3,2926","","-1,20%"
"14.09.2016","3,3420","3,3132","3,3501","3,2977","","0,87%"
"13.09.2016","3,3131","3,2457","3,3336","3,2430","","2,09%"
"12.09.2016","3,2452","3,2732","3,3100","3,2409","","-0,82%"
"09.09.2016","3,2720","3,2095","3,2848","3,2093","","1,82%"
"08.09.2016","3,2134","3,1930","3,2197","3,1650","","0,69%"
"07.09.2016","3,1915","3,1968","3,2032","3,1928","","-0,08%"
"06.09.2016","3,1940","3,2828","3,2839","3,1941","","-2,68%"
"05.09.2016","3,2820","3,2573","3,2858","3,2467","","0,81%"
"02.09.2016","3,2555","3,2584","3,2708","3,2238","","-0,07%"
"01.09.2016","3,2578","3,2262","3,2640","3,2189","","0,97%"
"31.08.2016","3,2266","3,2412","3,2569","3,2155","","-0,44%"
"30.08.2016","3,2410","3,2299","3,2642","3,2179","","0,36%"
"29.08.2016","3,2293","3,2665","3,2908","3,2294","","-1,07%"
"26.08.2016","3,2641","3,2367","3,2786","3,1890","","0,87%"
"25.08.2016","3,2361","3,2256","3,2423","3,2157","","0,36%"
"24.08.2016","3,2246","3,2340","3,2501","3,2181","","-0,24%"
"23.08.2016","3,2325","3,2015","3,2375","3,1842","","1,00%"
"22.08.2016","3,2005","3,2071","3,2276","3,1970","","-0,06%"
"19.08.2016","3,2025","3,2392","3,2505","3,2029","","-1,11%"
"18.08.2016","3,2383","3,2042","3,2461","3,1995","","1,10%"
"17.08.2016","3,2032","3,2024","3,2356","3,1978","","0,06%"
"16.08.2016","3,2014","3,1861","3,2060","3,1556","","0,50%"
"15.08.2016","3,1856","3,1920","3,1939","3,1562","","-0,19%"
"12.08.2016","3,1917","3,1439","3,1948","3,1392","","1,49%"
"11.08.2016","3,1447","3,1269","3,1548","3,1234","","0,58%"
"10.08.2016","3,1266","3,1457","3,1509","3,1127","","-0,58%"
"09.08.2016","3,1448","3,1753","3,1763","3,1276","","-0,92%"
"08.08.2016","3,1741","3,1651","3,1903","3,1592","","0,30%"
"05.08.2016","3,1645","3,1935","3,1993","3,1594","","-0,91%"
"04.08.2016","3,1935","3,2380","3,2411","3,1909","","-1,33%"
"03.08.2016","3,2367","3,2571","3,2928","3,2367","","-0,62%"
"02.08.2016","3,2568","3,2645","3,2726","3,2376","","-0,23%"
"01.08.2016","3,2644","3,2496","3,2767","3,2466","","0,53%"
"29.07.2016","3,2471","3,2892","3,2928","3,2274","","-1,26%"
"28.07.2016","3,2884","3,2633","3,2990","3,2547","","0,77%"
"27.07.2016","3,2633","3,2766","3,2962","3,2599","","-0,39%"
"26.07.2016","3,2762","3,2864","3,2943","3,2650","","-0,25%"
"25.07.2016","3,2845","3,2568","3,2973","3,2550","","0,87%"
"22.07.2016","3,2563","3,2723","3,2972","3,2539","","-0,45%"
"21.07.2016","3,2710","3,2592","3,2890","3,2423","","0,37%"
"20.07.2016","3,2588","3,2486","3,2638","3,2385","","0,31%"
"19.07.2016","3,2488","3,2535","3,2855","3,2484","","-0,10%"
"18.07.2016","3,2522","3,2777","3,2845","3,2460","","-0,87%"
"15.07.2016","3,2808","3,2534","3,2849","3,2425","","0,94%"
"14.07.2016","3,2501","3,2638","3,2676","3,2168","","-0,40%"
"13.07.2016","3,2630","3,2964","3,3085","3,2638","","-0,96%"
"12.07.2016","3,2945","3,3108","3,3125","3,2646","","-0,42%"
"11.07.2016","3,3085","3,3002","3,3195","3,2917","","0,27%"
"08.07.2016","3,2995","3,3678","3,3691","3,2822","","-2,00%"
"07.07.2016","3,3668","3,3317","3,3712","3,3204","","1,12%"
"06.07.2016","3,3296","3,3030","3,3442","3,2992","","0,84%"
"05.07.2016","3,3019","3,2697","3,3063","3,2690","","1,00%"
"04.07.2016","3,2692","3,2341","3,2711","3,2300","","1,06%"
"01.07.2016","3,2348","3,2137","3,2484","3,1960","","0,69%"
"30.06.2016","3,2126","3,2227","3,2483","3,1824","","-0,28%"
"29.06.2016","3,2215","3,3033","3,3096","3,2184","","-2,43%"
"28.06.2016","3,3016","3,3920","3,3957","3,2987","","-2,65%"
"27.06.2016","3,3916","3,3727","3,4165","3,3663","","0,57%"
"24.06.2016","3,3725","3,3379","3,4497","3,3319","","1,05%"
"23.06.2016","3,3376","3,3768","3,3807","3,3364","","-1,13%"
"22.06.2016","3,3756","3,4158","3,4179","3,3674","","-1,16%"
"21.06.2016","3,4153","3,3945","3,4174","3,3553","","0,65%"
"20.06.2016","3,3934","3,4178","3,4181","3,3743","","-0,66%"
"17.06.2016","3,4158","3,4662","3,4674","3,4149","","-1,44%"
"16.06.2016","3,4656","3,4746","3,5112","3,4620","","-0,20%"
"15.06.2016","3,4726","3,4808","3,5013","3,4448","","-0,22%"
"14.06.2016","3,4802","3,4835","3,5159","3,4569","","-0,04%"
"13.06.2016","3,4817","3,4205","3,4884","3,4138","","1,88%"
"10.06.2016","3,4175","3,3990","3,4482","3,3950","","0,53%"
"09.06.2016","3,3995","3,3629","3,4057","3,3566","","1,13%"
"08.06.2016","3,3615","3,4421","3,4465","3,3590","","-2,31%"
"07.06.2016","3,4410","3,4895","3,5136","3,4411","","-1,36%"
"06.06.2016","3,4885","3,5280","3,5292","3,4845","","-1,00%"
"03.06.2016","3,5237","3,5925","3,5955","3,5220","","-1,89%"
"02.06.2016","3,5916","3,6010","3,6162","3,5775","","-0,22%"
"01.06.2016","3,5996","3,6095","3,6360","3,5770","","-0,30%"
"31.05.2016","3,6105","3,5715","3,6386","3,5545","","1,13%"
"30.05.2016","3,5700","3,6125","3,6163","3,5680","","-1,12%"
"27.05.2016","3,6105","3,5839","3,6300","3,5807","","0,82%"
"26.05.2016","3,5810","3,5836","3,5857","3,5769","","-0,06%"
"25.05.2016","3,5833","3,5713","3,6222","3,5516","","0,36%"
"24.05.2016","3,5703","3,5732","3,5902","3,5420","","-0,05%"
"23.05.2016","3,5722","3,5200","3,5894","3,5136","","1,50%"
"20.05.2016","3,5195","3,5648","3,5668","3,5162","","-1,22%"
"19.05.2016","3,5631","3,5681","3,6192","3,5518","","-0,11%"
"18.05.2016","3,5670","3,4887","3,5695","3,4867","","2,29%"
"17.05.2016","3,4873","3,4994","3,5290","3,4819","","-0,33%"
"16.05.2016","3,4988","3,5324","3,5356","3,4949","","-0,95%"
"13.05.2016","3,5325","3,4855","3,5343","3,4645","","1,38%"
"12.05.2016","3,4845","3,4529","3,5066","3,4349","","0,96%"
"11.05.2016","3,4513","3,4761","3,4825","3,4398","","-0,69%"
"10.05.2016","3,4753","3,5170","3,5183","3,4628","","-1,14%"
"09.05.2016","3,5152","3,5025","3,6762","3,4913","","0,41%"
"06.05.2016","3,5008","3,5347","3,5737","3,4938","","-0,95%"
"05.05.2016","3,5343","3,5472","3,5520","3,5070","","-0,34%"
"04.05.2016","3,5462","3,5572","3,5730","3,5252","","-0,34%"
"03.05.2016","3,5584","3,5004","3,5824","3,4989","","1,65%"
"02.05.2016","3,5006","3,4364","3,5088","3,4338","","1,90%"
"29.04.2016","3,4352","3,4879","3,4978","3,4288","","-1,50%"
"28.04.2016","3,4875","3,5270","3,5293","3,4808","","-1,10%"
"27.04.2016","3,5262","3,5287","3,5563","3,5112","","-0,07%"
"26.04.2016","3,5288","3,5583","3,5595","3,5176","","-0,72%"
"25.04.2016","3,5543","3,5657","3,5703","3,5387","","-0,27%"
"22.04.2016","3,5638","3,5386","3,6004","3,5263","","0,75%"
"21.04.2016","3,5371","3,5295","3,5386","3,5237","","0,25%"
"20.04.2016","3,5284","3,5300","3,5673","3,5239","","-0,12%"
"19.04.2016","3,5326","3,6150","3,6171","3,5237","","-2,27%"
"18.04.2016","3,6147","3,5315","3,6191","3,4714","","2,33%"
"15.04.2016","3,5325","3,4820","3,5600","3,4682","","1,44%"
"14.04.2016","3,4824","3,4983","3,5331","3,4577","","-0,43%"
"13.04.2016","3,4974","3,4887","3,5640","3,4712","","0,15%"
"12.04.2016","3,4920","3,4915","3,5633","3,4772","","0,02%"
"11.04.2016","3,4912","3,5876","3,5919","3,4866","","-2,71%"
"08.04.2016","3,5886","3,6901","3,6915","3,5865","","-2,72%"
"07.04.2016","3,6890","3,6415","3,7191","3,6391","","1,35%"
"06.04.2016","3,6398","3,6804","3,7098","3,6331","","-1,08%"
"05.04.2016","3,6795","3,6233","3,6863","3,6198","","1,57%"
"04.04.2016","3,6228","3,5536","3,6292","3,5464","","1,98%"
"01.04.2016","3,5525","3,5910","3,6234","3,5352","","-1,11%"
"31.03.2016","3,5925","3,6017","3,6341","3,5318","","-0,18%"
"30.03.2016","3,5988","3,6384","3,6497","3,5968","","-1,07%"
"29.03.2016","3,6379","3,6275","3,6773","3,6234","","0,30%"
"28.03.2016","3,6270","3,6871","3,6891","3,6203","","-1,52%"
"25.03.2016","3,6830","3,6781","3,6848","3,6772","","0,20%"
"24.03.2016","3,6756","3,6855","3,7219","3,6768","","-0,23%"
"23.03.2016","3,6841","3,5810","3,6869","3,5773","","2,89%"
"22.03.2016","3,5806","3,6181","3,6528","3,5748","","-0,99%"
"21.03.2016","3,6165","3,6245","3,6489","3,5991","","-0,17%"
"18.03.2016","3,6225","3,6253","3,6755","3,5723","","-0,09%"
"17.03.2016","3,6258","3,7423","3,7455","3,6027","","-3,09%"
"16.03.2016","3,7414","3,7658","3,8534","3,7309","","-0,60%"
"15.03.2016","3,7641","3,6623","3,7805","3,6543","","2,83%"
"14.03.2016","3,6605","3,5828","3,6629","3,5770","","2,22%"
"11.03.2016","3,5811","3,6219","3,6689","3,5725","","-1,07%"
"10.03.2016","3,6200","3,6850","3,7094","3,6079","","-1,72%"
"09.03.2016","3,6834","3,7558","3,7572","3,6799","","-1,88%"
"08.03.2016","3,7541","3,7841","3,8031","3,7326","","-0,72%"
"07.03.2016","3,7815","3,7588","3,7974","3,7344","","0,61%"
"04.03.2016","3,7586","3,7990","3,8010","3,6540","","-1,03%"
"03.03.2016","3,7976","3,8945","3,8995","3,7763","","-2,42%"
"02.03.2016","3,8917","3,9278","3,9418","3,8838","","-0,87%"
"01.03.2016","3,9260","4,0172","4,0225","3,9258","","-2,23%"
"29.02.2016","4,0156","3,9948","4,0236","3,9499","","0,58%"
"26.02.2016","3,9925","3,9559","4,0183","3,9304","","0,96%"
"25.02.2016","3,9545","3,9588","3,9670","3,9203","","-0,08%"
"24.02.2016","3,9576","3,9584","4,0087","3,9466","","0,06%"
"23.02.2016","3,9554","3,9478","3,9811","3,9382","","0,24%"
"22.02.2016","3,9458","4,0214","4,0242","3,9302","","-1,84%"
"19.02.2016","4,0199","4,0274","4,0673","4,0132","","-0,17%"
"18.02.2016","4,0269","3,9856","4,0542","3,9705","","1,09%"
"17.02.2016","3,9836","4,0709","4,0750","3,9664","","-2,14%"
"16.02.2016","4,0708","4,0071","4,0786","3,9873","","1,66%"
"15.02.2016","4,0045","4,0027","4,0063","3,9760","","0,08%"
"12.02.2016","4,0012","3,9946","4,0065","3,9658","","0,20%"
"11.02.2016","3,9931","3,9284","4,0158","3,9240","","1,68%"
"10.02.2016","3,9270","3,8844","3,9495","3,8820","","1,10%"
"09.02.2016","3,8841","3,8970","3,8996","3,8831","","-0,25%"
"08.02.2016","3,8939","3,9037","3,9045","3,8938","","-0,21%"
"05.02.2016","3,9020","3,8897","3,9292","3,8597","","0,35%"
"04.02.2016","3,8882","3,8957","3,9056","3,8444","","-0,15%"
"03.02.2016","3,8939","3,9893","3,9955","3,8942","","-2,36%"
"02.02.2016","3,9880","3,9627","4,0213","3,9608","","0,67%"
"01.02.2016","3,9614","3,9992","4,0273","3,9489","","-0,90%"
"29.01.2016","3,9973","4,0702","4,0963","3,9916","","-1,75%"
"28.01.2016","4,0684","4,1095","4,1251","4,0337","","-0,92%"
"27.01.2016","4,1062","4,0545","4,1113","4,0285","","1,34%"
"26.01.2016","4,0521","4,0901","4,1240","4,0474","","-0,90%"
"25.01.2016","4,0888","4,0946","4,0966","4,0894","","-0,10%"
"22.01.2016","4,0930","4,1576","4,1600","4,0922","","-1,52%"
"21.01.2016","4,1560","4,0970","4,1731","4,0965","","1,47%"
"20.01.2016","4,0956","4,0624","4,1306","4,0609","","0,85%"
"19.01.2016","4,0611","4,0555","4,0662","3,9983","","0,17%"
"18.01.2016","4,0542","4,0484","4,0575","4,0157","","0,19%"
"15.01.2016","4,0464","4,0003","4,0662","4,0002","","1,21%"
"14.01.2016","3,9981","4,0163","4,0424","3,9901","","-0,40%"
"13.01.2016","4,0143","4,0293","4,0299","3,9700","","-0,33%"
"12.01.2016","4,0275","4,0537","4,0625","4,0184","","-0,61%"
"11.01.2016","4,0522","4,0245","4,0671","4,0014","","0,73%"
"08.01.2016","4,0230","4,0453","4,0561","4,0042","","-0,50%"
"07.01.2016","4,0433","4,0248","4,0740","4,0216","","0,51%"
"06.01.2016","4,0229","4,0071","4,0565","4,0032","","0,42%"
"05.01.2016","4,0062","4,0403","4,0585","3,9876","","-0,80%"
"04.01.2016","4,0387","3,9608","4,0706","3,9590","","2,01%"
"01.01.2016","3,9593","3,9593","3,9593","3,9593","","0,00%"
"31.12.2015","3,9593","3,9593","3,9593","3,9593","","0,00%"
"30.12.2015","3,9593","3,8658","4,0200","3,8538","","2,47%"
"29.12.2015","3,8640","3,8585","3,8955","3,8396","","0,18%"
"28.12.2015","3,8571","3,9463","3,9650","3,8569","","-2,22%"
"25.12.2015","3,9448","3,9531","3,9544","3,9463","","-0,17%"
"24.12.2015","3,9515","3,9415","3,9530","3,9336","","0,28%"
"23.12.2015","3,9404","3,9898","3,9969","3,9399","","-1,20%"
"22.12.2015","3,9884","4,0135","4,0175","3,9715","","-0,59%"
"21.12.2015","4,0119","3,9823","4,0419","3,9621","","0,78%"
"18.12.2015","3,9809","3,8796","3,9854","3,8755","","2,65%"
"17.12.2015","3,8781","3,8845","3,9183","3,8585","","-0,13%"
"16.12.2015","3,8833","3,8737","3,9668","3,8727","","0,30%"
"15.12.2015","3,8715","3,8774","3,9110","3,8498","","-0,13%"
"14.12.2015","3,8764","3,8730","3,9238","3,8572","","0,13%"
"11.12.2015","3,8715","3,8122","3,8899","3,8051","","1,58%"
"10.12.2015","3,8111","3,7503","3,8155","3,7406","","1,66%"
"09.12.2015","3,7487","3,7964","3,8195","3,7158","","-1,21%"
"08.12.2015","3,7947","3,7680","3,8214","3,7442","","0,75%"
"07.12.2015","3,7666","3,7540","3,7790","3,7285","","0,43%"
"04.12.2015","3,7506","3,7595","3,7892","3,7237","","-0,20%"
"03.12.2015","3,7581","3,8351","3,8374","3,7332","","-1,97%"
"02.12.2015","3,8337","3,8580","3,8766","3,8225","","-0,58%"
"01.12.2015","3,8560","3,8687","3,9039","3,8253","","-0,30%"
"30.11.2015","3,8675","3,8461","3,9233","3,8341","","0,59%"
"27.11.2015","3,8449","3,7432","3,8481","3,7160","","2,75%"
"26.11.2015","3,7419","3,7425","3,7696","3,7327","","0,02%"
"25.11.2015","3,7410","3,7009","3,8069","3,6947","","1,15%"
"24.11.2015","3,6985","3,7331","3,7453","3,6929","","-0,88%"
"23.11.2015","3,7315","3,7053","3,7405","3,7046","","0,75%"
"20.11.2015","3,7037","3,7195","3,7675","3,7041","","-0,35%"
"19.11.2015","3,7166","3,7667","3,7736","3,7135","","-1,29%"
"18.11.2015","3,7653","3,8104","3,8146","3,7630","","-1,15%"
"17.11.2015","3,8090","3,8187","3,8315","3,7862","","-0,27%"
"16.11.2015","3,8192","3,8453","3,8614","3,8126","","-0,65%"
"13.11.2015","3,8441","3,7710","3,8507","3,7623","","1,95%"
"12.11.2015","3,7707","3,7642","3,8267","3,7400","","0,22%"
"11.11.2015","3,7624","3,7510","3,7875","3,7050","","0,31%"
"10.11.2015","3,7507","3,7989","3,8247","3,7338","","-1,27%"
"09.11.2015","3,7988","3,7713","3,8070","3,7688","","0,77%"
"06.11.2015","3,7698","3,7822","3,8429","3,7514","","-0,26%"
"05.11.2015","3,7798","3,8000","3,8179","3,7653","","-0,53%"
"04.11.2015","3,8001","3,7710","3,8158","3,7457","","0,81%"
"03.11.2015","3,7697","3,8506","3,8743","3,7413","","-2,07%"
"02.11.2015","3,8492","3,8562","3,8584","3,8504","","-0,18%"
"30.10.2015","3,8562","3,8519","3,8909","3,8247","","0,18%"
"29.10.2015","3,8494","3,9085","3,9570","3,8457","","-1,50%"
"28.10.2015","3,9079","3,8884","3,9381","3,8554","","0,54%"
"27.10.2015","3,8868","3,9056","3,9330","3,8862","","-0,45%"
"26.10.2015","3,9045","3,8805","3,9241","3,8257","","0,65%"
"23.10.2015","3,8792","3,9080","3,9307","3,8657","","-0,72%"
"22.10.2015","3,9073","3,9415","3,9642","3,9043","","-0,83%"
"21.10.2015","3,9399","3,9066","3,9665","3,9025","","0,87%"
"20.10.2015","3,9058","3,8856","3,9162","3,8462","","0,56%"
"19.10.2015","3,8842","3,9239","3,9302","3,8614","","-1,01%"
"16.10.2015","3,9237","3,7988","3,9544","3,7940","","3,18%"
"15.10.2015","3,8028","3,8119","3,8766","3,7787","","-0,20%"
"14.10.2015","3,8104","3,8939","3,8964","3,8068","","-2,10%"
"13.10.2015","3,8922","3,7641","3,9003","3,7554","","3,45%"
"12.10.2015","3,7624","3,7636","3,7670","3,7598","","-0,07%"
"09.10.2015","3,7651","3,7851","3,7934","3,7232","","-0,48%"
"08.10.2015","3,7832","3,8852","3,9095","3,7785","","-2,56%"
"07.10.2015","3,8826","3,8540","3,8932","3,7878","","0,76%"
"06.10.2015","3,8534","3,9128","3,9429","3,8263","","-1,49%"
"05.10.2015","3,9118","3,9336","3,9516","3,8885","","-0,50%"
"02.10.2015","3,9316","4,0082","4,0458","3,9283","","-1,94%"
"01.10.2015","4,0092","3,9510","4,0207","3,9375","","1,56%"
"30.09.2015","3,9478","4,0632","4,0647","3,9225","","-2,81%"
"29.09.2015","4,0619","4,1074","4,1542","4,0113","","-1,09%"
"28.09.2015","4,1068","3,9761","4,1140","3,9740","","3,27%"
"25.09.2015","3,9768","3,9368","4,0084","3,8818","","1,03%"
"24.09.2015","3,9363","4,1788","4,2486","3,9364","","-5,77%"
"23.09.2015","4,1775","4,0501","4,1797","4,0140","","3,18%"
"22.09.2015","4,0487","3,9850","4,0676","3,9822","","1,59%"
"21.09.2015","3,9854","3,9439","3,9990","3,9311","","1,04%"
"18.09.2015","3,9445","3,8990","3,9631","3,8617","","1,20%"
"17.09.2015","3,8976","3,8299","3,9089","3,8278","","1,83%"
"16.09.2015","3,8277","3,8634","3,8684","3,8182","","-0,91%"
"15.09.2015","3,8630","3,8151","3,8840","3,8065","","1,29%"
"14.09.2015","3,8139","3,8735","3,8935","3,8051","","-1,45%"
"11.09.2015","3,8700","3,8456","3,8940","3,8199","","0,54%"
"10.09.2015","3,8491","3,7788","3,9167","3,7753","","1,89%"
"09.09.2015","3,7778","3,8191","3,8228","3,7641","","-1,07%"
"08.09.2015","3,8185","3,8389","3,8415","3,7787","","-0,49%"
"07.09.2015","3,8372","3,8434","3,8449","3,8376","","-0,17%"
"04.09.2015","3,8439","3,7406","3,8621","3,7375","","2,84%"
"03.09.2015","3,7377","3,7603","3,8170","3,7334","","-0,56%"
"02.09.2015","3,7588","3,7032","3,7730","3,6913","","1,55%"
"01.09.2015","3,7016","3,6189","3,7045","3,6187","","2,29%"
"31.08.2015","3,6187","3,5820","3,6838","3,5818","","1,06%"
"28.08.2015","3,5808","3,5544","3,6018","3,5438","","0,85%"
"27.08.2015","3,5506","3,5962","3,5992","3,5389","","-1,24%"
"26.08.2015","3,5952","3,6176","3,6560","3,5876","","-0,61%"
"25.08.2015","3,6172","3,5515","3,6177","3,5156","","1,80%"
"24.08.2015","3,5531","3,4998","3,5801","3,4992","","1,54%"
"21.08.2015","3,4993","3,4565","3,5083","3,4518","","1,26%"
"20.08.2015","3,4559","3,4933","3,5226","3,4481","","-1,05%"
"19.08.2015","3,4924","3,4669","3,5154","3,4592","","0,71%"
"18.08.2015","3,4678","3,4803","3,5043","3,4548","","-0,34%"
"17.08.2015","3,4797","3,4879","3,5059","3,4606","","-0,11%"
"14.08.2015","3,4834","3,5196","3,5254","3,4595","","-0,99%"
"13.08.2015","3,5181","3,4810","3,5289","3,4737","","1,08%"
"12.08.2015","3,4804","3,4746","3,5049","3,4456","","0,17%"
"11.08.2015","3,4744","3,4350","3,5170","3,4345","","1,17%"
"10.08.2015","3,4341","3,5077","3,5268","3,4343","","-2,04%"
"07.08.2015","3,5057","3,5399","3,5686","3,4910","","-0,82%"
"06.08.2015","3,5347","3,4863","3,5703","3,4845","","1,41%"
"05.08.2015","3,4855","3,4701","3,5002","3,4523","","0,44%"
"04.08.2015","3,4702","3,4505","3,4889","3,4294","","0,55%"
"03.08.2015","3,4511","3,4227","3,4616","3,4206","","0,90%"
"31.07.2015","3,4204","3,3735","3,4319","3,3359","","1,48%"
"30.07.2015","3,3705","3,3279","3,3851","3,3237","","1,22%"
"29.07.2015","3,3298","3,3562","3,3717","3,3126","","-0,82%"
"28.07.2015","3,3573","3,3647","3,4350","3,3424","","-0,18%"
"27.07.2015","3,3635","3,3548","3,3820","3,3453","","0,27%"
"24.07.2015","3,3544","3,2862","3,3576","3,2850","","2,12%"
"23.07.2015","3,2849","3,2233","3,2990","3,2193","","1,93%"
"22.07.2015","3,2228","3,1720","3,2350","3,1710","","1,63%"
"21.07.2015","3,1710","3,1986","3,2014","3,1632","","-0,83%"
"20.07.2015","3,1977","3,1889","3,2252","3,1874","","0,33%"
"17.07.2015","3,1873","3,1588","3,2036","3,1518","","0,93%"
"16.07.2015","3,1580","3,1387","3,1620","3,1275","","0,62%"
"15.07.2015","3,1385","3,1403","3,1665","3,1286","","-0,01%"
"14.07.2015","3,1389","3,1347","3,1443","3,1128","","0,17%"
"13.07.2015","3,1335","3,1600","3,1794","3,1285","","-0,79%"
"10.07.2015","3,1583","3,2200","3,2274","3,1573","","-1,88%"
"09.07.2015","3,2188","3,2367","3,2402","3,2130","","-0,45%"
"08.07.2015","3,2335","3,1872","3,2434","3,1797","","1,48%"
"07.07.2015","3,1863","3,1378","3,2019","3,1357","","1,52%"
"06.07.2015","3,1387","3,1346","3,1548","3,1299","","0,15%"
"03.07.2015","3,1340","3,0979","3,1423","3,0968","","1,25%"
"02.07.2015","3,0952","3,1498","3,1593","3,0929","","-1,69%"
"01.07.2015","3,1485","3,1031","3,1502","3,0966","","1,50%"
"30.06.2015","3,1020","3,1185","3,1279","3,0857","","-0,50%"
"29.06.2015","3,1175","3,1307","3,1524","3,1052","","-0,36%"
"26.06.2015","3,1289","3,1280","3,1435","3,1177","","0,06%"
"25.06.2015","3,1269","3,0979","3,1332","3,0806","","0,97%"
"24.06.2015","3,0968","3,0759","3,1032","3,0627","","0,72%"
"23.06.2015","3,0748","3,0812","3,1163","3,0746","","-0,17%"
"22.06.2015","3,0799","3,0967","3,1031","3,0663","","-0,53%"
"19.06.2015","3,0963","3,0590","3,1035","3,0538","","1,21%"
"18.06.2015","3,0593","3,0558","3,0643","3,0296","","0,09%"
"17.06.2015","3,0564","3,0883","3,1058","3,0504","","-1,00%"
"16.06.2015","3,0874","3,1269","3,1410","3,0833","","-1,35%"
"15.06.2015","3,1296","3,1192","3,1394","3,0920","","0,40%"
"12.06.2015","3,1170","3,0902","3,1292","3,0894","","0,90%"
"11.06.2015","3,0893","3,1179","3,1716","3,0887","","-0,90%"
"10.06.2015","3,1172","3,0969","3,1190","3,0613","","0,68%"
"09.06.2015","3,0960","3,1133","3,1203","3,0889","","-0,53%"
"08.06.2015","3,1124","3,1433","3,1497","3,1056","","-0,98%"
"05.06.2015","3,1433","3,1417","3,1895","3,1073","","0,10%"
"04.06.2015","3,1403","3,1341","3,1477","3,1330","","0,21%"
"03.06.2015","3,1336","3,1304","3,1468","3,1023","","0,13%"
"02.06.2015","3,1296","3,1715","3,1769","3,1251","","-1,28%"
"01.06.2015","3,1703","3,1795","3,2143","3,1582","","-0,27%"
"29.05.2015","3,1788","3,1629","3,1966","3,1403","","0,53%"
"28.05.2015","3,1621","3,1410","3,1895","3,1406","","0,72%"
"27.05.2015","3,1394","3,1537","3,1859","3,1384","","-0,43%"
"26.05.2015","3,1530","3,0974","3,1558","3,0918","","1,85%"
"25.05.2015","3,0957","3,0962","3,1338","3,0896","","0,07%"
"22.05.2015","3,0934","3,0393","3,1006","3,0325","","1,84%"
"21.05.2015","3,0376","3,0028","3,0466","2,9972","","1,20%"
"20.05.2015","3,0017","3,0393","3,0457","2,9977","","-1,23%"
"19.05.2015","3,0391","3,0078","3,0449","3,0027","","1,09%"
"18.05.2015","3,0062","2,9966","3,0310","2,9936","","0,35%"
"15.05.2015","2,9957","2,9936","3,0150","2,9702","","0,09%"
"14.05.2015","2,9930","3,0397","3,0423","2,9890","","-1,51%"
"13.05.2015","3,0389","3,0198","3,0442","2,9820","","0,65%"
"12.05.2015","3,0193","3,0597","3,0781","3,0121","","-1,33%"
"11.05.2015","3,0600","2,9757","3,0628","2,9751","","2,96%"
"08.05.2015","2,9720","3,0252","3,0435","2,9730","","-1,74%"
"07.05.2015","3,0245","3,0331","3,0635","3,0148","","-0,25%"
"06.05.2015","3,0321","3,0566","3,0760","3,0216","","-0,67%"
"05.05.2015","3,0525","3,0864","3,0912","3,0419","","-1,07%"
"04.05.2015","3,0855","3,0165","3,0961","3,0121","","2,40%"
"01.05.2015","3,0131","3,0152","3,0175","3,0111","","-0,03%"
"30.04.2015","3,0140","2,9620","3,0207","2,9488","","1,83%"
"29.04.2015","2,9597","2,9366","2,9650","2,9137","","0,81%"
"28.04.2015","2,9360","2,9174","2,9447","2,8816","","0,69%"
"27.04.2015","2,9160","2,9515","2,9606","2,8983","","-1,19%"
"24.04.2015","2,9511","2,9707","2,9916","2,9504","","-0,63%"
"23.04.2015","2,9697","3,0113","3,0324","2,9690","","-1,33%"
"22.04.2015","3,0098","3,0340","3,0381","2,9965","","-0,78%"
"21.04.2015","3,0335","3,0330","3,0348","3,0294","","0,05%"
"20.04.2015","3,0320","3,0536","3,0586","3,0214","","-0,28%"
"17.04.2015","3,0404","3,0224","3,0710","3,0044","","0,62%"
"16.04.2015","3,0217","3,0297","3,0418","2,9986","","-0,22%"
"15.04.2015","3,0283","3,0641","3,0949","3,0248","","-1,11%"
"14.04.2015","3,0623","3,1229","3,1264","3,0556","","-1,87%"
"13.04.2015","3,1205","3,0755","3,1289","3,0747","","1,50%"
"10.04.2015","3,0745","3,0591","3,0946","3,0582","","0,52%"
"09.04.2015","3,0585","3,0496","3,0749","3,0227","","0,32%"
"08.04.2015","3,0487","3,1288","3,1300","3,0462","","-2,52%"
"07.04.2015","3,1275","3,1264","3,1482","3,1096","","0,04%"
"06.04.2015","3,1261","3,1210","3,1278","3,0819","","0,20%"
"03.04.2015","3,1200","3,1205","3,1213","3,1199","","0,02%"
"02.04.2015","3,1193","3,1661","3,1856","3,1174","","-1,43%"
"01.04.2015","3,1647","3,1951","3,1951","3,1318","","-0,94%"
"31.03.2015","3,1947","3,2294","3,2690","3,1656","","-1,07%"
"30.03.2015","3,2292","3,2496","3,2886","3,2074","","-0,60%"
"27.03.2015","3,2488","3,1825","3,2499","3,1800","","2,09%"
"26.03.2015","3,1822","3,2012","3,2244","3,1721","","-0,56%"
"25.03.2015","3,2002","3,1398","3,2043","3,1157","","1,94%"
"24.03.2015","3,1394","3,1323","3,1725","3,0919","","0,24%"
"23.03.2015","3,1319","3,2293","3,2308","3,1300","","-2,97%"
"20.03.2015","3,2279","3,2921","3,3163","3,2013","","-1,93%"
"19.03.2015","3,2915","3,2101","3,3070","3,2090","","2,59%"
"18.03.2015","3,2084","3,2396","3,2801","3,1893","","-0,95%"
"17.03.2015","3,2392","3,2445","3,2838","3,2249","","-0,29%"
"16.03.2015","3,2485","3,2487","3,2639","3,2064","","0,02%"
"13.03.2015","3,2479","3,1663","3,2808","3,1659","","2,63%"
"12.03.2015","3,1647","3,1255","3,1719","3,0758","","1,27%"
"11.03.2015","3,1251","3,1031","3,1406","3,0827","","0,76%"
"10.03.2015","3,1016","3,1233","3,1729","3,0889","","-0,64%"
"09.03.2015","3,1215","3,0617","3,1331","3,0582","","1,99%"
"06.03.2015","3,0605","3,0035","3,0724","2,9829","","1,94%"
"05.03.2015","3,0024","2,9775","3,0224","2,9774","","0,90%"
"04.03.2015","2,9755","2,9311","3,0005","2,9311","","1,54%"
"03.03.2015","2,9303","2,8965","2,9345","2,8910","","1,18%"
"02.03.2015","2,8960","2,8390","2,8979","2,8390","","2,04%"
"27.02.2015","2,8380","2,9085","2,9208","2,8386","","-2,41%"
"26.02.2015","2,9080","2,8750","2,9085","2,8410","","1,17%"
"25.02.2015","2,8745","2,8327","2,8859","2,8327","","1,48%"
"24.02.2015","2,8325","2,8788","2,8912","2,8261","","-1,60%"
"23.02.2015","2,8785","2,8680","2,9042","2,8615","","0,40%"
"20.02.2015","2,8670","2,8665","2,8856","2,8540","","0,02%"
"19.02.2015","2,8663","2,8380","2,8700","2,8380","","1,05%"
"18.02.2015","2,8364","2,8296","2,8494","2,8278","","0,26%"
"17.02.2015","2,8290","2,8346","2,8346","2,8292","","-0,15%"
"16.02.2015","2,8333","2,8346","2,8346","2,8346","","0,00%"
"13.02.2015","2,8333","2,8208","2,8585","2,8152","","0,45%"
"12.02.2015","2,8205","2,8693","2,8789","2,8156","","-1,68%"
"11.02.2015","2,8688","2,8343","2,8827","2,8341","","1,24%"
"10.02.2015","2,8338","2,7698","2,8396","2,7694","","2,36%"
"09.02.2015","2,7685","2,7825","2,7972","2,7645","","-0,47%"
"06.02.2015","2,7815","2,7451","2,7847","2,7428","","1,34%"
"05.02.2015","2,7446","2,7418","2,7622","2,7222","","0,11%"
"04.02.2015","2,7416","2,6945","2,7486","2,6923","","1,77%"
"03.02.2015","2,6940","2,7271","2,7282","2,6878","","-1,18%"
"02.02.2015","2,7261","2,6824","2,7290","2,6658","","1,67%"
"30.01.2015","2,6814","2,6035","2,6931","2,6031","","3,02%"
"29.01.2015","2,6027","2,5765","2,6175","2,5761","","1,05%"
"28.01.2015","2,5757","2,5725","2,5910","2,5660","","0,14%"
"27.01.2015","2,5722","2,5835","2,5987","2,5651","","-0,43%"
"26.01.2015","2,5832","2,5797","2,6089","2,5797","","0,18%"
"23.01.2015","2,5785","2,5745","2,5986","2,5705","","0,19%"
"22.01.2015","2,5735","2,6005","2,6007","2,5494","","-1,02%"
"21.01.2015","2,6000","2,6143","2,6146","2,5856","","-0,51%"
"20.01.2015","2,6133","2,6518","2,6525","2,6079","","-1,43%"
"19.01.2015","2,6511","2,6210","2,6643","2,6187","","1,17%"
"16.01.2015","2,6204","2,6422","2,6438","2,6145","","-0,78%"
"15.01.2015","2,6410","2,6159","2,6450","2,5948","","0,96%"
"14.01.2015","2,6159","2,6430","2,6541","2,6035","","-1,01%"
"13.01.2015","2,6425","2,6735","2,6828","2,6273","","-1,15%"
"12.01.2015","2,6733","2,6301","2,6748","2,6301","","1,65%"
"09.01.2015","2,6299","2,6630","2,6743","2,6266","","-1,21%"
"08.01.2015","2,6620","2,6835","2,7027","2,6612","","-0,78%"
"07.01.2015","2,6830","2,7009","2,7093","2,6736","","-0,61%"
"06.01.2015","2,6996","2,7064","2,7237","2,6916","","-0,23%"
"05.01.2015","2,7059","2,6941","2,7310","2,6941","","0,48%"
"02.01.2015","2,6931","2,6575","2,7084","2,6575","","1,36%"
"01.01.2015","2,6570","2,6575","2,6575","2,6575","","0,00%"
"31.12.2014","2,6570","2,6575","2,6575","2,6575","","0,00%"
"30.12.2014","2,6570","2,7027","2,7049","2,6409","","-1,66%"
"29.12.2014","2,7019","2,6685","2,7129","2,6675","","1,29%"
"26.12.2014","2,6675","2,6957","2,6975","2,6683","","-1,03%"
"25.12.2014","2,6952","2,6956","2,6957","2,6956","","0,01%"
"24.12.2014","2,6950","2,6946","2,6961","2,6946","","0,05%"
"23.12.2014","2,6937","2,6654","2,7097","2,6521","","1,11%"
"22.12.2014","2,6640","2,6598","2,6671","2,6441","","0,18%"
"19.12.2014","2,6593","2,6626","2,6700","2,6397","","-0,11%"
"18.12.2014","2,6623","2,7154","2,7154","2,6447","","-1,92%"
"17.12.2014","2,7145","2,7384","2,7497","2,6664","","-0,87%"
"16.12.2014","2,7382","2,6955","2,7607","2,6833","","1,60%"
"15.12.2014","2,6952","2,6546","2,7005","2,6504","","1,55%"
"12.12.2014","2,6541","2,6498","2,6780","2,6455","","0,18%"
"11.12.2014","2,6494","2,6163","2,6547","2,6116","","1,32%"
"10.12.2014","2,6150","2,5930","2,6177","2,5858","","0,86%"
"09.12.2014","2,5928","2,6004","2,6136","2,5846","","-0,26%"
"08.12.2014","2,5996","2,5895","2,6180","2,5884","","0,40%"
"05.12.2014","2,5892","2,5915","2,6103","2,5729","","-0,06%"
"04.12.2014","2,5907","2,5525","2,5927","2,5525","","1,54%"
"03.12.2014","2,5515","2,5682","2,5875","2,5490","","-0,60%"
"02.12.2014","2,5669","2,5600","2,5800","2,5563","","0,31%"
"01.12.2014","2,5589","2,5659","2,5810","2,5437","","-0,24%"
"28.11.2014","2,5651","2,5304","2,5825","2,5304","","1,38%"
"27.11.2014","2,5302","2,5012","2,5332","2,4971","","1,17%"
"26.11.2014","2,5009","2,5304","2,5304","2,4953","","-1,13%"
"25.11.2014","2,5296","2,5458","2,5524","2,5175","","-0,62%"
"24.11.2014","2,5453","2,5153","2,5528","2,5014","","1,20%"
"21.11.2014","2,5152","2,5731","2,5731","2,5092","","-2,20%"
"20.11.2014","2,5718","2,5720","2,5731","2,5717","","0,01%"
"19.11.2014","2,5715","2,5825","2,5994","2,5652","","-0,41%"
"18.11.2014","2,5820","2,6081","2,6081","2,5819","","-0,99%"
"17.11.2014","2,6077","2,6018","2,6195","2,5805","","0,28%"
"14.11.2014","2,6005","2,6012","2,6295","2,5924","","0,46%"
"13.11.2014","2,5887","2,5665","2,6093","2,5607","","0,90%"
"12.11.2014","2,5657","2,5575","2,5696","2,5348","","0,36%"
"11.11.2014","2,5565","2,5528","2,5715","2,5528","","0,18%"
"10.11.2014","2,5520","2,5588","2,5588","2,5310","","-0,23%"
"07.11.2014","2,5580","2,5697","2,5895","2,5491","","-0,44%"
"06.11.2014","2,5692","2,5049","2,5748","2,5039","","2,62%"
"05.11.2014","2,5036","2,4970","2,5291","2,4970","","0,31%"
"04.11.2014","2,4959","2,4954","2,5332","2,4913","","-0,01%"
"03.11.2014","2,4962","2,4784","2,5091","2,4536","","0,74%"
"31.10.2014","2,4779","2,4042","2,4792","2,3979","","3,10%"
"30.10.2014","2,4033","2,4612","2,4612","2,3930","","-2,34%"
"29.10.2014","2,4609","2,4614","2,4725","2,4242","","0,01%"
"28.10.2014","2,4606","2,5226","2,5226","2,4598","","-2,43%"
"27.10.2014","2,5218","2,4739","2,5603","2,4739","","1,96%"
"24.10.2014","2,4733","2,4988","2,5014","2,4475","","-0,97%"
"23.10.2014","2,4975","2,4873","2,5188","2,4866","","0,46%"
"22.10.2014","2,4860","2,4810","2,4932","2,4658","","0,23%"
"21.10.2014","2,4802","2,4652","2,5015","2,4621","","0,63%"
"20.10.2014","2,4646","2,4359","2,4688","2,4359","","1,22%"
"17.10.2014","2,4348","2,4730","2,4730","2,4228","","-1,48%"
"16.10.2014","2,4715","2,4580","2,5064","2,4553","","0,55%"
"15.10.2014","2,4580","2,3994","2,4633","2,3994","","2,44%"
"14.10.2014","2,3995","2,3938","2,4071","2,3901","","0,23%"
"13.10.2014","2,3940","2,4295","2,4295","2,3798","","-1,43%"
"10.10.2014","2,4287","2,3989","2,4308","2,3981","","1,28%"
"09.10.2014","2,3980","2,3772","2,4054","2,3561","","0,90%"
"08.10.2014","2,3765","2,3955","2,4316","2,3722","","-0,80%"
"07.10.2014","2,3956","2,4265","2,4288","2,3854","","-1,16%"
"06.10.2014","2,4236","2,4583","2,4583","2,3718","","-1,40%"
"03.10.2014","2,4580","2,4955","2,5076","2,4559","","-1,48%"
"02.10.2014","2,4949","2,4812","2,4983","2,4696","","0,58%"
"01.10.2014","2,4805","2,4444","2,4886","2,4391","","1,46%"
"30.09.2014","2,4449","2,4465","2,4625","2,4427","","-0,07%"
"29.09.2014","2,4466","2,4200","2,4786","2,4200","","1,11%"
"26.09.2014","2,4198","2,4281","2,4437","2,4089","","-0,33%"
"25.09.2014","2,4277","2,3832","2,4333","2,3827","","1,88%"
"24.09.2014","2,3828","2,4118","2,4178","2,3807","","-1,18%"
"23.09.2014","2,4113","2,3983","2,4145","2,3874","","0,56%"
"22.09.2014","2,3979","2,3677","2,3990","2,3629","","1,27%"
"19.09.2014","2,3679","2,3652","2,3860","2,3514","","0,16%"
"18.09.2014","2,3641","2,3585","2,3770","2,3524","","0,25%"
"17.09.2014","2,3581","2,3325","2,3644","2,3238","","1,13%"
"16.09.2014","2,3317","2,3428","2,3434","2,3161","","-0,45%"
"15.09.2014","2,3422","2,3393","2,3508","2,3286","","0,14%"
"12.09.2014","2,3390","2,2983","2,3470","2,2977","","1,80%"
"11.09.2014","2,2977","2,2903","2,2999","2,2819","","0,41%"
"10.09.2014","2,2883","2,2842","2,3018","2,2840","","0,10%"
"09.09.2014","2,2860","2,2681","2,2928","2,2680","","0,83%"
"08.09.2014","2,2672","2,2438","2,2743","2,2396","","1,20%"
"05.09.2014","2,2403","2,2434","2,2512","2,2310","","-0,10%"
"04.09.2014","2,2426","2,2370","2,2470","2,2253","","0,26%"
"03.09.2014","2,2367","2,2429","2,2430","2,2259","","-0,28%"
"02.09.2014","2,2430","2,2462","2,2571","2,2382","","-0,09%"
"01.09.2014","2,2450","2,2362","2,2478","2,2298","","0,42%"
"29.08.2014","2,2355","2,2398","2,2458","2,2329","","-0,22%"
"28.08.2014","2,2405","2,2468","2,2598","2,2360","","-0,27%"
"27.08.2014","2,2466","2,2615","2,2662","2,2421","","-0,64%"
"26.08.2014","2,2610","2,2882","2,2893","2,2607","","-1,16%"
"25.08.2014","2,2875","2,2778","2,2909","2,2745","","0,46%"
"22.08.2014","2,2770","2,2692","2,2843","2,2663","","0,40%"
"21.08.2014","2,2680","2,2626","2,2702","2,2515","","0,28%"
"20.08.2014","2,2617","2,2467","2,2642","2,2467","","0,69%"
"19.08.2014","2,2462","2,2579","2,2657","2,2465","","-0,50%"
"18.08.2014","2,2575","2,2599","2,2646","2,2503","","-0,08%"
"15.08.2014","2,2593","2,2660","2,2769","2,2569","","-0,30%"
"14.08.2014","2,2661","2,2815","2,2822","2,2642","","-0,59%"
"13.08.2014","2,2795","2,2793","2,2882","2,2612","","0,13%"
"12.08.2014","2,2765","2,2755","2,2846","2,2718","","0,07%"
"11.08.2014","2,2750","2,2821","2,2836","2,2656","","-0,24%"
"08.08.2014","2,2805","2,2962","2,3077","2,2798","","-0,63%"
"07.08.2014","2,2949","2,2739","2,2995","2,2699","","0,96%"
"06.08.2014","2,2730","2,2815","2,2962","2,2684","","-0,37%"
"05.08.2014","2,2815","2,2598","2,2870","2,2574","","1,04%"
"04.08.2014","2,2580","2,2609","2,2663","2,2474","","0,04%"
"01.08.2014","2,2572","2,2635","2,2849","2,2505","","-0,27%"
"31.07.2014","2,2634","2,2469","2,2751","2,2469","","0,81%"
"30.07.2014","2,2452","2,2305","2,2604","2,2303","","0,67%"
"29.07.2014","2,2303","2,2232","2,2327","2,2223","","0,37%"
"28.07.2014","2,2220","2,2303","2,2358","2,2219","","-0,29%"
"25.07.2014","2,2285","2,2229","2,2332","2,2183","","0,29%"
"24.07.2014","2,2220","2,2187","2,2232","2,2123","","0,20%"
"23.07.2014","2,2175","2,2123","2,2234","2,2112","","0,21%"
"22.07.2014","2,2129","2,2215","2,2258","2,2068","","-0,27%"
"21.07.2014","2,2190","2,2255","2,2309","2,2180","","-0,25%"
"18.07.2014","2,2245","2,2583","2,2588","2,2240","","-1,46%"
"17.07.2014","2,2575","2,2238","2,2606","2,2223","","1,52%"
"16.07.2014","2,2236","2,2193","2,2289","2,2128","","0,18%"
"15.07.2014","2,2196","2,2103","2,2273","2,2097","","0,42%"
"14.07.2014","2,2104","2,2209","2,2228","2,2100","","-0,45%"
"11.07.2014","2,2205","2,2192","2,2271","2,2180","","0,06%"
"10.07.2014","2,2191","2,2099","2,2273","2,2099","","0,32%"
"09.07.2014","2,2120","2,2123","2,2123","2,2123","","0,00%"
"08.07.2014","2,2120","2,2253","2,2286","2,2077","","-0,53%"
"07.07.2014","2,2237","2,2133","2,2268","2,2092","","0,48%"
"04.07.2014","2,2130","2,2121","2,2171","2,2098","","0,14%"
"03.07.2014","2,2098","2,2255","2,2455","2,2095","","-0,66%"
"02.07.2014","2,2245","2,2020","2,2267","2,2003","","1,05%"
"01.07.2014","2,2013","2,2146","2,2205","2,1988","","-0,56%"
"30.06.2014","2,2137","2,1937","2,2149","2,1937","","0,93%"
"27.06.2014","2,1934","2,1969","2,2075","2,1869","","-0,14%"
"26.06.2014","2,1964","2,2078","2,2136","2,1925","","-0,51%"
"25.06.2014","2,2076","2,2251","2,2253","2,1996","","-0,75%"
"24.06.2014","2,2242","2,2180","2,2272","2,2138","","0,30%"
"23.06.2014","2,2175","2,2298","2,2348","2,2159","","-0,49%"
"20.06.2014","2,2285","2,2225","2,2428","2,2225","","0,29%"
"19.06.2014","2,2220","2,2263","2,2263","2,2225","","-0,22%"
"18.06.2014","2,2270","2,2618","2,2619","2,2266","","-1,53%"
"17.06.2014","2,2617","2,2348","2,2642","2,2303","","1,27%"
"16.06.2014","2,2333","2,2238","2,2387","2,2238","","0,43%"
"13.06.2014","2,2237","2,2300","2,2417","2,2230","","-0,26%"
"12.06.2014","2,2295","2,2329","2,2339","2,2295","","-0,13%"
"11.06.2014","2,2325","2,2218","2,2367","2,2216","","0,50%"
"10.06.2014","2,2215","2,2287","2,2352","2,2217","","-0,25%"
"09.06.2014","2,2270","2,2458","2,2463","2,2228","","-0,87%"
"06.06.2014","2,2465","2,2620","2,2621","2,2386","","-0,67%"
"05.06.2014","2,2616","2,2781","2,2814","2,2589","","-0,70%"
"04.06.2014","2,2776","2,2800","2,2918","2,2681","","-0,08%"
"03.06.2014","2,2795","2,2773","2,2827","2,2563","","0,13%"
"02.06.2014","2,2765","2,2415","2,2778","2,2413","","1,62%"
"30.05.2014","2,2403","2,2248","2,2472","2,2225","","0,71%"
"29.05.2014","2,2245","2,2320","2,2358","2,2156","","-0,34%"
"28.05.2014","2,2321","2,2382","2,2475","2,2312","","-0,22%"
"27.05.2014","2,2370","2,2241","2,2450","2,2219","","0,60%"
"26.05.2014","2,2236","2,2223","2,2274","2,2162","","0,04%"
"23.05.2014","2,2226","2,2155","2,2266","2,2112","","0,35%"
"22.05.2014","2,2148","2,2075","2,2207","2,1997","","0,38%"
"21.05.2014","2,2065","2,2138","2,2168","2,2047","","-0,41%"
"20.05.2014","2,2155","2,2058","2,2211","2,2058","","0,45%"
"19.05.2014","2,2055","2,2155","2,2183","2,2023","","-0,37%"
"16.05.2014","2,2138","2,2187","2,2207","2,2068","","-0,28%"
"15.05.2014","2,2201","2,2025","2,2283","2,2025","","0,84%"
"14.05.2014","2,2015","2,2145","2,2206","2,2008","","-0,58%"
"13.05.2014","2,2143","2,2146","2,2196","2,2045","","0,04%"
"12.05.2014","2,2135","2,2184","2,2210","2,2085","","0,05%"
"09.05.2014","2,2123","2,2170","2,2249","2,2099","","-0,08%"
"08.05.2014","2,2140","2,2158","2,2195","2,1997","","-0,09%"
"07.05.2014","2,2160","2,2298","2,2350","2,2137","","-0,58%"
"06.05.2014","2,2289","2,2445","2,2450","2,2211","","-0,62%"
"05.05.2014","2,2429","2,2297","2,2494","2,2201","","1,05%"
"02.05.2014","2,2197","2,2319","2,2443","2,2132","","-0,60%"
"01.05.2014","2,2330","2,2338","2,2340","2,2332","","0,04%"
"30.04.2014","2,2320","2,2363","2,2583","2,2267","","-0,16%"
"29.04.2014","2,2356","2,2230","2,2368","2,2058","","0,57%"
"28.04.2014","2,2230","2,2421","2,2459","2,2205","","-0,91%"
"25.04.2014","2,2435","2,2138","2,2470","2,2116","","1,38%"
"24.04.2014","2,2130","2,2216","2,2286","2,2116","","-0,34%"
"23.04.2014","2,2205","2,2383","2,2487","2,2204","","-0,75%"
"22.04.2014","2,2372","2,2360","2,2504","2,2342","","0,05%"
"21.04.2014","2,2360","2,2370","2,2370","2,2370","","-0,04%"
"18.04.2014","2,2370","2,2378","2,2415","2,2350","","-0,01%"
"17.04.2014","2,2373","2,2439","2,2560","2,2325","","-0,25%"
"16.04.2014","2,2430","2,2327","2,2460","2,2234","","0,47%"
"15.04.2014","2,2324","2,2143","2,2405","2,2121","","0,88%"
"14.04.2014","2,2130","2,2183","2,2226","2,2057","","-0,19%"
"11.04.2014","2,2172","2,2069","2,2236","2,1969","","0,51%"
"10.04.2014","2,2060","2,1863","2,2072","2,1814","","0,94%"
"09.04.2014","2,1854","2,2015","2,2195","2,1857","","-0,70%"
"08.04.2014","2,2009","2,2193","2,2195","2,1927","","-0,79%"
"07.04.2014","2,2184","2,2363","2,2489","2,2119","","-0,76%"
"04.04.2014","2,2354","2,2793","2,2795","2,2346","","-1,90%"
"03.04.2014","2,2788","2,2685","2,2889","2,2685","","0,45%"
"02.04.2014","2,2685","2,2614","2,2768","2,2591","","0,36%"
"01.04.2014","2,2603","2,2721","2,2761","2,2525","","-0,49%"
"31.03.2014","2,2714","2,2634","2,2755","2,2491","","0,46%"
"28.03.2014","2,2609","2,2592","2,2709","2,2478","","0,12%"
"27.03.2014","2,2583","2,3033","2,3087","2,2570","","-1,97%"
"26.03.2014","2,3037","2,3115","2,3202","2,2923","","-0,31%"
"25.03.2014","2,3108","2,3235","2,3316","2,2985","","-0,48%"
"24.03.2014","2,3220","2,3236","2,3343","2,3133","","-0,07%"
"21.03.2014","2,3237","2,3281","2,3328","2,3150","","-0,14%"
"20.03.2014","2,3269","2,3478","2,3575","2,3200","","-0,87%"
"19.03.2014","2,3473","2,3351","2,3541","2,3247","","0,57%"
"18.03.2014","2,3340","2,3491","2,3605","2,3331","","-0,62%"
"17.03.2014","2,3485","2,3469","2,3573","2,3421","","0,11%"
"14.03.2014","2,3460","2,3641","2,3766","2,3457","","-0,74%"
"13.03.2014","2,3636","2,3553","2,3678","2,3375","","0,48%"
"12.03.2014","2,3523","2,3638","2,3741","2,3526","","-0,49%"
"11.03.2014","2,3639","2,3496","2,3687","2,3378","","0,63%"
"10.03.2014","2,3491","2,3455","2,3566","2,3263","","0,38%"
"07.03.2014","2,3403","2,3235","2,3503","2,3221","","0,77%"
"06.03.2014","2,3225","2,3171","2,3249","2,2998","","0,20%"
"05.03.2014","2,3178","2,3410","2,3410","2,3143","","-0,97%"
"04.03.2014","2,3406","2,3431","2,3438","2,3412","","-0,14%"
"03.03.2014","2,3438","2,3384","2,3442","2,3384","","0,24%"
"28.02.2014","2,3381","2,3186","2,3476","2,3183","","0,71%"
"27.02.2014","2,3217","2,3510","2,3570","2,3182","","-1,18%"
"26.02.2014","2,3495","2,3422","2,3575","2,3338","","0,37%"
"25.02.2014","2,3408","2,3411","2,3454","2,3278","","0,08%"
"24.02.2014","2,3390","2,3471","2,3536","2,3270","","-0,27%"
"21.02.2014","2,3453","2,3691","2,3781","2,3417","","-1,05%"
"20.02.2014","2,3701","2,3976","2,3976","2,3631","","-0,99%"
"19.02.2014","2,3937","2,3960","2,4126","2,3846","","-0,05%"
"18.02.2014","2,3950","2,3886","2,4018","2,3841","","0,25%"
"17.02.2014","2,3890","2,3856","2,3930","2,3779","","0,01%"
"14.02.2014","2,3888","2,3946","2,3995","2,3789","","-0,19%"
"13.02.2014","2,3933","2,4261","2,4341","2,3924","","-1,31%"
"12.02.2014","2,4250","2,4002","2,4273","2,3974","","1,04%"
"11.02.2014","2,4000","2,4096","2,4186","2,3955","","-0,33%"
"10.02.2014","2,4080","2,3812","2,4114","2,3806","","1,19%"
"07.02.2014","2,3797","2,3815","2,3940","2,3696","","-0,10%"
"06.02.2014","2,3820","2,3986","2,4139","2,3773","","-0,67%"
"05.02.2014","2,3981","2,4094","2,4200","2,3925","","-0,30%"
"04.02.2014","2,4053","2,4307","2,4384","2,4050","","-1,41%"
"03.02.2014","2,4397","2,4127","2,4406","2,4001","","1,14%"
"31.01.2014","2,4122","2,4086","2,4377","2,3909","","0,04%"
"30.01.2014","2,4113","2,4371","2,4442","2,4080","","-0,96%"
"29.01.2014","2,4347","2,4226","2,4508","2,4226","","0,37%"
"28.01.2014","2,4258","2,4236","2,4305","2,4037","","0,22%"
"27.01.2014","2,4205","2,4010","2,4292","2,3903","","0,95%"
"24.01.2014","2,3977","2,4001","2,4329","2,3937","","0,09%"
"23.01.2014","2,3956","2,3726","2,4059","2,3681","","0,98%"
"22.01.2014","2,3723","2,3606","2,3769","2,3538","","0,64%"
"21.01.2014","2,3573","2,3436","2,3684","2,3410","","0,57%"
"20.01.2014","2,3440","2,3428","2,3445","2,3276","","0,07%"
"17.01.2014","2,3423","2,3617","2,3661","2,3393","","-0,89%"
"16.01.2014","2,3633","2,3601","2,3782","2,3445","","0,13%"
"15.01.2014","2,3603","2,3501","2,3609","2,3403","","0,43%"
"14.01.2014","2,3501","2,3574","2,3684","2,3481","","-0,40%"
"13.01.2014","2,3595","2,3616","2,3629","2,3387","","0,06%"
"10.01.2014","2,3582","2,3906","2,3976","2,3569","","-1,34%"
"09.01.2014","2,3902","2,3951","2,4040","2,3893","","-0,26%"
"08.01.2014","2,3964","2,3726","2,4005","2,3678","","1,03%"
"07.01.2014","2,3720","2,3806","2,3806","2,3553","","-0,16%"
"06.01.2014","2,3759","2,3811","2,3859","2,3709","","0,00%"
"03.01.2014","2,3760","2,3791","2,3892","2,3682","","-0,48%"
"02.01.2014","2,3874","2,3781","2,4099","2,3774","","1,08%"
"01.01.2014","2,3618","2,3618","2,3618","2,3618","","0,00%"
"31.12.2013","2,3618","2,3621","2,3621","2,3621","","0,00%"
"30.12.2013","2,3619","2,3385","2,3655","2,3261","","1,01%"
"27.12.2013","2,3382","2,3591","2,3591","2,3349","","-0,54%"
"26.12.2013","2,3510","2,3571","2,3648","2,3459","","-0,25%"
"25.12.2013","2,3568","2,3570","2,3571","2,3570","","0,00%"
"24.12.2013","2,3568","2,3571","2,3575","2,3570","","0,00%"
"23.12.2013","2,3568","2,3877","2,3883","2,3569","","-1,28%"
"20.12.2013","2,3874","2,3568","2,3896","2,3568","","1,46%"
"19.12.2013","2,3530","2,3318","2,3621","2,3313","","1,16%"
"18.12.2013","2,3260","2,3196","2,3636","2,3152","","0,30%"
"17.12.2013","2,3191","2,3306","2,3310","2,3143","","-0,37%"
"16.12.2013","2,3276","2,3325","2,3355","2,3088","","-0,08%"
"13.12.2013","2,3295","2,3351","2,3406","2,3265","","-0,11%"
"12.12.2013","2,3320","2,3415","2,3515","2,3245","","-0,38%"
"11.12.2013","2,3410","2,3066","2,3442","2,3066","","1,40%"
"10.12.2013","2,3087","2,3181","2,3198","2,3044","","-0,47%"
"09.12.2013","2,3195","2,3310","2,3323","2,3151","","-0,26%"
"06.12.2013","2,3255","2,3571","2,3750","2,3213","","-1,50%"
"05.12.2013","2,3609","2,3911","2,3960","2,3527","","-1,27%"
"04.12.2013","2,3912","2,3758","2,3925","2,3629","","0,66%"
"03.12.2013","2,3756","2,3541","2,3798","2,3488","","0,84%"
"02.12.2013","2,3557","2,3362","2,3591","2,3326","","0,86%"
"29.11.2013","2,3355","2,3181","2,3410","2,3102","","0,79%"
"28.11.2013","2,3173","2,3300","2,3438","2,3122","","-0,50%"
"27.11.2013","2,3290","2,2946","2,3319","2,2937","","1,42%"
"26.11.2013","2,2964","2,2838","2,3081","2,2838","","0,56%"
"25.11.2013","2,2835","2,2815","2,2970","2,2777","","0,24%"
"22.11.2013","2,2780","2,3056","2,3171","2,2763","","-1,19%"
"21.11.2013","2,3055","2,2703","2,3175","2,2703","","1,52%"
"20.11.2013","2,2710","2,2713","2,2736","2,2693","","0,02%"
"19.11.2013","2,2705","2,2638","2,2798","2,2503","","0,35%"
"18.11.2013","2,2625","2,3190","2,3190","2,2620","","-2,42%"
"15.11.2013","2,3187","2,3141","2,3190","2,3128","","0,25%"
"14.11.2013","2,3130","2,3343","2,3393","2,3128","","-0,84%"
"13.11.2013","2,3325","2,3331","2,3398","2,3196","","-0,02%"
"12.11.2013","2,3330","2,3309","2,3490","2,3230","","0,13%"
"11.11.2013","2,3300","2,3140","2,3438","2,3024","","0,71%"
"08.11.2013","2,3135","2,3057","2,3448","2,2945","","0,37%"
"07.11.2013","2,3050","2,2881","2,3137","2,2703","","0,90%"
"06.11.2013","2,2845","2,2823","2,2977","2,2690","","0,11%"
"05.11.2013","2,2820","2,2466","2,2948","2,2439","","1,64%"
"04.11.2013","2,2451","2,2542","2,2550","2,2368","","-0,50%"
"01.11.2013","2,2564","2,2350","2,2633","2,2350","","0,78%"
"31.10.2013","2,2390","2,1840","2,2413","2,1839","","2,54%"
"30.10.2013","2,1835","2,1850","2,1974","2,1801","","-0,02%"
"29.10.2013","2,1840","2,1805","2,1859","2,1742","","0,21%"
"28.10.2013","2,1795","2,1890","2,1890","2,1782","","-0,34%"
"25.10.2013","2,1870","2,2035","2,2045","2,1800","","-0,73%"
"24.10.2013","2,2030","2,1913","2,2092","2,1909","","0,69%"
"23.10.2013","2,1878","2,1725","2,1914","2,1723","","0,73%"
"22.10.2013","2,1720","2,1735","2,1901","2,1641","","-0,05%"
"21.10.2013","2,1730","2,1689","2,1829","2,1663","","0,21%"
"18.10.2013","2,1685","2,1524","2,1794","2,1467","","0,77%"
"17.10.2013","2,1520","2,1803","2,1821","2,1508","","-1,28%"
"16.10.2013","2,1800","2,1778","2,1853","2,1546","","0,14%"
"15.10.2013","2,1769","2,1818","2,1910","2,1759","","-0,20%"
"14.10.2013","2,1813","2,1790","2,1946","2,1640","","0,38%"
"11.10.2013","2,1730","2,1801","2,1880","2,1725","","-0,30%"
"10.10.2013","2,1796","2,2068","2,2076","2,1685","","-1,22%"
"09.10.2013","2,2065","2,2112","2,2150","2,1995","","-0,20%"
"08.10.2013","2,2109","2,2047","2,2119","2,1946","","0,29%"
"07.10.2013","2,2044","2,2071","2,2208","2,2012","","-0,32%"
"04.10.2013","2,2114","2,2076","2,2133","2,1979","","0,24%"
"03.10.2013","2,2060","2,1913","2,2140","2,1909","","0,70%"
"02.10.2013","2,1906","2,2160","2,2245","2,1911","","-1,10%"
"01.10.2013","2,2149","2,2163","2,2306","2,1965","","-0,03%"
"30.09.2013","2,2156","2,2566","2,2600","2,2097","","-1,59%"
"27.09.2013","2,2515","2,2459","2,2650","2,2440","","0,29%"
"26.09.2013","2,2451","2,2324","2,2492","2,2151","","0,58%"
"25.09.2013","2,2321","2,1991","2,2351","2,1976","","1,44%"
"24.09.2013","2,2005","2,1985","2,2131","2,1874","","0,11%"
"23.09.2013","2,1980","2,2102","2,2165","2,1948","","-0,53%"
"20.09.2013","2,2097","2,2026","2,2220","2,1905","","0,35%"
"19.09.2013","2,2021","2,1840","2,2167","2,1792","","0,76%"
"18.09.2013","2,1855","2,2548","2,2590","2,1830","","-3,10%"
"17.09.2013","2,2555","2,2840","2,2858","2,2523","","-1,24%"
"16.09.2013","2,2839","2,2503","2,2855","2,2480","","0,20%"
"13.09.2013","2,2793","2,2748","2,2874","2,2685","","0,23%"
"12.09.2013","2,2740","2,2768","2,2896","2,2689","","-0,09%"