Data,Ultimo,Abertura,Maxima,Minima
01/01/2026,"5,4778","5,4778","5,4778","5,4778"
31/12/2025,"5,4778","5,4778","5,4778","5,4778"
30/12/2025,"5,4778","5,5664","5,5688","5,474"
29/12/2025,"5,5707","5,5445","5,5859","5,541"
26/12/2025,"5,5439","5,546","5,5672","5,52"
25/12/2025,"5,521","5,521","5,521","5,521"
24/12/2025,"5,521","5,519","5,521","5,519"
23/12/2025,"5,5208","5,5915","5,597","5,5193"
22/12/2025,"5,5901","5,543","5,6068","5,5177"
19/12/2025,"5,543","5,522","5,5497","5,4981"
18/12/2025,"5,522","5,5193","5,5593","5,501"
17/12/2025,"5,5205","5,4683","5,5315","5,4683"
16/12/2025,"5,5093","5,4151","5,5093","5,4148"
15/12/2025,"5,4148","5,4187","5,4262","5,381"
12/12/2025,"5,419","5,4058","5,4265","5,3795"
11/12/2025,"5,4084","5,4718","5,4784","5,3952"
10/12/2025,"5,473","5,4405","5,4948","5,4182"
09/12/2025,"5,4336","5,4323","5,4959","5,421"
08/12/2025,"5,4303","5,4395","5,468","5,3864"
05/12/2025,"5,4395","5,3109","5,4842","5,2967"
04/12/2025,"5,3097","5,3079","5,3166","5,2877"
03/12/2025,"5,3079","5,3171","5,3245","5,2986"
02/12/2025,"5,3279","5,3575","5,3641","5,3264"
01/12/2025,"5,3575","5,3328","5,3657","5,324"
28/11/2025,"5,3368","5,3566","5,3581","5,3227"
27/11/2025,"5,3566","5,3322","5,3594","5,3291"
26/11/2025,"5,3324","5,3828","5,3909","5,3298"
25/11/2025,"5,3815","5,3886","5,4136","5,3561"
24/11/2025,"5,3886","5,4033","5,4079","5,3783"
21/11/2025,"5,4033","5,3308","5,4334","5,3308"
20/11/2025,"5,3333","5,3308","5,3333","5,3303"
19/11/2025,"5,3308","5,3222","5,3474","5,3207"
18/11/2025,"5,3222","5,328","5,3466","5,3152"
17/11/2025,"5,3294","5,2965","5,335","5,2923"
14/11/2025,"5,2965","5,2982","5,3176","5,2729"
13/11/2025,"5,2982","5,293","5,3061","5,2732"
12/11/2025,"5,293","5,2722","5,3032","5,2652"
11/11/2025,"5,2722","5,2913","5,2992","5,2633"
10/11/2025,"5,2912","5,334","5,334","5,2877"
07/11/2025,"5,3324","5,3502","5,3668","5,3314"
06/11/2025,"5,3502","5,3599","5,3643","5,3307"
05/11/2025,"5,3599","5,3976","5,405","5,3533"
04/11/2025,"5,3976","5,3572","5,4021","5,3563"
03/11/2025,"5,3572","5,3756","5,3829","5,3447"
31/10/2025,"5,3744","5,3815","5,4","5,3706"
30/10/2025,"5,3812","5,3587","5,3959","5,3547"
29/10/2025,"5,361","5,3585","5,3677","5,3342"
28/10/2025,"5,3584","5,3747","5,3887","5,3529"
27/10/2025,"5,3733","5,3904","5,3928","5,3584"
24/10/2025,"5,3896","5,3825","5,3987","5,3606"
23/10/2025,"5,3828","5,4034","5,404","5,3779"
22/10/2025,"5,4004","5,3884","5,4138","5,3759"
21/10/2025,"5,3881","5,3746","5,4056","5,3698"
20/10/2025,"5,3748","5,4044","5,412","5,3664"
17/10/2025,"5,4085","5,446","5,4605","5,4025"
16/10/2025,"5,446","5,4549","5,4593","5,42"
15/10/2025,"5,4552","5,4829","5,4847","5,4315"
14/10/2025,"5,4822","5,466","5,5198","5,4552"
13/10/2025,"5,4655","5,5209","5,5209","5,4412"
10/10/2025,"5,522","5,3693","5,5229","5,3599"
09/10/2025,"5,3685","5,3431","5,3801","5,3237"
08/10/2025,"5,3431","5,351","5,364","5,3293"
07/10/2025,"5,3511","5,3135","5,3566","5,3108"
06/10/2025,"5,3132","5,3374","5,3503","5,308"
03/10/2025,"5,3375","5,3405","5,362","5,3243"
02/10/2025,"5,3386","5,3297","5,3732","5,3071"
01/10/2025,"5,3294","5,3233","5,3367","5,2935"
30/09/2025,"5,3229","5,3216","5,3345","5,3042"
29/09/2025,"5,3221","5,3448","5,3469","5,3044"
26/09/2025,"5,3431","5,3637","5,3675","5,3354"
25/09/2025,"5,3639","5,3327","5,3713","5,3088"
24/09/2025,"5,333","5,2825","5,334","5,2768"
23/09/2025,"5,2829","5,3355","5,3467","5,2767"
22/09/2025,"5,3353","5,3241","5,3666","5,3202"
19/09/2025,"5,3238","5,3126","5,3398","5,3043"
18/09/2025,"5,3138","5,3058","5,3195","5,2695"
17/09/2025,"5,3059","5,2968","5,3137","5,2753"
16/09/2025,"5,2972","5,3173","5,3224","5,2913"
15/09/2025,"5,3168","5,352","5,3581","5,3087"
12/09/2025,"5,3549","5,3896","5,405","5,3439"
11/09/2025,"5,3903","5,408","5,4241","5,3736"
10/09/2025,"5,4087","5,4392","5,4409","5,3987"
09/09/2025,"5,4398","5,4196","5,4435","5,4135"
08/09/2025,"5,4196","5,413","5,4487","5,4003"
05/09/2025,"5,4134","5,4473","5,4499","5,382"
04/09/2025,"5,4462","5,4519","5,4723","5,4415"
03/09/2025,"5,4516","5,4649","5,472","5,434"
02/09/2025,"5,465","5,4399","5,5017","5,4383"
01/09/2025,"5,4403","5,4237","5,4499","5,415"
29/08/2025,"5,4304","5,4134","5,443","5,4113"
28/08/2025,"5,4129","5,4188","5,4317","5,3947"
27/08/2025,"5,4178","5,4311","5,4584","5,4147"
26/08/2025,"5,4311","5,4121","5,4501","5,3987"
25/08/2025,"5,4121","5,4234","5,4365","5,4014"
22/08/2025,"5,4227","5,475","5,4778","5,4078"
21/08/2025,"5,471","5,4831","5,4961","5,4662"
20/08/2025,"5,4829","5,5036","5,5061","5,462"
19/08/2025,"5,504","5,4372","5,5083","5,4309"
18/08/2025,"5,4368","5,4009","5,4407","5,398"
15/08/2025,"5,4009","5,416","5,4165","5,3845"
14/08/2025,"5,416","5,399","5,432","5,3895"
13/08/2025,"5,3991","5,389","5,4114","5,38"
12/08/2025,"5,3895","5,4428","5,4461","5,3848"
11/08/2025,"5,4424","5,4338","5,4597","5,4318"
08/08/2025,"5,434","5,4236","5,443","5,4131"
07/08/2025,"5,4236","5,4643","5,4765","5,4158"
06/08/2025,"5,4632","5,5081","5,5116","5,458"
05/08/2025,"5,5075","5,4984","5,5356","5,4969"
04/08/2025,"5,4988","5,5421","5,5439","5,4952"
01/08/2025,"5,542","5,6003","5,6286","5,5252"
31/07/2025,"5,6015","5,5695","5,6248","5,5213"
30/07/2025,"5,5695","5,5744","5,6307","5,5438"
29/07/2025,"5,5747","5,5893","5,6067","5,5588"
28/07/2025,"5,5888","5,5642","5,6063","5,5642"
25/07/2025,"5,5633","5,5213","5,574","5,5183"
24/07/2025,"5,5215","5,5214","5,5398","5,5115"
23/07/2025,"5,5212","5,5653","5,5781","5,5147"
22/07/2025,"5,5657","5,5674","5,5908","5,5514"
21/07/2025,"5,5671","5,5795","5,6115","5,5503"
18/07/2025,"5,579","5,5475","5,5984","5,5228"
17/07/2025,"5,5449","5,5689","5,6103","5,537"
16/07/2025,"5,569","5,5571","5,5952","5,5409"
15/07/2025,"5,5571","5,5896","5,6049","5,5345"
14/07/2025,"5,5893","5,5598","5,5937","5,544"
11/07/2025,"5,5589","5,5319","5,5925","5,5294"
10/07/2025,"5,5321","5,5771","5,6285","5,5243"
09/07/2025,"5,5766","5,4471","5,6057","5,4451"
08/07/2025,"5,4474","5,4884","5,4918","5,4353"
07/07/2025,"5,488","5,4211","5,4891","5,421"
04/07/2025,"5,4212","5,4092","5,4266","5,4022"
03/07/2025,"5,409","5,4244","5,4475","5,4026"
02/07/2025,"5,424","5,4585","5,4985","5,4151"
01/07/2025,"5,4588","5,4321","5,4703","5,4183"
30/06/2025,"5,4326","5,4846","5,5073","5,4234"
27/06/2025,"5,4856","5,488","5,5045","5,4587"
26/06/2025,"5,489","5,5639","5,5646","5,4882"
25/06/2025,"5,5637","5,5109","5,574","5,5065"
24/06/2025,"5,5113","5,4957","5,5238","5,4752"
23/06/2025,"5,4965","5,5131","5,5437","5,4941"
20/06/2025,"5,5132","5,4916","5,5277","5,468"
19/06/2025,"5,4916","5,4915","5,4932","5,487"
18/06/2025,"5,4917","5,4995","5,5116","5,475"
17/06/2025,"5,4997","5,492","5,5076","5,4656"
16/06/2025,"5,492","5,5437","5,5437","5,4852"
13/06/2025,"5,5439","5,5375","5,594","5,5305"
12/06/2025,"5,5375","5,5369","5,5596","5,5245"
11/06/2025,"5,5364","5,5744","5,5814","5,5218"
10/06/2025,"5,5744","5,5587","5,5777","5,5384"
09/06/2025,"5,5588","5,5629","5,5992","5,5506"
06/06/2025,"5,5594","5,589","5,6183","5,5581"
05/06/2025,"5,5893","5,6366","5,6381","5,5775"
04/06/2025,"5,6368","5,6389","5,6531","5,6087"
03/06/2025,"5,6393","5,674","5,7107","5,6247"
02/06/2025,"5,6734","5,7236","5,7236","5,6663"
30/05/2025,"5,7227","5,6666","5,741","5,6495"
29/05/2025,"5,6666","5,6897","5,7036","5,6421"
28/05/2025,"5,689","5,6417","5,7182","5,6374"
27/05/2025,"5,6424","5,6691","5,6747","5,6354"
26/05/2025,"5,6693","5,6467","5,6787","5,6352"
23/05/2025,"5,6468","5,7163","5,7459","5,6432"
22/05/2025,"5,716","5,6455","5,7167","5,5946"
21/05/2025,"5,6458","5,668","5,6785","5,6402"
20/05/2025,"5,6682","5,6516","5,6835","5,6412"
19/05/2025,"5,6516","5,6638","5,6911","5,6315"
16/05/2025,"5,6633","5,6821","5,714","5,661"
15/05/2025,"5,6821","5,6378","5,6977","5,6136"
14/05/2025,"5,6384","5,6088","5,639","5,5824"
13/05/2025,"5,6085","5,6749","5,6758","5,595"
12/05/2025,"5,6752","5,65","5,7065","5,6498"
09/05/2025,"5,6556","5,662","5,6806","5,6376"
08/05/2025,"5,6615","5,7454","5,7489","5,6597"
07/05/2025,"5,7459","5,7142","5,7644","5,6962"
06/05/2025,"5,7135","5,6879","5,7384","5,6865"
05/05/2025,"5,6886","5,6553","5,6905","5,6286"
02/05/2025,"5,6579","5,6709","5,6739","5,6259"
01/05/2025,"5,6734","5,6734","5,6734","5,6734"
30/04/2025,"5,6748","5,62","5,6871","5,6031"
29/04/2025,"5,621","5,6544","5,6633","5,6191"
28/04/2025,"5,6546","5,6872","5,7005","5,646"
25/04/2025,"5,6841","5,6823","5,7077","5,6641"
24/04/2025,"5,6833","5,7068","5,7114","5,6622"
23/04/2025,"5,7096","5,7251","5,7286","5,6558"
22/04/2025,"5,7255","5,807","5,8073","5,718"
21/04/2025,"5,8067","5,8073","5,8073","5,807"
18/04/2025,"5,8067","5,8073","5,8119","5,8066"
17/04/2025,"5,8063","5,8667","5,8887","5,7964"
16/04/2025,"5,8664","5,8868","5,916","5,852"
15/04/2025,"5,8859","5,853","5,9044","5,833"
14/04/2025,"5,8551","5,8658","5,8753","5,8279"
11/04/2025,"5,8648","5,8855","5,92","5,8168"
10/04/2025,"5,8856","5,8219","5,9556","5,8177"
09/04/2025,"5,8215","6,0116","6,0966","5,8218"
08/04/2025,"6,0109","5,9143","6,0199","5,8597"
07/04/2025,"5,9139","5,8441","5,9325","5,8156"
04/04/2025,"5,8425","5,6286","5,8541","5,6271"
03/04/2025,"5,629","5,6635","5,6657","5,5929"
02/04/2025,"5,6607","5,6818","5,7148","5,6487"
01/04/2025,"5,6815","5,7052","5,7334","5,6729"
31/03/2025,"5,7047","5,7585","5,7861","5,7007"
28/03/2025,"5,7604","5,746","5,7825","5,739"
27/03/2025,"5,7452","5,7362","5,7715","5,722"
26/03/2025,"5,7359","5,6998","5,7483","5,6933"
25/03/2025,"5,6989","5,7652","5,7661","5,6773"
24/03/2025,"5,7646","5,7291","5,7726","5,7021"
21/03/2025,"5,7291","5,6804","5,7347","5,6754"
20/03/2025,"5,6797","5,6499","5,6816","5,6452"
19/03/2025,"5,6485","5,6713","5,6914","5,632"
18/03/2025,"5,6705","5,6836","5,7145","5,6556"
17/03/2025,"5,6835","5,741","5,7421","5,6657"
14/03/2025,"5,7385","5,8002","5,8096","5,7094"
13/03/2025,"5,799","5,7993","5,8365","5,7912"
12/03/2025,"5,7978","5,8109","5,8476","5,7853"
11/03/2025,"5,8103","5,8573","5,8574","5,8031"
10/03/2025,"5,8555","5,7912","5,8732","5,7722"
07/03/2025,"5,7874","5,7646","5,8005","5,7511"
06/03/2025,"5,7639","5,74","5,781","5,7323"
05/03/2025,"5,7394","5,8854","5,8854","5,7387"
04/03/2025,"5,8852","5,8852","5,8852","5,8852"
03/03/2025,"5,8852","5,8852","5,8852","5,8852"
28/02/2025,"5,8852","5,8351","5,9184","5,8227"
27/02/2025,"5,8401","5,817","5,8413","5,7957"
26/02/2025,"5,8035","5,742","5,8188","5,7333"
25/02/2025,"5,7396","5,7708","5,8137","5,7386"
24/02/2025,"5,7785","5,7302","5,7825","5,7068"
21/02/2025,"5,732","5,7027","5,7368","5,6936"
20/02/2025,"5,7029","5,7218","5,7218","5,6861"
19/02/2025,"5,7214","5,693","5,7329","5,6825"
18/02/2025,"5,6892","5,7102","5,7253","5,6752"
17/02/2025,"5,713","5,7033","5,7237","5,695"
14/02/2025,"5,7042","5,7673","5,7707","5,6928"
13/02/2025,"5,7669","5,7642","5,7997","5,7548"
12/02/2025,"5,7649","5,7653","5,7878","5,7429"
11/02/2025,"5,7635","5,7877","5,8078","5,7571"
10/02/2025,"5,7874","5,8095","5,8243","5,7638"
07/02/2025,"5,8058","5,7622","5,8131","5,7349"
06/02/2025,"5,7617","5,8044","5,8246","5,7485"
05/02/2025,"5,7973","5,7586","5,8179","5,7491"
04/02/2025,"5,754","5,8008","5,8271","5,7527"
03/02/2025,"5,8066","5,8404","5,9052","5,7951"
31/01/2025,"5,841","5,8735","5,8735","5,8106"
30/01/2025,"5,874","5,8706","5,9332","5,8473"
29/01/2025,"5,8563","5,8633","5,8892","5,842"
28/01/2025,"5,8571","5,8953","5,9205","5,8557"
27/01/2025,"5,8926","5,9447","5,956","5,8926"
24/01/2025,"5,9109","5,9247","5,925","5,8674"
23/01/2025,"5,9243","5,9423","5,9706","5,8733"
22/01/2025,"5,9415","6,0222","6,0273","5,9155"
21/01/2025,"6,022","6,0319","6,068","6,0168"
20/01/2025,"6,0315","6,0691","6,0862","6,0268"
17/01/2025,"6,0704","6,0551","6,0905","6,0266"
16/01/2025,"6,0499","6,0104","6,0708","5,9935"
15/01/2025,"6,0098","6,056","6,0701","6,0043"
14/01/2025,"6,0559","6,0979","6,0979","6,0406"
13/01/2025,"6,0944","6,11","6,1358","6,0748"
10/01/2025,"6,1053","6,0365","6,1235","6,0299"
09/01/2025,"6,0364","6,1058","6,1223","6,0319"
08/01/2025,"6,1055","6,1013","6,1565","6,1013"
07/01/2025,"6,101","6,1156","6,1189","6,0535"
06/01/2025,"6,1152","6,1817","6,182","6,092"
03/01/2025,"6,1798","6,1522","6,2011","6,1357"
02/01/2025,"6,1519","6,1847","6,2284","6,1446"
01/01/2025,"6,184","6,1847","6,1847","6,1847"
31/12/2024,"6,1778","6,1778","6,1778","6,1778"
30/12/2024,"6,1778","6,203","6,2428","6,1518"
27/12/2024,"6,1964","6,1834","6,2159","6,1693"
26/12/2024,"6,1828","6,1602","6,1982","6,1462"
25/12/2024,"6,1906","6,1906","6,1906","6,1906"
24/12/2024,"6,1906","6,1919","6,1937","6,1913"
23/12/2024,"6,1939","6,0799","6,202","6,0799"
20/12/2024,"6,0853","6,1443","6,1493","6,0435"
19/12/2024,"6,1525","6,2446","6,3007","6,1051"
18/12/2024,"6,2896","6,0981","6,3144","6,0937"
17/12/2024,"6,1048","6,1463","6,2097","6,058"
16/12/2024,"6,1479","6,0464","6,15","6,0246"
13/12/2024,"6,0419","5,9976","6,0778","5,974"
12/12/2024,"5,9915","5,9549","6,0494","5,8664"
11/12/2024,"5,9543","6,0456","6,0733","5,9405"
10/12/2024,"6,045","6,0793","6,0835","6,017"
09/12/2024,"6,0788","6,0897","6,0904","6,0369"
06/12/2024,"6,0894","6,0116","6,0952","5,9836"
05/12/2024,"6,0113","6,0381","6,0384","5,9598"
04/12/2024,"6,0409","6,0413","6,0738","6,0198"
03/12/2024,"6,044","6,0584","6,0957","6,0285"
02/12/2024,"6,058","6,0002","6,0914","6,0002"
29/11/2024,"5,973","6,0037","6,1159","5,9557"
28/11/2024,"6,0142","5,971","6,023","5,9458"
27/11/2024,"5,9377","5,8122","5,9401","5,8033"
26/11/2024,"5,8095","5,8113","5,8335","5,7804"
25/11/2024,"5,7983","5,7867","5,8212","5,7755"
22/11/2024,"5,801","5,8142","5,8326","5,7879"
21/11/2024,"5,8144","5,7759","5,8337","5,7755"
20/11/2024,"5,7725","5,7731","5,7759","5,7727"
19/11/2024,"5,7694","5,7469","5,7978","5,745"
18/11/2024,"5,7473","5,7951","5,8003","5,7351"
15/11/2024,"5,7947","5,7956","5,7964","5,795"
14/11/2024,"5,789","5,8032","5,8296","5,7602"
13/11/2024,"5,8061","5,7482","5,8183","5,7218"
12/11/2024,"5,749","5,7546","5,799","5,7463"
11/11/2024,"5,7559","5,7756","5,8167","5,7505"
08/11/2024,"5,7376","5,6926","5,791","5,6912"
07/11/2024,"5,6923","5,6774","5,7239","5,6336"
06/11/2024,"5,6793","5,7512","5,8625","5,6644"
05/11/2024,"5,7508","5,7699","5,8054","5,7393"
04/11/2024,"5,7916","5,8681","5,8697","5,7558"
01/11/2024,"5,8681","5,7885","5,8754","5,762"
31/10/2024,"5,7867","5,7624","5,7949","5,7534"
30/10/2024,"5,763","5,761","5,7928","5,7545"
29/10/2024,"5,7604","5,7103","5,7673","5,6974"
28/10/2024,"5,7096","5,7076","5,7206","5,6855"
25/10/2024,"5,7073","5,6662","5,7137","5,6617"
24/10/2024,"5,6643","5,6909","5,7205","5,6606"
23/10/2024,"5,6884","5,6904","5,7326","5,6848"
22/10/2024,"5,6894","5,6943","5,7182","5,6743"
21/10/2024,"5,6939","5,6898","5,7354","5,6867"
18/10/2024,"5,6912","5,6554","5,7031","5,6289"
17/10/2024,"5,6546","5,6652","5,6896","5,6519"
16/10/2024,"5,6652","5,6507","5,7007","5,6297"
15/10/2024,"5,6502","5,5952","5,6656","5,5797"
14/10/2024,"5,5928","5,6121","5,6522","5,5643"
11/10/2024,"5,6126","5,5831","5,6537","5,5572"
10/10/2024,"5,5821","5,5943","5,605","5,5665"
09/10/2024,"5,5941","5,535","5,5995","5,5306"
08/10/2024,"5,5349","5,4918","5,5395","5,4897"
07/10/2024,"5,49","5,4557","5,4927","5,42"
04/10/2024,"5,4555","5,4778","5,5199","5,4513"
03/10/2024,"5,4759","5,4417","5,5116","5,4385"
02/10/2024,"5,4407","5,4377","5,4608","5,4037"
01/10/2024,"5,4368","5,45","5,4788","5,4296"
30/09/2024,"5,4482","5,4347","5,474","5,4025"
27/09/2024,"5,4329","5,4399","5,4583","5,4266"
26/09/2024,"5,4375","5,4749","5,4781","5,4045"
25/09/2024,"5,4774","5,4556","5,4974","5,4397"
24/09/2024,"5,4547","5,5374","5,5422","5,446"
23/09/2024,"5,5364","5,5104","5,6005","5,5104"
20/09/2024,"5,5103","5,4265","5,5247","5,4153"
19/09/2024,"5,4263","5,4616","5,4665","5,3938"
18/09/2024,"5,4612","5,4833","5,4965","5,4093"
17/09/2024,"5,4825","5,5108","5,5161","5,4781"
16/09/2024,"5,51","5,5677","5,5818","5,4973"
13/09/2024,"5,564","5,6284","5,6308","5,5437"
12/09/2024,"5,6276","5,6633","5,6769","5,6143"
11/09/2024,"5,6618","5,6608","5,6744","5,6062"
10/09/2024,"5,6582","5,5837","5,6723","5,5682"
09/09/2024,"5,5842","5,5992","5,641","5,5747"
06/09/2024,"5,599","5,5749","5,6022","5,5286"
05/09/2024,"5,5741","5,6404","5,6494","5,5694"
04/09/2024,"5,6399","5,6459","5,662","5,6154"
03/09/2024,"5,6454","5,6166","5,6534","5,5757"
02/09/2024,"5,6177","5,6463","5,6605","5,6036"
30/08/2024,"5,6103","5,6279","5,6933","5,5742"
29/08/2024,"5,6266","5,5656","5,6631","5,5528"
28/08/2024,"5,5644","5,5106","5,5706","5,5054"
27/08/2024,"5,5082","5,4964","5,5196","5,4756"
26/08/2024,"5,495","5,4868","5,5139","5,4719"
23/08/2024,"5,4863","5,5856","5,6061","5,4738"
22/08/2024,"5,5834","5,4863","5,5964","5,4715"
21/08/2024,"5,4858","5,4774","5,5109","5,458"
20/08/2024,"5,478","5,4124","5,493","5,4052"
19/08/2024,"5,4121","5,4721","5,4738","5,3762"
16/08/2024,"5,4753","5,483","5,4878","5,4365"
15/08/2024,"5,4827","5,4744","5,4949","5,4493"
14/08/2024,"5,473","5,4553","5,4876","5,4286"
13/08/2024,"5,4538","5,5003","5,5033","5,4471"
12/08/2024,"5,4974","5,5078","5,5236","5,472"
09/08/2024,"5,5064","5,5493","5,5545","5,4912"
08/08/2024,"5,5493","5,6351","5,6554","5,544"
07/08/2024,"5,6341","5,6625","5,6631","5,5971"
06/08/2024,"5,6623","5,724","5,7262","5,6309"
05/08/2024,"5,7238","5,731","5,8657","5,7127"
02/08/2024,"5,7273","5,7488","5,7944","5,6985"
01/08/2024,"5,7483","5,6511","5,7536","5,6326"
31/07/2024,"5,65","5,6125","5,6846","5,608"
30/07/2024,"5,6121","5,6165","5,6636","5,6107"
29/07/2024,"5,6159","5,6665","5,6693","5,6128"
26/07/2024,"5,6557","5,6448","5,6725","5,6178"
25/07/2024,"5,6442","5,6543","5,6901","5,6182"
24/07/2024,"5,6536","5,587","5,6627","5,5855"
23/07/2024,"5,5846","5,5789","5,6073","5,5582"
22/07/2024,"5,5779","5,5916","5,6104","5,5353"
19/07/2024,"5,5952","5,5476","5,6093","5,521"
18/07/2024,"5,546","5,4813","5,5901","5,4798"
17/07/2024,"5,4821","5,4286","5,4882","5,4248"
16/07/2024,"5,4286","5,4463","5,4632","5,4053"
15/07/2024,"5,4448","5,4292","5,4773","5,4292"
12/07/2024,"5,4285","5,4399","5,4661","5,4145"
11/07/2024,"5,4381","5,4148","5,4539","5,37"
10/07/2024,"5,4144","5,4223","5,4268","5,3713"
09/07/2024,"5,4222","5,47","5,4781","5,4102"
08/07/2024,"5,4699","5,46","5,4952","5,4562"
05/07/2024,"5,4592","5,4909","5,5347","5,456"
04/07/2024,"5,4887","5,5575","5,5595","5,4655"
03/07/2024,"5,5563","5,6784","5,68","5,5402"
02/07/2024,"5,6777","5,6613","5,7017","5,6279"
01/07/2024,"5,6603","5,5921","5,6645","5,5664"
28/06/2024,"5,5925","5,5024","5,5995","5,484"
27/06/2024,"5,5019","5,5195","5,5392","5,483"
26/06/2024,"5,5194","5,4511","5,527","5,4504"
25/06/2024,"5,4509","5,394","5,4566","5,3894"
24/06/2024,"5,3928","5,4302","5,4374","5,3759"
21/06/2024,"5,4302","5,4488","5,4623","5,4228"
20/06/2024,"5,4483","5,4367","5,4697","5,387"
19/06/2024,"5,4362","5,4361","5,4832","5,4269"
18/06/2024,"5,4359","5,4194","5,4446","5,3924"
17/06/2024,"5,4195","5,3763","5,4314","5,3717"
14/06/2024,"5,3757","5,364","5,3875","5,3432"
13/06/2024,"5,3636","5,4141","5,4164","5,3619"
12/06/2024,"5,4123","5,3681","5,43","5,3362"
11/06/2024,"5,3662","5,3548","5,3738","5,3351"
10/06/2024,"5,3547","5,3349","5,3894","5,315"
07/06/2024,"5,3448","5,2559","5,3489","5,2408"
06/06/2024,"5,256","5,297","5,3092","5,2401"
05/06/2024,"5,2964","5,2868","5,3061","5,2597"
04/06/2024,"5,2861","5,2477","5,2969","5,2452"
03/06/2024,"5,2467","5,2459","5,2677","5,2137"
31/05/2024,"5,2443","5,1997","5,2587","5,193"
30/05/2024,"5,2034","5,2038","5,2038","5,2036"
29/05/2024,"5,2018","5,1615","5,2141","5,1573"
28/05/2024,"5,1611","5,1715","5,1738","5,1349"
27/05/2024,"5,1708","5,1713","5,1852","5,1557"
24/05/2024,"5,166","5,1446","5,1767","5,1302"
23/05/2024,"5,1442","5,1511","5,1607","5,1255"
22/05/2024,"5,1503","5,1228","5,1643","5,1219"
21/05/2024,"5,1225","5,104","5,1254","5,0838"
20/05/2024,"5,1033","5,1035","5,1293","5,0903"
17/05/2024,"5,1031","5,1288","5,1385","5,1003"
16/05/2024,"5,1288","5,1373","5,14","5,1047"
15/05/2024,"5,1373","5,1302","5,1711","5,1204"
14/05/2024,"5,1299","5,1511","5,1614","5,1234"
13/05/2024,"5,1511","5,1588","5,1649","5,123"
10/05/2024,"5,1584","5,1424","5,1614","5,1165"
09/05/2024,"5,1412","5,0914","5,1775","5,0875"
08/05/2024,"5,0909","5,0712","5,1083","5,0688"
07/05/2024,"5,0707","5,077","5,0847","5,0484"
06/05/2024,"5,0758","5,0725","5,0917","5,0602"
03/05/2024,"5,0722","5,111","5,1164","5,0437"
02/05/2024,"5,1113","5,194","5,194","5,0995"
01/05/2024,"5,1936","5,194","5,1999","5,1929"
30/04/2024,"5,1934","5,119","5,1975","5,1133"
29/04/2024,"5,1189","5,117","5,1227","5,102"
26/04/2024,"5,1151","5,1615","5,1673","5,1085"
25/04/2024,"5,1602","5,1472","5,1935","5,1099"
24/04/2024,"5,1457","5,1263","5,172","5,1238"
23/04/2024,"5,126","5,1674","5,1894","5,1182"
22/04/2024,"5,168","5,2021","5,2189","5,1633"
19/04/2024,"5,2027","5,2485","5,2778","5,1849"
18/04/2024,"5,2482","5,2421","5,2789","5,2284"
17/04/2024,"5,242","5,2829","5,2916","5,2194"
16/04/2024,"5,2826","5,1851","5,2873","5,1817"
15/04/2024,"5,1846","5,1149","5,2153","5,1031"
12/04/2024,"5,1175","5,0922","5,1487","5,089"
11/04/2024,"5,0917","5,0735","5,0931","5,058"
10/04/2024,"5,0746","5,0092","5,0863","4,997"
09/04/2024,"5,009","5,0281","5,031","4,9995"
08/04/2024,"5,0268","5,0665","5,0759","5,0247"
05/04/2024,"5,0655","5,0549","5,0746","5,028"
04/04/2024,"5,0538","5,0392","5,0574","5,0043"
03/04/2024,"5,0393","5,0584","5,0921","5,0349"
02/04/2024,"5,0576","5,0551","5,0631","5,0216"
01/04/2024,"5,0543","5,0147","5,0708","5,0093"
29/03/2024,"5,0153","5,0155","5,0163","5,0139"
28/03/2024,"5,0129","4,9871","5,0184","4,9788"
27/03/2024,"4,9866","4,9816","4,9942","4,9716"
26/03/2024,"4,9808","4,9752","4,9942","4,9651"
25/03/2024,"4,9751","5,0023","5,0065","4,9718"
22/03/2024,"4,9997","4,9781","5,0099","4,9739"
21/03/2024,"4,9781","4,9688","4,9865","4,9504"
20/03/2024,"4,9691","5,0313","5,0354","4,9649"
19/03/2024,"5,0301","5,0261","5,0557","5,01"
18/03/2024,"5,0253","4,996","5,0324","4,9834"
15/03/2024,"4,9949","4,9897","5,0022","4,9812"
14/03/2024,"4,9895","4,9705","4,9945","4,953"
13/03/2024,"4,97","4,972","4,9887","4,9621"
12/03/2024,"4,9718","4,978","4,9957","4,9581"
11/03/2024,"4,9771","4,9835","5,0004","4,9598"
08/03/2024,"4,9806","4,9345","4,9923","4,9341"
07/03/2024,"4,935","4,9451","4,9473","4,9311"
06/03/2024,"4,9446","4,9586","4,9611","4,9328"
05/03/2024,"4,9581","4,9471","4,9622","4,9398"
04/03/2024,"4,9458","4,9545","4,9588","4,9404"
01/03/2024,"4,9541","4,9708","4,975","4,9458"
29/02/2024,"4,9716","4,9689","4,9993","4,9619"
28/02/2024,"4,9675","4,9338","4,9764","4,9316"
27/02/2024,"4,9335","4,9802","4,9839","4,9281"
26/02/2024,"4,9799","4,9943","4,9963","4,9703"
23/02/2024,"4,9951","4,961","4,9978","4,9595"
22/02/2024,"4,9605","4,9382","4,9659","4,9186"
21/02/2024,"4,9358","4,9278","4,9468","4,9194"
20/02/2024,"4,9275","4,957","4,9654","4,9246"
19/02/2024,"4,9564","4,9686","4,9713","4,9514"
16/02/2024,"4,9665","4,9737","4,9894","4,9594"
15/02/2024,"4,9732","4,974","4,9833","4,9564"
14/02/2024,"4,969","4,9537","4,9797","4,9535"
13/02/2024,"4,9536","4,9537","4,957","4,952"
12/02/2024,"4,9536","4,9537","4,957","4,9535"
09/02/2024,"4,9517","4,9903","4,9918","4,9497"
08/02/2024,"4,992","4,9717","5,0017","4,9676"
07/02/2024,"4,9685","4,96","4,9749","4,9525"
06/02/2024,"4,9634","4,9879","4,9891","4,9508"
05/02/2024,"4,9854","4,9663","5,0184","4,9661"
02/02/2024,"4,9699","4,9167","4,9764","4,9072"
01/02/2024,"4,9163","4,9496","4,9697","4,91"
31/01/2024,"4,9526","4,9501","4,9668","4,925"
30/01/2024,"4,9516","4,9433","4,9819","4,9332"
29/01/2024,"4,9518","4,9175","4,9585","4,9056"
26/01/2024,"4,9168","4,9063","4,921","4,9018"
25/01/2024,"4,9165","4,9306","4,9418","4,9066"
24/01/2024,"4,9335","4,9525","4,9538","4,9075"
23/01/2024,"4,9535","4,9885","5,0023","4,9479"
22/01/2024,"4,9892","4,9338","4,9932","4,923"
19/01/2024,"4,931","4,9299","4,9396","4,902"
18/01/2024,"4,9269","4,9349","4,9561","4,9127"
17/01/2024,"4,9349","4,9299","4,9547","4,9224"
16/01/2024,"4,9258","4,8615","4,9338","4,8614"
15/01/2024,"4,8628","4,8566","4,8868","4,8427"
12/01/2024,"4,8539","4,8712","4,8787","4,8309"
11/01/2024,"4,87","4,893","4,8951","4,858"
10/01/2024,"4,8909","4,9072","4,9072","4,8776"
09/01/2024,"4,9038","4,8737","4,9098","4,8703"
08/01/2024,"4,87","4,8781","4,9014","4,863"
05/01/2024,"4,8743","4,9089","4,9407","4,8597"
04/01/2024,"4,8968","4,9181","4,9366","4,8953"
03/01/2024,"4,9198","4,9174","4,9397","4,8991"
02/01/2024,"4,9235","4,8533","4,924","4,8489"
01/01/2024,"4,8526","4,8534","4,8534","4,8534"
29/12/2023,"4,8521","4,8521","4,8521","4,8521"
28/12/2023,"4,8521","4,8323","4,8714","4,8175"
27/12/2023,"4,8267","4,8107","4,8408","4,8018"
26/12/2023,"4,814","4,8513","4,8614","4,8135"
25/12/2023,"4,8585","4,8585","4,8585","4,8585"
22/12/2023,"4,8585","4,8865","4,8908","4,8481"
21/12/2023,"4,8844","4,9146","4,9146","4,8633"
20/12/2023,"4,9163","4,8642","4,9193","4,8566"
19/12/2023,"4,8675","4,9027","4,9038","4,8505"
18/12/2023,"4,8967","4,9414","4,952","4,8903"
15/12/2023,"4,9371","4,9121","4,9517","4,904"
14/12/2023,"4,9155","4,8755","4,918","4,8749"
13/12/2023,"4,9197","4,9663","4,9773","4,9145"
12/12/2023,"4,9631","4,9335","4,974","4,922"
11/12/2023,"4,9386","4,9268","4,9601","4,926"
08/12/2023,"4,9317","4,9083","4,9368","4,8941"
07/12/2023,"4,9115","4,9026","4,9152","4,879"
06/12/2023,"4,9022","4,9302","4,931","4,8883"
05/12/2023,"4,9306","4,9449","4,968","4,9228"
04/12/2023,"4,9432","4,878","4,9539","4,878"
01/12/2023,"4,8801","4,9265","4,9378","4,8675"
30/11/2023,"4,9205","4,906","4,9459","4,905"
29/11/2023,"4,9029","4,8711","4,9077","4,8639"
28/11/2023,"4,8705","4,905","4,9099","4,8575"
27/11/2023,"4,8964","4,906","4,9222","4,8718"
24/11/2023,"4,902","4,9076","4,9089","4,8826"
23/11/2023,"4,9039","4,9074","4,9093","4,8861"
22/11/2023,"4,9068","4,905","4,9205","4,8775"
21/11/2023,"4,9006","4,8576","4,9093","4,8425"
20/11/2023,"4,8543","4,9025","4,9064","4,8464"
17/11/2023,"4,9059","4,8636","4,9127","4,8509"
16/11/2023,"4,8632","4,8625","4,8876","4,8363"
15/11/2023,"4,862","4,8625","4,863","4,861"
14/11/2023,"4,8654","4,9079","4,9092","4,8472"
13/11/2023,"4,9075","4,9009","4,9427","4,9008"
10/11/2023,"4,9013","4,9341","4,9549","4,9018"
09/11/2023,"4,9342","4,9063","4,9476","4,8916"
08/11/2023,"4,9103","4,8736","4,9175","4,8706"
07/11/2023,"4,8724","4,8815","4,908","4,8585"
06/11/2023,"4,8853","4,9031","4,912","4,8813"
03/11/2023,"4,9012","4,9555","4,9555","4,8753"
02/11/2023,"4,9534","4,9534","4,9534","4,9534"
01/11/2023,"4,9534","5,0357","5,0457","4,9509"
31/10/2023,"5,035","5,0475","5,0717","5,0085"
30/10/2023,"5,0472","5,0143","5,0602","4,9717"
27/10/2023,"5,0152","4,9868","5,0202","4,9306"
26/10/2023,"4,9861","4,9963","5,0196","4,9861"
25/10/2023,"4,9947","4,9928","5,0201","4,9853"
24/10/2023,"4,9908","5,0142","5,0312","4,9892"
23/10/2023,"5,0112","5,0328","5,0545","4,9953"
20/10/2023,"5,0312","5,0648","5,099","5,0246"
19/10/2023,"5,0646","5,0598","5,0838","5,0188"
18/10/2023,"5,0591","5,0415","5,0762","5,0278"
17/10/2023,"5,0414","5,039","5,0659","5,0093"
16/10/2023,"5,0377","5,0532","5,0725","5,0315"
13/10/2023,"5,0801","5,0504","5,1031","5,0448"
12/10/2023,"5,046","5,0501","5,0501","5,0449"
11/10/2023,"5,0483","5,0518","5,0714","5,028"
10/10/2023,"5,0516","5,1353","5,14","5,0471"
09/10/2023,"5,1355","5,1615","5,182","5,121"
06/10/2023,"5,1457","5,1668","5,221","5,1424"
05/10/2023,"5,1658","5,155","5,1884","5,1494"
04/10/2023,"5,1562","5,1673","5,1789","5,1231"
03/10/2023,"5,1669","5,0637","5,1739","5,0637"
02/10/2023,"5,061","5,0308","5,081","5,0308"
29/09/2023,"5,032","5,0335","5,0406","4,9876"
28/09/2023,"5,0331","5,0436","5,0702","5,014"
27/09/2023,"5,0425","4,9911","5,08","4,9864"
26/09/2023,"4,9898","4,9684","4,9942","4,9519"
25/09/2023,"4,9678","4,932","4,9759","4,932"
22/09/2023,"4,9351","4,9367","4,9381","4,9033"
21/09/2023,"4,9351","4,8802","4,9396","4,8795"
20/09/2023,"4,8801","4,867","4,884","4,8422"
19/09/2023,"4,8673","4,8553","4,8761","4,839"
18/09/2023,"4,8556","4,8685","4,8784","4,8408"
15/09/2023,"4,8663","4,8682","4,8802","4,8584"
14/09/2023,"4,8668","4,9167","4,9214","4,862"
13/09/2023,"4,9153","4,9474","4,9683","4,8945"
12/09/2023,"4,947","4,9307","4,969","4,9307"
11/09/2023,"4,9307","4,9845","4,9867","4,9202"
08/09/2023,"4,9882","4,9787","4,9949","4,9636"
07/09/2023,"4,9767","4,9787","4,9787","4,9773"
06/09/2023,"4,9784","4,968","4,9953","4,9536"
05/09/2023,"4,9671","4,9376","4,9866","4,9376"
04/09/2023,"4,9376","4,9485","4,949","4,9069"
01/09/2023,"4,9463","4,9555","4,9558","4,8997"
31/08/2023,"4,9544","4,8876","4,9613","4,8639"
30/08/2023,"4,889","4,8536","4,8924","4,8424"
29/08/2023,"4,8523","4,8753","4,9027","4,8481"
28/08/2023,"4,8731","4,8719","4,9121","4,863"
25/08/2023,"4,8711","4,8816","4,9014","4,856"
24/08/2023,"4,8802","4,8576","4,888","4,8545"
23/08/2023,"4,8572","4,9367","4,9433","4,8457"
22/08/2023,"4,9386","4,9802","4,9805","4,9251"
21/08/2023,"4,9793","4,9684","4,9967","4,9563"
18/08/2023,"4,9694","4,976","5,0024","4,9567"
17/08/2023,"4,9758","4,9883","4,997","4,9583"
16/08/2023,"4,9879","4,9859","4,9931","4,9502"
15/08/2023,"4,9845","4,9636","4,9983","4,9588"
14/08/2023,"4,9615","4,9126","4,9716","4,9102"
11/08/2023,"4,9048","4,893","4,9104","4,8608"
10/08/2023,"4,8924","4,9029","4,9057","4,84"
09/08/2023,"4,902","4,9009","4,9166","4,8738"
08/08/2023,"4,8996","4,8985","4,9418","4,8895"
07/08/2023,"4,8999","4,8735","4,9152","4,8681"
04/08/2023,"4,8733","4,9185","4,9201","4,8453"
03/08/2023,"4,917","4,8126","4,9224","4,8123"
02/08/2023,"4,812","4,7935","4,8225","4,7807"
01/08/2023,"4,7911","4,7295","4,8008","4,728"
31/07/2023,"4,7241","4,7304","4,7607","4,713"
28/07/2023,"4,7336","4,7435","4,75","4,695"
27/07/2023,"4,7424","4,738","4,7596","4,7081"
26/07/2023,"4,7364","4,7508","4,7561","4,722"
25/07/2023,"4,7498","4,7274","4,7604","4,7159"
24/07/2023,"4,7271","4,7797","4,784","4,7229"
21/07/2023,"4,7795","4,8012","4,8257","4,7597"
20/07/2023,"4,798","4,792","4,8123","4,7681"
19/07/2023,"4,7909","4,8108","4,8224","4,779"
18/07/2023,"4,8105","4,8067","4,8281","4,7943"
17/07/2023,"4,8066","4,7896","4,8507","4,7896"
14/07/2023,"4,7894","4,7965","4,8154","4,7757"
13/07/2023,"4,7971","4,8201","4,8273","4,7858"
12/07/2023,"4,8184","4,8532","4,8616","4,7832"
11/07/2023,"4,8538","4,8985","4,9235","4,852"
10/07/2023,"4,8978","4,8696","4,9038","4,8535"
07/07/2023,"4,872","4,9195","4,936","4,8474"
06/07/2023,"4,9193","4,846","4,9507","4,8412"
05/07/2023,"4,8478","4,8413","4,871","4,8348"
04/07/2023,"4,8408","4,8079","4,85","4,7828"
03/07/2023,"4,8077","4,7885","4,8124","4,7592"
30/06/2023,"4,786","4,8559","4,8709","4,7828"
29/06/2023,"4,8553","4,8516","4,875","4,8283"
28/06/2023,"4,8506","4,8121","4,8717","4,8097"
27/06/2023,"4,8103","4,765","4,8148","4,7505"
26/06/2023,"4,7675","4,7838","4,787","4,7579"
23/06/2023,"4,7864","4,7719","4,8073","4,7653"
22/06/2023,"4,7689","4,7648","4,7884","4,7507"
21/06/2023,"4,763","4,7907","4,817","4,7624"
20/06/2023,"4,7902","4,778","4,8086","4,7734"
19/06/2023,"4,7772","4,8202","4,832","4,7587"
16/06/2023,"4,8199","4,8112","4,8506","4,806"
15/06/2023,"4,8102","4,8144","4,8446","4,7949"
14/06/2023,"4,8146","4,8627","4,8678","4,7962"
13/06/2023,"4,8622","4,8622","4,8799","4,8475"
12/06/2023,"4,8613","4,8794","4,9007","4,8611"
09/06/2023,"4,8791","4,9208","4,9276","4,8524"
08/06/2023,"4,9235","4,9235","4,9235","4,9235"
07/06/2023,"4,9235","4,9134","4,9325","4,8995"
06/06/2023,"4,9125","4,9292","4,9564","4,9004"
05/06/2023,"4,9289","4,9581","4,9765","4,9121"
02/06/2023,"4,9571","5,0148","5,0152","4,9453"
01/06/2023,"5,014","5,0553","5,0588","5,0044"
31/05/2023,"5,0574","5,0365","5,1279","5,0365"
30/05/2023,"5,0357","5,0174","5,07","4,999"
29/05/2023,"5,0171","4,9942","5,0209","4,9736"
26/05/2023,"4,9939","5,0375","5,0375","4,9774"
25/05/2023,"5,0356","4,9618","5,0448","4,9422"
24/05/2023,"4,9619","4,9717","4,9767","4,9349"
23/05/2023,"4,9714","4,9665","4,9952","4,9503"
22/05/2023,"4,9667","4,9983","5,0063","4,9528"
19/05/2023,"4,9981","4,9668","5,0033","4,9433"
18/05/2023,"4,9652","4,9401","4,9818","4,9391"
17/05/2023,"4,9396","4,9411","4,9714","4,9226"
16/05/2023,"4,9402","4,8893","4,9542","4,8847"
15/05/2023,"4,8904","4,9196","4,9335","4,8853"
12/05/2023,"4,9195","4,9308","4,9567","4,9079"
11/05/2023,"4,9295","4,9443","4,9847","4,9254"
10/05/2023,"4,9424","4,9882","4,9914","4,9345"
09/05/2023,"4,9862","5,0097","5,0374","4,9728"
08/05/2023,"5,0097","4,9531","5,0186","4,941"
05/05/2023,"4,9518","4,9847","5,008","4,925"
04/05/2023,"4,9822","4,9959","5,0346","4,9694"
03/05/2023,"4,9949","5,0398","5,0524","4,9812"
02/05/2023,"5,0387","4,9893","5,0535","4,9889"
01/05/2023,"4,9889","4,9875","4,9895","4,9875"
28/04/2023,"4,9865","4,9776","5,02","4,9776"
27/04/2023,"4,9771","5,0445","5,049","4,9693"
26/04/2023,"5,0435","5,0542","5,0746","5,0353"
25/04/2023,"5,0497","5,0348","5,0845","5,0294"
24/04/2023,"5,0337","5,0481","5,0863","5,0339"
21/04/2023,"5,0486","5,0493","5,0493","5,0489"
20/04/2023,"5,0486","5,0759","5,0864","5,036"
19/04/2023,"5,0753","4,9859","5,0895","4,9859"
18/04/2023,"4,984","4,9415","4,9974","4,9097"
17/04/2023,"4,9413","4,9102","4,9573","4,8988"
14/04/2023,"4,9096","4,9279","4,9653","4,8922"
13/04/2023,"4,9272","4,919","4,9405","4,8927"
12/04/2023,"4,9181","5,0077","5,0108","4,9155"
11/04/2023,"5,0054","5,0667","5,0675","4,9886"
10/04/2023,"5,0655","5,0559","5,0938","5,0368"
07/04/2023,"5,0549","5,0599","5,0599","5,0559"
06/04/2023,"5,057","5,0345","5,0837","5,0342"
05/04/2023,"5,034","5,0724","5,0778","5,0163"
04/04/2023,"5,0716","5,0643","5,1002","5,0493"
03/04/2023,"5,0632","5,0637","5,0834","5,0382"
31/03/2023,"5,0631","5,0947","5,1094","5,0547"
30/03/2023,"5,0938","5,1367","5,161","5,0723"
29/03/2023,"5,1356","5,166","5,1846","5,1262"
28/03/2023,"5,1655","5,1986","5,1993","5,1477"
27/03/2023,"5,1983","5,2466","5,2509","5,1926"
24/03/2023,"5,2463","5,2976","5,3421","5,238"
23/03/2023,"5,2973","5,2372","5,3016","5,2024"
22/03/2023,"5,2369","5,2438","5,28","5,2042"
21/03/2023,"5,243","5,2371","5,2549","5,213"
20/03/2023,"5,2368","5,2756","5,2853","5,2295"
17/03/2023,"5,2778","5,2297","5,2855","5,2294"
16/03/2023,"5,2285","5,2884","5,3117","5,2221"
15/03/2023,"5,2882","5,2539","5,3289","5,2505"
14/03/2023,"5,2543","5,2472","5,2629","5,2208"
13/03/2023,"5,2459","5,2171","5,2835","5,2106"
10/03/2023,"5,2166","5,165","5,2216","5,1509"
09/03/2023,"5,1645","5,1458","5,1706","5,1093"
08/03/2023,"5,1453","5,1913","5,1913","5,1003"
07/03/2023,"5,191","5,1539","5,2059","5,1522"
06/03/2023,"5,1534","5,199","5,2179","5,1516"
03/03/2023,"5,1956","5,2011","5,2302","5,182"
02/03/2023,"5,2006","5,1796","5,2288","5,1795"
01/03/2023,"5,1794","5,2369","5,2369","5,1747"
28/02/2023,"5,2367","5,2013","5,2519","5,1788"
27/02/2023,"5,2008","5,2071","5,2134","5,1706"
24/02/2023,"5,21","5,1378","5,2144","5,135"
23/02/2023,"5,1373","5,1527","5,1758","5,1093"
22/02/2023,"5,1522","5,168","5,2133","5,1515"
21/02/2023,"5,1675","5,1679","5,168","5,1655"
20/02/2023,"5,1674","5,1679","5,1679","5,1679"
17/02/2023,"5,1674","5,2181","5,2538","5,1496"
16/02/2023,"5,2178","5,2195","5,2603","5,1961"
15/02/2023,"5,219","5,1927","5,2406","5,1897"
14/02/2023,"5,1923","5,16","5,2292","5,1281"
13/02/2023,"5,1596","5,2156","5,2278","5,157"
10/02/2023,"5,2151","5,2916","5,3092","5,2091"
09/02/2023,"5,2911","5,2012","5,2934","5,1721"
08/02/2023,"5,2007","5,2106","5,2459","5,1659"
07/02/2023,"5,2101","5,1481","5,2184","5,1326"
06/02/2023,"5,1464","5,1525","5,2138","5,1407"
03/02/2023,"5,1522","5,0509","5,1589","5,0509"
02/02/2023,"5,0504","5,0552","5,0557","4,9401"
01/02/2023,"5,0547","5,0736","5,113","5,0426"
31/01/2023,"5,0731","5,1167","5,1418","5,0703"
30/01/2023,"5,1162","5,1065","5,1339","5,0827"
27/01/2023,"5,1089","5,0663","5,1174","5,056"
26/01/2023,"5,0658","5,0736","5,12","5,0585"
25/01/2023,"5,0734","5,1397","5,15","5,0679"
24/01/2023,"5,1392","5,208","5,2207","5,1344"
23/01/2023,"5,2076","5,2079","5,2207","5,1634"
20/01/2023,"5,2074","5,1746","5,24","5,1639"
19/01/2023,"5,1741","5,1868","5,2562","5,1631"
18/01/2023,"5,1863","5,1007","5,1901","5,0655"
17/01/2023,"5,1003","5,1512","5,1589","5,0957"
16/01/2023,"5,1474","5,0957","5,1624","5,0922"
13/01/2023,"5,0956","5,1087","5,1554","5,0776"
12/01/2023,"5,1082","5,1603","5,1858","5,0684"
11/01/2023,"5,16","5,2","5,2345","5,1592"
10/01/2023,"5,1997","5,258","5,2768","5,1974"
09/01/2023,"5,2546","5,2259","5,3094","5,2259"
06/01/2023,"5,2254","5,3514","5,3697","5,2186"
05/01/2023,"5,3509","5,4315","5,4315","5,3478"
04/01/2023,"5,4312","5,4799","5,4799","5,4248"
03/01/2023,"5,4797","5,3638","5,4802","5,3396"
02/01/2023,"5,3633","5,2865","5,3671","5,2861"
30/12/2022,"5,286","5,286","5,286","5,286"
29/12/2022,"5,286","5,2681","5,3049","5,1895"
28/12/2022,"5,2676","5,2967","5,2967","5,226"
27/12/2022,"5,2928","5,2189","5,3028","5,194"
26/12/2022,"5,2186","5,1669","5,221","5,1545"
23/12/2022,"5,1652","5,167","5,1789","5,116"
22/12/2022,"5,1665","5,2013","5,2243","5,1585"
21/12/2022,"5,2009","5,2001","5,2207","5,1586"
20/12/2022,"5,1996","5,2934","5,3257","5,1757"
19/12/2022,"5,293","5,3145","5,3404","5,2888"
16/12/2022,"5,314","5,3133","5,3326","5,262"
15/12/2022,"5,313","5,2792","5,3481","5,2792"
14/12/2022,"5,2787","5,2941","5,373","5,2734"
13/12/2022,"5,2938","5,3231","5,3358","5,2418"
12/12/2022,"5,3226","5,2404","5,352","5,2309"
09/12/2022,"5,24","5,2258","5,284","5,2161"
08/12/2022,"5,2253","5,2053","5,253","5,1905"
07/12/2022,"5,2048","5,2357","5,2782","5,1841"
06/12/2022,"5,2352","5,2811","5,2811","5,2183"
05/12/2022,"5,2809","5,217","5,2916","5,206"
02/12/2022,"5,2189","5,1852","5,241","5,1616"
01/12/2022,"5,1848","5,1856","5,2175","5,1628"
30/11/2022,"5,1851","5,27","5,3189","5,1733"
29/11/2022,"5,2695","5,3658","5,3658","5,2698"
28/11/2022,"5,3654","5,408","5,4307","5,3478"
25/11/2022,"5,4098","5,3213","5,4251","5,304"
24/11/2022,"5,3208","5,3596","5,3596","5,2991"
23/11/2022,"5,3591","5,3591","5,4127","5,344"
22/11/2022,"5,3586","5,3203","5,4005","5,2794"
21/11/2022,"5,32","5,3832","5,3836","5,2976"
18/11/2022,"5,3827","5,4236","5,4236","5,3253"
17/11/2022,"5,4231","5,4003","5,5307","5,3866"
16/11/2022,"5,3998","5,333","5,4057","5,2868"
15/11/2022,"5,3325","5,3333","5,3333","5,3328"
14/11/2022,"5,3321","5,3253","5,3527","5,2589"
11/11/2022,"5,325","5,3454","5,4066","5,2484"
10/11/2022,"5,3449","5,1869","5,4155","5,1869"
09/11/2022,"5,1864","5,1444","5,2014","5,1364"
08/11/2022,"5,144","5,1572","5,2488","5,1298"
07/11/2022,"5,1567","5,0571","5,1757","5,0461"
04/11/2022,"5,0557","5,117","5,117","5,0184"
03/11/2022,"5,1137","5,1437","5,2244","5,083"
02/11/2022,"5,1432","5,1475","5,148","5,1437"
01/11/2022,"5,1475","5,1803","5,2069","5,083"
31/10/2022,"5,1791","5,2962","5,4083","5,1531"
28/10/2022,"5,2949","5,3451","5,3832","5,28"
27/10/2022,"5,3449","5,3807","5,3927","5,2406"
26/10/2022,"5,3804","5,3166","5,3879","5,2797"
25/10/2022,"5,3167","5,3037","5,3581","5,2757"
24/10/2022,"5,3032","5,1649","5,3101","5,1648"
21/10/2022,"5,1605","5,218","5,2774","5,1404"
20/10/2022,"5,2147","5,2707","5,2716","5,1922"
19/10/2022,"5,27","5,2414","5,2998","5,2411"
18/10/2022,"5,2405","5,2833","5,2993","5,2336"
17/10/2022,"5,2808","5,3289","5,3308","5,2532"
14/10/2022,"5,3252","5,263","5,3347","5,2407"
13/10/2022,"5,2626","5,2725","5,3817","5,2288"
12/10/2022,"5,293","5,3034","5,3034","5,2932"
11/10/2022,"5,3005","5,1899","5,3057","5,177"
10/10/2022,"5,1901","5,1999","5,2174","5,1625"
07/10/2022,"5,1996","5,2215","5,2534","5,1938"
06/10/2022,"5,2217","5,1959","5,2334","5,1724"
05/10/2022,"5,194","5,1779","5,2443","5,1594"
04/10/2022,"5,177","5,165","5,2219","5,1083"
03/10/2022,"5,1672","5,4158","5,4158","5,1526"
30/09/2022,"5,4154","5,4013","5,4277","5,3282"
29/09/2022,"5,3964","5,3765","5,43","5,373"
28/09/2022,"5,3745","5,3814","5,4236","5,3226"
27/09/2022,"5,3824","5,391","5,3954","5,2963"
26/09/2022,"5,3898","5,2603","5,4175","5,2603"
23/09/2022,"5,2595","5,1173","5,2693","5,1164"
22/09/2022,"5,1166","5,1728","5,186","5,1056"
21/09/2022,"5,1716","5,143","5,1941","5,1188"
20/09/2022,"5,1417","5,1705","5,224","5,1407"
19/09/2022,"5,167","5,2544","5,303","5,1421"
16/09/2022,"5,2531","5,2462","5,3104","5,2462"
15/09/2022,"5,247","5,1644","5,2502","5,1641"
14/09/2022,"5,1631","5,1922","5,1986","5,1495"
13/09/2022,"5,1911","5,0918","5,2092","5,0766"
12/09/2022,"5,093","5,1477","5,1477","5,0833"
09/09/2022,"5,1462","5,2143","5,2146","5,1378"
08/09/2022,"5,2141","5,2483","5,2523","5,1783"
07/09/2022,"5,248","5,2507","5,2507","5,2483"
06/09/2022,"5,2528","5,1547","5,2539","5,1532"
05/09/2022,"5,1516","5,166","5,1906","5,1495"
02/09/2022,"5,1681","5,2422","5,2422","5,1575"
01/09/2022,"5,2416","5,1833","5,2577","5,1462"
31/08/2022,"5,1831","5,1229","5,2121","5,1229"
30/08/2022,"5,1223","5,0285","5,1259","5,0077"
29/08/2022,"5,0282","5,0608","5,0917","5,01"
26/08/2022,"5,0601","5,1103","5,1175","5,0541"
25/08/2022,"5,1099","5,1114","5,1437","5,0853"
24/08/2022,"5,1114","5,105","5,1244","5,0802"
23/08/2022,"5,1037","5,1577","5,1579","5,0701"
22/08/2022,"5,1574","5,1706","5,2046","5,1498"
19/08/2022,"5,1697","5,1694","5,2199","5,1648"
18/08/2022,"5,1674","5,1655","5,2075","5,1282"
17/08/2022,"5,1642","5,1469","5,2144","5,1452"
16/08/2022,"5,1459","5,0987","5,1549","5,0965"
15/08/2022,"5,0961","5,0721","5,1409","5,0721"
12/08/2022,"5,0735","5,1592","5,1649","5,064"
11/08/2022,"5,1581","5,0945","5,1712","5,0605"
10/08/2022,"5,0927","5,125","5,1422","5,0342"
09/08/2022,"5,1237","5,1129","5,1522","5,0926"
08/08/2022,"5,1117","5,1638","5,1638","5,1023"
05/08/2022,"5,1646","5,2145","5,2782","5,1553"
04/08/2022,"5,2164","5,2844","5,2959","5,1987"
03/08/2022,"5,2815","5,2796","5,3163","5,243"
02/08/2022,"5,2784","5,1857","5,285","5,1857"
01/08/2022,"5,1838","5,1759","5,205","5,1269"
29/07/2022,"5,1734","5,1842","5,2222","5,1448"
28/07/2022,"5,1823","5,2442","5,274","5,1578"
27/07/2022,"5,2432","5,3517","5,3526","5,2372"
26/07/2022,"5,3511","5,3576","5,3931","5,3346"
25/07/2022,"5,3576","5,4987","5,501","5,3567"
22/07/2022,"5,4968","5,4993","5,5047","5,4349"
21/07/2022,"5,4968","5,472","5,5152","5,4289"
20/07/2022,"5,4714","5,4144","5,473","5,3889"
19/07/2022,"5,4135","5,4381","5,4381","5,3646"
18/07/2022,"5,4375","5,4093","5,4392","5,3518"
15/07/2022,"5,4082","5,4239","5,4492","5,3744"
14/07/2022,"5,4233","5,393","5,4906","5,393"
13/07/2022,"5,3917","5,4377","5,4667","5,361"
12/07/2022,"5,4368","5,3786","5,4434","5,3695"
11/07/2022,"5,3782","5,2551","5,3864","5,2551"
08/07/2022,"5,2536","5,3399","5,3696","5,2501"
07/07/2022,"5,3391","5,4299","5,4303","5,3296"
06/07/2022,"5,4287","5,387","5,4628","5,387"
05/07/2022,"5,3861","5,3299","5,4043","5,3287"
04/07/2022,"5,3293","5,3308","5,3353","5,2871"
01/07/2022,"5,331","5,2569","5,3402","5,2527"
30/06/2022,"5,2562","5,1828","5,2715","5,1779"
29/06/2022,"5,1818","5,268","5,2734","5,1755"
28/06/2022,"5,2675","5,2387","5,2792","5,1876"
27/06/2022,"5,2366","5,2423","5,2755","5,2019"
24/06/2022,"5,2417","5,2393","5,2763","5,2027"
23/06/2022,"5,2406","5,1944","5,2477","5,1659"
22/06/2022,"5,194","5,1255","5,1962","5,1255"
21/06/2022,"5,1257","5,1905","5,191","5,1167"
20/06/2022,"5,188","5,1534","5,1944","5,1361"
17/06/2022,"5,1518","5,054","5,1561","5,054"
16/06/2022,"5,0535","5,0538","5,0551","5,0538"
15/06/2022,"5,0536","5,1178","5,1351","5,0176"
14/06/2022,"5,1168","5,1151","5,1518","5,0859"
13/06/2022,"5,1154","4,9891","5,1383","4,9891"
10/06/2022,"4,9865","4,9048","5,0124","4,8816"
09/06/2022,"4,9063","4,8998","4,9207","4,8648"
08/06/2022,"4,8988","4,8712","4,9082","4,845"
07/06/2022,"4,8696","4,7958","4,9352","4,7913"
06/06/2022,"4,7945","4,7765","4,8073","4,7468"
03/06/2022,"4,7734","4,797","4,8321","4,7715"
02/06/2022,"4,7962","4,8169","4,8169","4,7711"
01/06/2022,"4,8151","4,7319","4,818","4,7218"
31/05/2022,"4,7315","4,7539","4,7793","4,6975"
30/05/2022,"4,7526","4,7311","4,7568","4,6904"
27/05/2022,"4,7295","4,77","4,7819","4,7148"
26/05/2022,"4,7677","4,826","4,8442","4,7501"
25/05/2022,"4,8275","4,8191","4,8645","4,8048"
24/05/2022,"4,8191","4,8125","4,8548","4,775"
23/05/2022,"4,813","4,8797","4,8797","4,7848"
20/05/2022,"4,8788","4,9315","4,9315","4,8519"
19/05/2022,"4,9309","4,9688","4,9694","4,879"
18/05/2022,"4,9682","4,9372","5,0005","4,9197"
17/05/2022,"4,9387","5,0617","5,0617","4,9261"
16/05/2022,"5,0599","5,0647","5,1045","5,0307"
13/05/2022,"5,0602","5,1347","5,1503","5,0456"
12/05/2022,"5,1339","5,138","5,2103","5,105"
11/05/2022,"5,1373","5,1328","5,1717","5,091"
10/05/2022,"5,1313","5,1622","5,1666","5,109"
09/05/2022,"5,1617","5,0784","5,1625","5,0784"
06/05/2022,"5,0774","5,0293","5,115","5,007"
05/05/2022,"5,028","4,92","5,0589","4,9174"
04/05/2022,"4,9198","4,9563","5,0368","4,8922"
03/05/2022,"4,9584","5,084","5,084","4,9559"
02/05/2022,"5,0848","4,9692","5,094","4,9657"
29/04/2022,"4,9721","4,9404","4,9819","4,8588"
28/04/2022,"4,9425","4,9655","5,046","4,9351"
27/04/2022,"4,9651","4,9992","5,0405","4,9277"
26/04/2022,"4,9989","4,8777","5,0023","4,8777"
25/04/2022,"4,8766","4,7974","4,9491","4,7974"
22/04/2022,"4,7937","4,6214","4,8393","4,6214"
21/04/2022,"4,622","4,6224","4,6225","4,6224"
20/04/2022,"4,6219","4,6663","4,6804","4,608"
19/04/2022,"4,6675","4,6536","4,6866","4,6379"
18/04/2022,"4,6527","4,6971","4,7091","4,6439"
15/04/2022,"4,6965","4,6971","4,6971","4,697"
14/04/2022,"4,7013","4,688","4,7418","4,6854"
13/04/2022,"4,6899","4,678","4,7057","4,6511"
12/04/2022,"4,6735","4,6892","4,6958","4,6215"
11/04/2022,"4,6944","4,7057","4,7397","4,6783"
08/04/2022,"4,697","4,7534","4,795","4,6935"
07/04/2022,"4,7524","4,7093","4,7733","4,6895"
06/04/2022,"4,7161","4,6523","4,7263","4,646"
05/04/2022,"4,6506","4,595","4,6742","4,5805"
04/04/2022,"4,5928","4,6595","4,6751","4,5885"
01/04/2022,"4,6575","4,7408","4,7408","4,6525"
31/03/2022,"4,739","4,7709","4,7965","4,7216"
30/03/2022,"4,7685","4,758","4,7925","4,7253"
29/03/2022,"4,7561","4,768","4,7851","4,7149"
28/03/2022,"4,7675","4,7525","4,8196","4,7326"
25/03/2022,"4,742","4,8273","4,8298","4,7297"
24/03/2022,"4,8253","4,8263","4,8591","4,7649"
23/03/2022,"4,8258","4,9108","4,9214","4,8215"
22/03/2022,"4,9094","4,9366","4,9514","4,9048"
21/03/2022,"4,9354","5,0245","5,0299","4,9308"
18/03/2022,"5,0231","5,0407","5,0761","4,9924"
17/03/2022,"5,039","5,0778","5,108","5,0279"
16/03/2022,"5,0757","5,1599","5,1599","5,0718"
15/03/2022,"5,1631","5,1224","5,17","5,0922"
14/03/2022,"5,1193","5,0591","5,1402","5,0373"
11/03/2022,"5,0745","5,0131","5,082","4,982"
10/03/2022,"5,011","5,015","5,0765","5,0101"
09/03/2022,"5,0123","5,0286","5,0364","4,985"
08/03/2022,"5,0599","5,0813","5,1011","5,0446"
07/03/2022,"5,1115","5,0785","5,1152","5,028"
04/03/2022,"5,062","5,0517","5,1018","5,0227"
03/03/2022,"5,032","5,0978","5,1155","5,0189"
02/03/2022,"5,0995","5,2144","5,2233","5,0867"
01/03/2022,"5,1595","5,1605","5,1605","5,1605"
28/02/2022,"5,1599","5,1638","5,1654","5,1601"
25/02/2022,"5,1623","5,12","5,181","5,0786"
24/02/2022,"5,1231","5,005","5,164","5,005"
23/02/2022,"5,0097","5,0621","5,0621","4,9939"
22/02/2022,"5,0583","5,108","5,108","5,0438"
21/02/2022,"5,1036","5,1374","5,1552","5,0746"
18/02/2022,"5,1385","5,1718","5,1766","5,1088"
17/02/2022,"5,1718","5,136","5,184","5,1239"
16/02/2022,"5,1365","5,1601","5,1782","5,1225"
15/02/2022,"5,159","5,2188","5,2212","5,1585"
14/02/2022,"5,2149","5,256","5,267","5,1954"
11/02/2022,"5,2527","5,2365","5,2659","5,1805"
10/02/2022,"5,2496","5,2389","5,2557","5,1728"
09/02/2022,"5,2354","5,26","5,291","5,2126"
08/02/2022,"5,2593","5,2634","5,29","5,2508"
07/02/2022,"5,2636","5,326","5,3283","5,2492"
04/02/2022,"5,3279","5,3027","5,351","5,2778"
03/02/2022,"5,2839","5,2765","5,3233","5,2717"
02/02/2022,"5,262","5,2687","5,3151","5,254"
01/02/2022,"5,2655","5,2984","5,3182","5,2639"
31/01/2022,"5,3041","5,3698","5,3981","5,2837"
28/01/2022,"5,3674","5,4099","5,4331","5,3664"
27/01/2022,"5,4065","5,4336","5,4355","5,3532"
26/01/2022,"5,4324","5,4456","5,4677","5,3919"
25/01/2022,"5,4437","5,488","5,5221","5,4278"
24/01/2022,"5,4877","5,4528","5,5251","5,4528"
21/01/2022,"5,4582","5,422","5,4753","5,4035"
20/01/2022,"5,4191","5,4428","5,462","5,379"
19/01/2022,"5,4383","5,5485","5,5527","5,4372"
18/01/2022,"5,5666","5,5217","5,5832","5,5043"
17/01/2022,"5,5165","5,5352","5,539","5,494"
14/01/2022,"5,5344","5,5287","5,5537","5,5081"
13/01/2022,"5,5286","5,535","5,556","5,5005"
12/01/2022,"5,5338","5,566","5,6012","5,5196"
11/01/2022,"5,5686","5,6657","5,6761","5,5635"
10/01/2022,"5,6633","5,634","5,693","5,6286"
07/01/2022,"5,6355","5,6869","5,7107","5,6191"
06/01/2022,"5,6834","5,6878","5,7255","5,6694"
05/01/2022,"5,7087","5,6774","5,7242","5,6419"
04/01/2022,"5,677","5,6667","5,7113","5,6372"
03/01/2022,"5,6818","5,5668","5,6827","5,5565"
31/12/2021,"5,5703","5,5715","5,5717","5,5711"
30/12/2021,"5,571","5,6957","5,7039","5,547"
29/12/2021,"5,7032","5,6356","5,7105","5,6235"
28/12/2021,"5,6283","5,6263","5,6628","5,6195"
27/12/2021,"5,6249","5,6701","5,7067","5,6236"
24/12/2021,"5,675","5,6753","5,6753","5,6753"
23/12/2021,"5,6749","5,6554","5,7194","5,6259"
22/12/2021,"5,654","5,7425","5,7442","5,6471"
21/12/2021,"5,7451","5,7417","5,7578","5,7112"
20/12/2021,"5,742","5,7141","5,7467","5,6892"
17/12/2021,"5,6959","5,6887","5,7167","5,661"
16/12/2021,"5,6884","5,6693","5,7256","5,6589"
15/12/2021,"5,6806","5,6873","5,7364","5,6574"
14/12/2021,"5,6815","5,6682","5,6986","5,6179"
13/12/2021,"5,6804","5,6105","5,6813","5,6012"
10/12/2021,"5,6127","5,56","5,6358","5,558"
09/12/2021,"5,5727","5,5374","5,5999","5,5176"
08/12/2021,"5,5327","5,6027","5,6364","5,5256"
07/12/2021,"5,6128","5,689","5,689","5,6085"
06/12/2021,"5,6891","5,6532","5,7029","5,635"
03/12/2021,"5,6532","5,6514","5,6864","5,6007"
02/12/2021,"5,6462","5,6632","5,6791","5,6139"
01/12/2021,"5,6955","5,6243","5,6959","5,577"
30/11/2021,"5,6239","5,6037","5,6704","5,5779"
29/11/2021,"5,6017","5,6085","5,6403","5,5794"
26/11/2021,"5,6093","5,6561","5,6561","5,5719"
25/11/2021,"5,5664","5,5926","5,5991","5,5479"
24/11/2021,"5,6061","5,5712","5,6235","5,554"
23/11/2021,"5,5712","5,5854","5,6636","5,5672"
22/11/2021,"5,5865","5,6013","5,6144","5,562"
19/11/2021,"5,6135","5,5782","5,6151","5,5207"
18/11/2021,"5,5576","5,5291","5,5775","5,5238"
17/11/2021,"5,5292","5,4986","5,5359","5,4655"
16/11/2021,"5,5028","5,4591","5,5093","5,4296"
15/11/2021,"5,4575","5,457","5,458","5,457"
12/11/2021,"5,4588","5,4044","5,4687","5,3927"
11/11/2021,"5,3989","5,4945","5,4945","5,3879"
10/11/2021,"5,491","5,501","5,5103","5,4357"
09/11/2021,"5,4804","5,5477","5,5495","5,4559"
08/11/2021,"5,544","5,5667","5,5979","5,5328"
05/11/2021,"5,5428","5,5988","5,6075","5,5013"
04/11/2021,"5,602","5,5881","5,6281","5,5627"
03/11/2021,"5,5525","5,6808","5,7","5,5447"
02/11/2021,"5,6795","5,685","5,685","5,68"
01/11/2021,"5,6815","5,6221","5,6889","5,6206"
29/10/2021,"5,6372","5,6464","5,6636","5,5972"
28/10/2021,"5,6464","5,5375","5,6636","5,5367"
27/10/2021,"5,538","5,5668","5,5924","5,5367"
26/10/2021,"5,5666","5,5557","5,6068","5,5466"
25/10/2021,"5,5563","5,6534","5,6587","5,5367"
22/10/2021,"5,6474","5,6584","5,7547","5,6214"
21/10/2021,"5,6577","5,5987","5,6907","5,598"
20/10/2021,"5,5975","5,5851","5,6026","5,5199"
19/10/2021,"5,5844","5,5128","5,6125","5,5128"
18/10/2021,"5,5117","5,4576","5,5434","5,4576"
15/10/2021,"5,4611","5,5139","5,5139","5,4337"
14/10/2021,"5,5132","5,5139","5,5308","5,467"
13/10/2021,"5,5133","5,5368","5,5737","5,4989"
12/10/2021,"5,5325","5,537","5,5372","5,5328"
11/10/2021,"5,5367","5,5073","5,5446","5,4946"
08/10/2021,"5,5082","5,5187","5,5324","5,4768"
07/10/2021,"5,5188","5,4937","5,5295","5,4667"
06/10/2021,"5,4912","5,477","5,5381","5,4755"
05/10/2021,"5,4748","5,4547","5,488","5,4239"
04/10/2021,"5,4535","5,3614","5,4593","5,3614"
01/10/2021,"5,3628","5,4432","5,4432","5,3527"
30/09/2021,"5,4428","5,4121","5,4767","5,3668"
29/09/2021,"5,4152","5,4292","5,4471","5,3913"
28/09/2021,"5,4293","5,392","5,4521","5,3863"
27/09/2021,"5,3914","5,3384","5,3946","5,3066"
24/09/2021,"5,3344","5,3039","5,355","5,3023"
23/09/2021,"5,303","5,2618","5,3124","5,2561"
22/09/2021,"5,2888","5,2707","5,3192","5,2495"
21/09/2021,"5,2699","5,3252","5,3374","5,2626"
20/09/2021,"5,324","5,2851","5,3779","5,2849"
17/09/2021,"5,2883","5,2568","5,3473","5,2509"
16/09/2021,"5,2535","5,2376","5,2802","5,2315"
15/09/2021,"5,2219","5,2408","5,2722","5,2149"
14/09/2021,"5,2398","5,2394","5,2642","5,198"
13/09/2021,"5,2144","5,249","5,2659","5,2008"
10/09/2021,"5,2454","5,1677","5,2712","5,1637"
09/09/2021,"5,1976","5,3252","5,3347","5,193"
08/09/2021,"5,3214","5,2016","5,3345","5,1955"
07/09/2021,"5,1692","5,1706","5,1708","5,1704"
06/09/2021,"5,1693","5,192","5,2126","5,1548"
03/09/2021,"5,1908","5,183","5,2018","5,131"
02/09/2021,"5,1819","5,1864","5,2013","5,1421"
01/09/2021,"5,1858","5,1694","5,1984","5,1417"
31/08/2021,"5,1492","5,1845","5,1973","5,1155"
30/08/2021,"5,184","5,1999","5,2266","5,1818"
27/08/2021,"5,1996","5,2577","5,2616","5,1869"
26/08/2021,"5,2522","5,2097","5,2676","5,2097"
25/08/2021,"5,2117","5,2482","5,271","5,2058"
24/08/2021,"5,2463","5,3801","5,3828","5,2452"
23/08/2021,"5,3802","5,3795","5,4024","5,344"
20/08/2021,"5,377","5,4155","5,4758","5,3656"
19/08/2021,"5,4142","5,4188","5,456","5,3795"
18/08/2021,"5,3794","5,2839","5,3974","5,2626"
17/08/2021,"5,2948","5,282","5,3046","5,2359"
16/08/2021,"5,2595","5,2439","5,2971","5,2285"
13/08/2021,"5,2466","5,2532","5,2816","5,2198"
12/08/2021,"5,2524","5,2193","5,2617","5,2089"
11/08/2021,"5,2185","5,1899","5,2348","5,1636"
10/08/2021,"5,1895","5,2334","5,2631","5,1847"
09/08/2021,"5,2331","5,2325","5,2993","5,2146"
06/08/2021,"5,2301","5,2467","5,2757","5,205"
05/08/2021,"5,2488","5,17","5,2586","5,1101"
04/08/2021,"5,1685","5,1975","5,2463","5,1649"
03/08/2021,"5,1967","5,1708","5,275","5,1651"
02/08/2021,"5,1747","5,2158","5,2194","5,1136"
30/07/2021,"5,2123","5,0773","5,2287","5,0754"
29/07/2021,"5,0812","5,1166","5,1166","5,0406"
28/07/2021,"5,1157","5,171","5,1926","5,1039"
27/07/2021,"5,169","5,177","5,2061","5,1486"
26/07/2021,"5,1761","5,2051","5,2303","5,1516"
23/07/2021,"5,2006","5,1858","5,2332","5,1584"
22/07/2021,"5,2003","5,1887","5,2249","5,167"
21/07/2021,"5,1874","5,2413","5,2782","5,1806"
20/07/2021,"5,2205","5,2526","5,295","5,2018"
19/07/2021,"5,2519","5,1185","5,2591","5,1185"
16/07/2021,"5,1147","5,113","5,1281","5,0742"
15/07/2021,"5,11","5,0716","5,1389","5,053"
14/07/2021,"5,0706","5,1638","5,1656","5,0666"
13/07/2021,"5,1622","5,1747","5,2233","5,1479"
12/07/2021,"5,173","5,2586","5,285","5,163"
09/07/2021,"5,2579","5,2579","5,2579","5,2579"
08/07/2021,"5,2579","5,2315","5,3145","5,2187"
07/07/2021,"5,2315","5,1969","5,2815","5,1696"
06/07/2021,"5,1969","5,0969","5,2176","5,0753"
05/07/2021,"5,091","5,0551","5,1007","5,0459"
02/07/2021,"5,0575","5,0507","5,0745","4,9875"
01/07/2021,"5,0476","4,9705","5,0558","4,9467"
30/06/2021,"4,9686","4,9566","5,0242","4,9527"
29/06/2021,"4,9559","4,9325","4,9714","4,9209"
28/06/2021,"4,9244","4,9308","4,9724","4,9171"
25/06/2021,"4,9335","4,9143","4,975","4,8929"
24/06/2021,"4,9137","4,9671","4,972","4,8978"
23/06/2021,"4,9667","4,9578","4,9802","4,9373"
22/06/2021,"4,9574","5,0143","5,0459","4,9569"
21/06/2021,"5,013","5,0753","5,0824","5,0129"
18/06/2021,"5,0894","5,0077","5,11","4,9815"
17/06/2021,"5,0059","5,0587","5,076","5,0068"
16/06/2021,"5,0545","5,0436","5,0821","4,9922"
15/06/2021,"5,0437","5,0601","5,1052","5,0378"
14/06/2021,"5,0601","5,1152","5,119","5,0539"
11/06/2021,"5,1171","5,059","5,1395","5,053"
10/06/2021,"5,0552","5,065","5,0922","5,0323"
09/06/2021,"5,0621","5,0363","5,0863","5,0181"
08/06/2021,"5,0325","5,0467","5,0689","5,0205"
07/06/2021,"5,0451","5,0466","5,0703","5,0172"
04/06/2021,"5,0495","5,1135","5,1155","5,032"
03/06/2021,"5,0775","5,0787","5,0787","5,078"
02/06/2021,"5,0754","5,1515","5,1755","5,0671"
01/06/2021,"5,1509","5,221","5,2212","5,1399"
31/05/2021,"5,2172","5,2227","5,2633","5,1982"
28/05/2021,"5,2244","5,24","5,2664","5,2089"
27/05/2021,"5,2383","5,3121","5,3133","5,2346"
26/05/2021,"5,3115","5,329","5,3435","5,2867"
25/05/2021,"5,3312","5,3203","5,3475","5,2941"
24/05/2021,"5,3175","5,3665","5,3746","5,3095"
21/05/2021,"5,3617","5,2844","5,3711","5,2704"
20/05/2021,"5,2825","5,3097","5,3109","5,2699"
19/05/2021,"5,3094","5,2608","5,3261","5,2586"
18/05/2021,"5,2605","5,2753","5,2814","5,2299"
17/05/2021,"5,2729","5,2725","5,3205","5,2443"
14/05/2021,"5,2728","5,309","5,309","5,2442"
13/05/2021,"5,309","5,3043","5,3332","5,2519"
12/05/2021,"5,3061","5,2227","5,3199","5,2105"
11/05/2021,"5,2208","5,2273","5,2823","5,2031"
10/05/2021,"5,2272","5,234","5,2526","5,1964"
07/05/2021,"5,2368","5,2768","5,2952","5,2026"
06/05/2021,"5,276","5,3573","5,3752","5,2567"
05/05/2021,"5,3542","5,4455","5,4478","5,3512"
04/05/2021,"5,4435","5,4398","5,4843","5,4114"
03/05/2021,"5,442","5,436","5,4561","5,3727"
30/04/2021,"5,4366","5,3384","5,4489","5,3351"
29/04/2021,"5,3375","5,3428","5,3798","5,3275"
28/04/2021,"5,343","5,4526","5,4561","5,3429"
27/04/2021,"5,449","5,4366","5,4673","5,4098"
26/04/2021,"5,4364","5,4758","5,4904","5,4318"
23/04/2021,"5,4751","5,4445","5,524","5,4239"
22/04/2021,"5,4448","5,5669","5,5669","5,4373"
21/04/2021,"5,569","5,5692","5,5695","5,5692"
20/04/2021,"5,5687","5,5461","5,5883","5,5022"
19/04/2021,"5,5461","5,5873","5,6224","5,5262"
16/04/2021,"5,5883","5,6142","5,6781","5,5657"
15/04/2021,"5,6162","5,654","5,6604","5,5952"
14/04/2021,"5,6526","5,718","5,736","5,6452"
13/04/2021,"5,7166","5,734","5,7562","5,6629"
12/04/2021,"5,7333","5,6822","5,7425","5,63"
09/04/2021,"5,6821","5,5681","5,6852","5,5665"
08/04/2021,"5,572","5,6136","5,6174","5,5382"
07/04/2021,"5,6143","5,5905","5,6551","5,5474"
06/04/2021,"5,5904","5,6642","5,6699","5,5742"
05/04/2021,"5,6632","5,71","5,7102","5,6323"
02/04/2021,"5,7075","5,708","5,708","5,708"
01/04/2021,"5,7071","5,633","5,7276","5,6081"
31/03/2021,"5,6315","5,774","5,7768","5,6214"
30/03/2021,"5,7745","5,7824","5,8034","5,72"
29/03/2021,"5,7799","5,755","5,8069","5,736"
26/03/2021,"5,7566","5,6473","5,7589","5,6448"
25/03/2021,"5,6475","5,6213","5,6821","5,6174"
24/03/2021,"5,6209","5,5216","5,6432","5,4891"
23/03/2021,"5,5214","5,5046","5,5509","5,464"
22/03/2021,"5,5045","5,5087","5,5483","5,4936"
19/03/2021,"5,4917","5,5609","5,564","5,4483"
18/03/2021,"5,5604","5,586","5,586","5,4763"
17/03/2021,"5,5832","5,6249","5,6827","5,5688"
16/03/2021,"5,6246","5,6252","5,6345","5,5573"
15/03/2021,"5,6156","5,5501","5,6568","5,531"
12/03/2021,"5,5518","5,5362","5,5874","5,5324"
11/03/2021,"5,5357","5,6078","5,6215","5,5257"
10/03/2021,"5,672","5,7903","5,8144","5,6443"
09/03/2021,"5,8025","5,8753","5,8788","5,7676"
08/03/2021,"5,8755","5,6898","5,8769","5,6898"
05/03/2021,"5,6908","5,6697","5,7233","5,6517"
04/03/2021,"5,6693","5,5701","5,6853","5,5439"
03/03/2021,"5,6193","5,6872","5,7729","5,5807"
02/03/2021,"5,6761","5,6422","5,734","5,6387"
01/03/2021,"5,6418","5,587","5,6427","5,5553"
26/02/2021,"5,5986","5,534","5,6093","5,4905"
25/02/2021,"5,5308","5,445","5,539","5,4173"
24/02/2021,"5,4062","5,4409","5,4454","5,3895"
23/02/2021,"5,4409","5,4692","5,4843","5,4076"
22/02/2021,"5,4659","5,5127","5,5343","5,4296"
19/02/2021,"5,3823","5,4267","5,4706","5,3669"
18/02/2021,"5,427","5,3877","5,4536","5,3854"
17/02/2021,"5,4105","5,3708","5,4332","5,3708"
16/02/2021,"5,3695","5,3685","5,3708","5,3685"
15/02/2021,"5,3698","5,3698","5,3698","5,3698"
12/02/2021,"5,3698","5,3953","5,4127","5,3543"
11/02/2021,"5,3665","5,3882","5,4118","5,333"
10/02/2021,"5,386","5,379","5,4378","5,3485"
09/02/2021,"5,3781","5,366","5,4478","5,3536"
08/02/2021,"5,3657","5,404","5,4209","5,3042"
05/02/2021,"5,3704","5,427","5,4562","5,3436"
04/02/2021,"5,4266","5,3552","5,4571","5,3544"
03/02/2021,"5,3534","5,3663","5,3945","5,3202"
02/02/2021,"5,368","5,4326","5,4326","5,3426"
01/02/2021,"5,4322","5,4663","5,4863","5,4206"
29/01/2021,"5,4625","5,439","5,5061","5,4189"
28/01/2021,"5,441","5,425","5,4604","5,3898"
27/01/2021,"5,4138","5,3556","5,4205","5,3491"
26/01/2021,"5,3552","5,4712","5,4783","5,3119"
25/01/2021,"5,4665","5,467","5,467","5,467"
22/01/2021,"5,4666","5,3547","5,4875","5,3547"
21/01/2021,"5,3506","5,2544","5,4006","5,2314"
20/01/2021,"5,2917","5,3589","5,3589","5,2823"
19/01/2021,"5,3578","5,2691","5,3684","5,2419"
18/01/2021,"5,2957","5,3025","5,3229","5,2356"
15/01/2021,"5,2927","5,1971","5,3108","5,1971"
14/01/2021,"5,1967","5,2992","5,3034","5,191"
13/01/2021,"5,299","5,3233","5,355","5,2702"
12/01/2021,"5,3226","5,4893","5,4941","5,3116"
11/01/2021,"5,489","5,4666","5,5166","5,4491"
08/01/2021,"5,4178","5,4108","5,4407","5,3208"
07/01/2021,"5,4101","5,3169","5,4187","5,2989"
06/01/2021,"5,3139","5,2863","5,3598","5,2318"
05/01/2021,"5,2854","5,2955","5,3546","5,2515"
04/01/2021,"5,2968","5,1351","5,2973","5,1197"
01/01/2021,"5,1937","5,1937","5,1937","5,1937"
31/12/2020,"5,1937","5,1937","5,1937","5,1937"
30/12/2020,"5,1937","5,2051","5,2361","5,1519"
29/12/2020,"5,2099","5,246","5,2473","5,1646"
28/12/2020,"5,2461","5,1784","5,3124","5,1639"
25/12/2020,"5,2165","5,2165","5,2165","5,2165"
24/12/2020,"5,2165","5,2167","5,2167","5,2167"
23/12/2020,"5,2164","5,1605","5,2215","5,1287"
22/12/2020,"5,1597","5,122","5,1731","5,1094"
21/12/2020,"5,1222","5,2012","5,225","5,1122"
18/12/2020,"5,1022","5,0593","5,1176","5,0593"
17/12/2020,"5,0582","5,0601","5,089","5,0421"
16/12/2020,"5,0838","5,0824","5,144","5,0646"
15/12/2020,"5,0842","5,1145","5,1249","5,0761"
14/12/2020,"5,1189","5,0383","5,1307","5,01"
11/12/2020,"5,0656","5,0438","5,0886","5,0288"
10/12/2020,"5,0256","5,1109","5,1328","5,0144"
09/12/2020,"5,1708","5,1206","5,1981","5,0868"
08/12/2020,"5,1202","5,1","5,1392","5,0627"
07/12/2020,"5,099","5,1598","5,1701","5,057"
04/12/2020,"5,1557","5,154","5,1846","5,1164"
03/12/2020,"5,1515","5,2178","5,231","5,1209"
02/12/2020,"5,2175","5,2252","5,2555","5,2059"
01/12/2020,"5,2061","5,3158","5,3301","5,2031"
30/11/2020,"5,3319","5,2906","5,3971","5,2737"
27/11/2020,"5,3438","5,336","5,3802","5,3195"
26/11/2020,"5,3365","5,3198","5,3584","5,2956"
25/11/2020,"5,3237","5,374","5,3956","5,3037"
24/11/2020,"5,3736","5,441","5,445","5,3704"
23/11/2020,"5,439","5,378","5,4507","5,3388"
20/11/2020,"5,3797","5,2913","5,3959","5,2848"
19/11/2020,"5,3054","5,3634","5,3805","5,2972"
18/11/2020,"5,3629","5,3285","5,3725","5,274"
17/11/2020,"5,3281","5,4165","5,4233","5,3221"
16/11/2020,"5,4152","5,4148","5,4585","5,3637"
13/11/2020,"5,4582","5,458","5,5264","5,4497"
12/11/2020,"5,4581","5,416","5,4905","5,3526"
11/11/2020,"5,391","5,418","5,4571","5,3737"
10/11/2020,"5,4147","5,3736","5,419","5,3345"
09/11/2020,"5,3858","5,2746","5,426","5,2235"
06/11/2020,"5,3647","5,5255","5,5742","5,3585"
05/11/2020,"5,525","5,6129","5,631","5,5223"
04/11/2020,"5,6635","5,7565","5,7655","5,6434"
03/11/2020,"5,756","5,6964","5,7668","5,6488"
02/11/2020,"5,7425","5,743","5,743","5,743"
30/10/2020,"5,7446","5,7781","5,8084","5,7217"
29/10/2020,"5,779","5,7466","5,7923","5,7439"
28/10/2020,"5,7457","5,706","5,7928","5,7017"
27/10/2020,"5,7055","5,6243","5,7127","5,5987"
26/10/2020,"5,6229","5,6551","5,6638","5,6099"
23/10/2020,"5,6175","5,5929","5,6355","5,5652"
22/10/2020,"5,5893","5,6088","5,6264","5,5627"
21/10/2020,"5,6066","5,6058","5,6294","5,5707"
20/10/2020,"5,6054","5,6103","5,6267","5,5472"
19/10/2020,"5,6069","5,6463","5,6503","5,5665"
16/10/2020,"5,6428","5,6097","5,6549","5,5975"
15/10/2020,"5,6126","5,5958","5,6483","5,5886"
14/10/2020,"5,5912","5,5729","5,6055","5,5349"
13/10/2020,"5,5693","5,5263","5,6262","5,521"
12/10/2020,"5,5316","5,5316","5,5316","5,5316"
09/10/2020,"5,5318","5,6","5,6014","5,5104"
08/10/2020,"5,5987","5,6128","5,6469","5,5761"
07/10/2020,"5,6097","5,5614","5,6396","5,5508"
06/10/2020,"5,593","5,5745","5,6174","5,483"
05/10/2020,"5,5743","5,6498","5,6774","5,55"
02/10/2020,"5,6851","5,6433","5,6929","5,6072"
01/10/2020,"5,6437","5,6109","5,6652","5,5739"
30/09/2020,"5,6112","5,6352","5,6705","5,587"
29/09/2020,"5,6344","5,6615","5,6786","5,6061"
28/09/2020,"5,6627","5,5135","5,676","5,5127"
25/09/2020,"5,5624","5,5098","5,589","5,5098"
24/09/2020,"5,5089","5,593","5,6243","5,4926"
23/09/2020,"5,5943","5,4702","5,5991","5,47"
22/09/2020,"5,4704","5,4147","5,4968","5,3828"
21/09/2020,"5,4131","5,4511","5,4979","5,3876"
18/09/2020,"5,3876","5,2398","5,3989","5,2391"
17/09/2020,"5,2394","5,2379","5,2924","5,2264"
16/09/2020,"5,2377","5,2762","5,2785","5,2103"
15/09/2020,"5,2748","5,2698","5,3016","5,2192"
14/09/2020,"5,2706","5,3191","5,3234","5,2613"
11/09/2020,"5,3189","5,3209","5,3495","5,2583"
10/09/2020,"5,321","5,3096","5,3325","5,2681"
09/09/2020,"5,3078","5,3614","5,362","5,2784"
08/09/2020,"5,3638","5,3607","5,4097","5,3156"
07/09/2020,"5,2995","5,2995","5,2995","5,2995"
04/09/2020,"5,3012","5,2901","5,3285","5,2465"
03/09/2020,"5,2914","5,3408","5,3752","5,2722"
02/09/2020,"5,3403","5,3987","5,4309","5,3407"
01/09/2020,"5,396","5,4927","5,4927","5,3344"
31/08/2020,"5,4914","5,385","5,4955","5,385"
28/08/2020,"5,3881","5,5701","5,5702","5,3855"
27/08/2020,"5,5691","5,606","5,6223","5,5435"
26/08/2020,"5,6054","5,509","5,6342","5,5089"
25/08/2020,"5,5075","5,6112","5,6136","5,5049"
24/08/2020,"5,61","5,5772","5,6148","5,5589"
21/08/2020,"5,6192","5,5587","5,6332","5,5555"
20/08/2020,"5,5568","5,5573","5,6733","5,5382"
19/08/2020,"5,5575","5,4674","5,5619","5,4346"
18/08/2020,"5,4666","5,5098","5,5168","5,4206"
17/08/2020,"5,509","5,441","5,515","5,409"
14/08/2020,"5,4204","5,3698","5,4422","5,3572"
13/08/2020,"5,369","5,4356","5,4362","5,349"
12/08/2020,"5,4333","5,382","5,4925","5,382"
11/08/2020,"5,38","5,4809","5,4822","5,3716"
10/08/2020,"5,4812","5,4396","5,4907","5,3518"
07/08/2020,"5,4383","5,3442","5,4394","5,3401"
06/08/2020,"5,3315","5,2915","5,3721","5,2915"
05/08/2020,"5,2902","5,244","5,3203","5,2317"
04/08/2020,"5,29","5,3205","5,3775","5,2744"
03/08/2020,"5,3213","5,2223","5,3364","5,2115"
31/07/2020,"5,224","5,1541","5,2298","5,1531"
30/07/2020,"5,1534","5,1706","5,2165","5,1435"
29/07/2020,"5,1692","5,1383","5,1845","5,1145"
28/07/2020,"5,1533","5,1493","5,2044","5,1346"
27/07/2020,"5,1447","5,2332","5,2332","5,1411"
24/07/2020,"5,2329","5,2128","5,2532","5,1597"
23/07/2020,"5,2112","5,1191","5,2262","5,1188"
22/07/2020,"5,1166","5,1707","5,2029","5,0828"
21/07/2020,"5,1713","5,3291","5,3291","5,1647"
20/07/2020,"5,3283","5,387","5,3913","5,3269"
17/07/2020,"5,3849","5,3243","5,3923","5,3156"
16/07/2020,"5,3311","5,3697","5,3929","5,3065"
15/07/2020,"5,3698","5,3096","5,3911","5,2917"
14/07/2020,"5,3674","5,4032","5,4543","5,3306"
13/07/2020,"5,404","5,313","5,4098","5,3105"
10/07/2020,"5,3238","5,339","5,3946","5,3129"
09/07/2020,"5,3413","5,345","5,3789","5,245"
08/07/2020,"5,3422","5,384","5,3942","5,3178"
07/07/2020,"5,379","5,356","5,4017","5,288"
06/07/2020,"5,3562","5,315","5,3592","5,2609"
03/07/2020,"5,3158","5,3523","5,3807","5,3047"
02/07/2020,"5,3596","5,3185","5,3752","5,2655"
01/07/2020,"5,3174","5,466","5,4763","5,2985"
30/06/2020,"5,4661","5,4004","5,5082","5,4004"
29/06/2020,"5,4034","5,4847","5,4847","5,3893"
26/06/2020,"5,484","5,3607","5,4931","5,3607"
25/06/2020,"5,3561","5,3476","5,3803","5,2663"
24/06/2020,"5,3467","5,1525","5,3549","5,1525"
23/06/2020,"5,1542","5,2524","5,2537","5,1336"
22/06/2020,"5,2524","5,2904","5,2968","5,1973"
19/06/2020,"5,3105","5,378","5,3821","5,2881"
18/06/2020,"5,3776","5,2291","5,3884","5,2277"
17/06/2020,"5,2286","5,2446","5,2715","5,1814"
16/06/2020,"5,243","5,1173","5,2549","5,0478"
15/06/2020,"5,1557","5,1314","5,2261","5,0786"
12/06/2020,"5,0505","4,9774","5,1119","4,9765"
11/06/2020,"4,976","4,974","4,9765","4,974"
10/06/2020,"4,9732","4,9","4,9789","4,838"
09/06/2020,"4,8992","4,823","4,9359","4,823"
08/06/2020,"4,823","4,962","4,9773","4,8175"
05/06/2020,"4,9585","5,1187","5,1197","4,9328"
04/06/2020,"5,119","5,0624","5,1418","5,0244"
03/06/2020,"5,0622","5,2006","5,211","5,0159"
02/06/2020,"5,2014","5,3672","5,37","5,1989"
01/06/2020,"5,3633","5,334","5,4196","5,31"
29/05/2020,"5,3361","5,4049","5,463","5,3189"
28/05/2020,"5,4045","5,2743","5,4114","5,2743"
27/05/2020,"5,2733","5,3417","5,361","5,2692"
26/05/2020,"5,345","5,4432","5,4432","5,334"
25/05/2020,"5,4461","5,4943","5,5301","5,4321"
22/05/2020,"5,5338","5,5536","5,6256","5,5229"
21/05/2020,"5,5507","5,6925","5,7062","5,5473"
20/05/2020,"5,6925","5,7559","5,7573","5,6694"
19/05/2020,"5,754","5,7192","5,7687","5,682"
18/05/2020,"5,719","5,8565","5,8565","5,6942"
15/05/2020,"5,8554","5,811","5,8735","5,759"
14/05/2020,"5,8115","5,9249","5,9718","5,8022"
13/05/2020,"5,8852","5,8863","5,944","5,8176"
12/05/2020,"5,8856","5,819","5,895","5,742"
11/05/2020,"5,818","5,7826","5,8405","5,7651"
08/05/2020,"5,7319","5,8123","5,8286","5,7178"
07/05/2020,"5,8307","5,7158","5,877","5,7158"
06/05/2020,"5,714","5,5749","5,7235","5,5749"
05/05/2020,"5,5783","5,5424","5,6044","5,4818"
04/05/2020,"5,545","5,6141","5,6144","5,5187"
01/05/2020,"5,4856","5,4861","5,4861","5,4861"
30/04/2020,"5,4858","5,3346","5,4876","5,3306"
29/04/2020,"5,3348","5,502","5,5281","5,334"
28/04/2020,"5,4999","5,6085","5,6221","5,471"
27/04/2020,"5,6526","5,5427","5,726","5,5345"
24/04/2020,"5,5907","5,5339","5,7484","5,5339"
23/04/2020,"5,5335","5,4558","5,5566","5,4009"
22/04/2020,"5,458","5,3185","5,4643","5,3028"
21/04/2020,"5,3163","5,3172","5,3176","5,3167"
20/04/2020,"5,3168","5,2864","5,3202","5,2642"
17/04/2020,"5,2363","5,2341","5,2761","5,2067"
16/04/2020,"5,2333","5,2335","5,2683","5,2006"
15/04/2020,"5,2367","5,2227","5,2684","5,2157"
14/04/2020,"5,1621","5,1812","5,2123","5,1485"
13/04/2020,"5,1994","5,1219","5,2089","5,1038"
10/04/2020,"5,1063","5,1068","5,1068","5,1068"
09/04/2020,"5,107","5,126","5,1534","5,0488"
08/04/2020,"5,1233","5,2237","5,2489","5,1113"
07/04/2020,"5,2214","5,2817","5,2868","5,1819"
06/04/2020,"5,2863","5,2999","5,3114","5,2236"
03/04/2020,"5,3506","5,2566","5,3541","5,2556"
02/04/2020,"5,2533","5,2486","5,285","5,222"
01/04/2020,"5,2493","5,2253","5,2747","5,221"
31/03/2020,"5,2046","5,1881","5,215","5,1679"
30/03/2020,"5,1936","5,118","5,196","5,1128"
27/03/2020,"5,0997","5,0235","5,1282","5,0235"
26/03/2020,"5,0212","5,0349","5,066","4,9733"
25/03/2020,"5,0353","5,0995","5,1109","4,9722"
24/03/2020,"5,0983","5,1432","5,1432","5,0412"
23/03/2020,"5,1444","5,0628","5,1479","5,005"
20/03/2020,"5,0627","5,0011","5,0662","4,982"
19/03/2020,"5,0957","5,1098","5,214","5,0682"
18/03/2020,"5,1064","5,0103","5,255","5,0074"
17/03/2020,"5,0084","5,0358","5,0873","4,9594"
16/03/2020,"5,0002","4,86","5,069","4,86"
13/03/2020,"4,858","4,7095","4,881","4,6424"
12/03/2020,"4,791","4,8149","5,0284","4,7501"
11/03/2020,"4,8136","4,64","4,8284","4,64"
10/03/2020,"4,6425","4,6742","4,6874","4,6345"
09/03/2020,"4,7231","4,76","4,7943","4,7052"
06/03/2020,"4,6269","4,6358","4,672","4,6108"
05/03/2020,"4,6073","4,5993","4,6671","4,5844"
04/03/2020,"4,5847","4,514","4,5881","4,5026"
03/03/2020,"4,5144","4,4744","4,5184","4,4521"
02/03/2020,"4,474","4,4948","4,5069","4,469"
28/02/2020,"4,4733","4,507","4,5144","4,4642"
27/02/2020,"4,4861","4,4497","4,5021","4,4471"
26/02/2020,"4,4502","4,3884","4,4553","4,388"
25/02/2020,"4,3878","4,3883","4,3888","4,3879"
24/02/2020,"4,3878","4,3884","4,3884","4,3883"
21/02/2020,"4,3895","4,3939","4,4069","4,3712"
20/02/2020,"4,3933","4,3653","4,3985","4,358"
19/02/2020,"4,3649","4,3564","4,3779","4,3562"
18/02/2020,"4,3557","4,328","4,3645","4,3252"
17/02/2020,"4,327","4,3003","4,332","4,2969"
14/02/2020,"4,2974","4,3504","4,3504","4,2906"
13/02/2020,"4,3498","4,3553","4,3835","4,3081"
12/02/2020,"4,3548","4,3319","4,3558","4,3232"
11/02/2020,"4,3316","4,3252","4,3412","4,2969"
10/02/2020,"4,3248","4,321","4,3293","4,304"
07/02/2020,"4,3203","4,2825","4,3241","4,2794"
06/02/2020,"4,2822","4,2357","4,2862","4,2086"
05/02/2020,"4,2353","4,2552","4,2614","4,2263"
04/02/2020,"4,2545","4,248","4,2625","4,2232"
03/02/2020,"4,2476","4,2816","4,2828","4,2294"
31/01/2020,"4,282","4,2438","4,2905","4,2438"
30/01/2020,"4,243","4,2304","4,2727","4,2303"
29/01/2020,"4,2303","4,1948","4,2326","4,1814"
28/01/2020,"4,1943","4,2112","4,2169","4,1867"
27/01/2020,"4,2074","4,1842","4,2318","4,1797"
24/01/2020,"4,1814","4,1707","4,1918","4,165"
23/01/2020,"4,1703","4,1832","4,1907","4,1554"
22/01/2020,"4,1826","4,202","4,2058","4,1724"
21/01/2020,"4,2123","4,1895","4,2178","4,183"
20/01/2020,"4,1898","4,1658","4,1922","4,1629"
17/01/2020,"4,1616","4,1851","4,1936","4,1588"
16/01/2020,"4,1847","4,1756","4,2012","4,1593"
15/01/2020,"4,1753","4,1323","4,1862","4,131"
14/01/2020,"4,1326","4,1474","4,1618","4,1214"
13/01/2020,"4,1466","4,0907","4,1469","4,0885"
10/01/2020,"4,096","4,0936","4,1051","4,0615"
09/01/2020,"4,0925","4,0645","4,0935","4,0575"
08/01/2020,"4,0647","4,0676","4,0787","4,0399"
07/01/2020,"4,0676","4,062","4,0928","4,0549"
06/01/2020,"4,0616","4,0567","4,0746","4,0463"
03/01/2020,"4,0669","4,0251","4,072","4,0251"
02/01/2020,"4,026","4,0197","4,0413","4,0038"
01/01/2020,"4,019","4,019","4,019","4,019"
11/09/2013,"2,276","2,2838","2,3078","2,2646"
10/09/2013,"2,2833","2,2768","2,2947","2,2594"
09/09/2013,"2,276","2,2981","2,3074","2,2719"
06/09/2013,"2,3065","2,3252","2,3257","2,2805"
05/09/2013,"2,3243","2,3597","2,3748","2,3152"
04/09/2013,"2,3597","2,3587","2,3656","2,3415"
03/09/2013,"2,3582","2,3775","2,4043","2,3526"
02/09/2013,"2,3774","2,3826","2,3861","2,3548"
30/08/2013,"2,3859","2,3594","2,3973","2,3469"
29/08/2013,"2,359","2,3468","2,3823","2,334"
28/08/2013,"2,343","2,3699","2,391","2,3204"
27/08/2013,"2,3712","2,379","2,4185","2,3612"
26/08/2013,"2,3789","2,3489","2,3964","2,3482"
23/08/2013,"2,3483","2,4337","2,4363","2,3461"
22/08/2013,"2,434","2,4524","2,4549","2,4177"
21/08/2013,"2,452","2,3936","2,4554","2,3925"
20/08/2013,"2,3933","2,4128","2,4131","2,3836"
19/08/2013,"2,4123","2,3926","2,4283","2,3844"
16/08/2013,"2,3923","2,3407","2,3985","2,34"
15/08/2013,"2,3401","2,3246","2,3518","2,3135"
14/08/2013,"2,3241","2,3145","2,3281","2,3038"
13/08/2013,"2,3136","2,2876","2,3175","2,2858"
12/08/2013,"2,2865","2,2685","2,2907","2,2628"
09/08/2013,"2,2714","2,2846","2,2848","2,2633"
08/08/2013,"2,2834","2,3139","2,3143","2,2738"
07/08/2013,"2,3136","2,2992","2,3164","2,2926"
06/08/2013,"2,2985","2,3058","2,3086","2,2873"
05/08/2013,"2,3055","2,2891","2,3072","2,2855"
02/08/2013,"2,2868","2,3048","2,3135","2,2765"
01/08/2013,"2,3035","2,2764","2,306","2,2691"
31/07/2013,"2,2764","2,2823","2,3031","2,2741"
30/07/2013,"2,2825","2,2698","2,2844","2,2642"
29/07/2013,"2,2685","2,2522","2,2712","2,2522"
26/07/2013,"2,2565","2,2435","2,258","2,2397"
25/07/2013,"2,2425","2,2507","2,2655","2,2348"
24/07/2013,"2,2501","2,2131","2,2579","2,213"
23/07/2013,"2,2127","2,2331","2,2406","2,2107"
22/07/2013,"2,232","2,2468","2,2492","2,2291"
19/07/2013,"2,2464","2,2249","2,2491","2,2158"
18/07/2013,"2,2262","2,2255","2,2427","2,2149"
17/07/2013,"2,2251","2,2523","2,2645","2,2206"
16/07/2013,"2,2528","2,22","2,2589","2,2068"
15/07/2013,"2,2185","2,2695","2,2727","2,2186"
12/07/2013,"2,2671","2,255","2,2718","2,2534"
11/07/2013,"2,2535","2,2644","2,2729","2,2497"
10/07/2013,"2,2637","2,2546","2,2809","2,2546"
09/07/2013,"2,2561","2,2644","2,2653","2,2571"
08/07/2013,"2,2639","2,2526","2,2653","2,2445"
05/07/2013,"2,2515","2,2478","2,2703","2,2438"
04/07/2013,"2,2475","2,2682","2,2729","2,2475"
03/07/2013,"2,2676","2,2547","2,2718","2,2505"
02/07/2013,"2,254","2,2287","2,2553","2,2263"
01/07/2013,"2,228","2,229","2,2373","2,2165"
28/06/2013,"2,2315","2,1982","2,2345","2,1982"
27/06/2013,"2,1987","2,1868","2,1991","2,1753"
26/06/2013,"2,1865","2,2137","2,2143","2,1841"
25/06/2013,"2,2137","2,2263","2,2311","2,2043"
24/06/2013,"2,2257","2,2453","2,2649","2,2144"
21/06/2013,"2,2415","2,2588","2,2753","2,2348"
20/06/2013,"2,258","2,2249","2,2777","2,2227"
19/06/2013,"2,2238","2,1818","2,236","2,1667"
18/06/2013,"2,18","2,1704","2,1862","2,1598"
17/06/2013,"2,1698","2,1493","2,1782","2,1434"
14/06/2013,"2,1517","2,1214","2,1541","2,1197"
13/06/2013,"2,1215","2,1556","2,1559","2,1171"
12/06/2013,"2,155","2,1327","2,1583","2,1233"
11/06/2013,"2,1318","2,1464","2,1666","2,1272"
10/06/2013,"2,1457","2,1378","2,16","2,1334"
07/06/2013,"2,1308","2,13","2,1535","2,1242"
06/06/2013,"2,1299","2,1271","2,1323","2,1136"
05/06/2013,"2,1282","2,1258","2,1496","2,0841"
04/06/2013,"2,1249","2,1246","2,15","2,1105"
03/06/2013,"2,124","2,144","2,144","2,1237"
31/05/2013,"2,1418","2,1215","2,1513","2,1165"
30/05/2013,"2,1095","2,1097","2,1103","2,1097"
29/05/2013,"2,1101","2,0759","2,1155","2,0693"
28/05/2013,"2,0749","2,0568","2,0765","2,0511"
27/05/2013,"2,0543","2,0519","2,0576","2,0473"
24/05/2013,"2,0512","2,0445","2,0561","2,0426"
23/05/2013,"2,0439","2,049","2,0561","2,0416"
22/05/2013,"2,0487","2,0404","2,0518","2,0312"
21/05/2013,"2,0406","2,0397","2,0469","2,0316"
20/05/2013,"2,039","2,036","2,0412","2,0264"
17/05/2013,"2,0345","2,0268","2,0416","2,0254"
16/05/2013,"2,0265","2,0224","2,038","2,0217"
15/05/2013,"2,022","2,0209","2,0336","2,0147"
14/05/2013,"2,0199","2,0081","2,0216","2,0027"
13/05/2013,"2,0072","2,0172","2,0246","2,0064"
10/05/2013,"2,0198","2,0113","2,0299","2,0113"
09/05/2013,"2,013","2,0054","2,0167","1,9945"
08/05/2013,"2,0047","2,009","2,0092","1,9978"
07/05/2013,"2,0075","2,0091","2,0149","2,0015"
06/05/2013,"2,0093","2,0103","2,0176","2,0083"
03/05/2013,"2,0087","2,0102","2,0149","2,0047"
02/05/2013,"2,009","2,0046","2,0162","1,9993"
01/05/2013,"2,001","2,0016","2,0085","2,001"
30/04/2013,"2,001","2,0081","2,013","1,996"
29/04/2013,"2,0075","2,0002","2,0092","1,9908"
26/04/2013,"1,9985","2,0019","2,0045","1,9958"
25/04/2013,"2,0012","2,011","2,0141","2,0012"
24/04/2013,"2,0104","2,0248","2,0264","2,0085"
23/04/2013,"2,0245","2,021","2,03","2,0103"
22/04/2013,"2,0209","2,0107","2,0218","2,005"
19/04/2013,"2,0102","2,0193","2,0197","2,0015"
18/04/2013,"2,018","2,0012","2,0228","1,9968"
17/04/2013,"2,0009","1,9876","2,0082","1,984"
16/04/2013,"1,986","2,0012","2,0029","1,9817"
15/04/2013,"2,0002","1,9698","2,0094","1,9695"
12/04/2013,"1,9692","1,9769","1,9815","1,9633"
11/04/2013,"1,9735","1,9743","1,9772","1,9668"
10/04/2013,"1,9739","1,9814","1,9869","1,9718"
09/04/2013,"1,9805","1,992","1,9931","1,979"
08/04/2013,"1,9916","1,989","1,9941","1,9777"
05/04/2013,"1,9849","2,014","2,0183","1,985"
04/04/2013,"2,0131","2,0244","2,028","2,01"
03/04/2013,"2,0237","2,0193","2,0285","2,0168"
02/04/2013,"2,0186","2,021","2,025","2,0152"
01/04/2013,"2,0195","2,0186","2,0235","2,0155"
29/03/2013,"2,0235","2,0222","2,0243","2,0222"
28/03/2013,"2,0213","2,011","2,0229","2,0038"
27/03/2013,"2,0104","2,0174","2,0275","2,0062"
26/03/2013,"2,017","2,0126","2,0177","2,003"
25/03/2013,"2,0117","2,0096","2,0186","2,0027"
22/03/2013,"2,0088","2,0082","2,0198","2,003"
21/03/2013,"2,0075","1,988","2,0135","1,9873"
20/03/2013,"1,9895","1,9858","1,9923","1,9758"
19/03/2013,"1,9845","1,982","1,9886","1,9763"
18/03/2013,"1,9815","1,9862","1,9904","1,9808"
15/03/2013,"1,981","1,9723","1,9848","1,964"
14/03/2013,"1,9713","1,972","1,9778","1,9638"
13/03/2013,"1,9715","1,9648","1,9793","1,9583"
12/03/2013,"1,9644","1,9568","1,9659","1,9538"
11/03/2013,"1,9555","1,948","1,9633","1,9415"
08/03/2013,"1,9435","1,9608","1,9629","1,9423"
07/03/2013,"1,9605","1,9671","1,9726","1,9565"
06/03/2013,"1,97","1,9643","1,9718","1,9618"
05/03/2013,"1,9641","1,9708","1,9733","1,9633"
04/03/2013,"1,97","1,9826","1,987","1,9696"
01/03/2013,"1,9785","1,976","1,9882","1,976"
28/02/2013,"1,9795","1,9763","1,9804","1,9671"
27/02/2013,"1,9725","1,9838","1,9839","1,9708"
26/02/2013,"1,9815","1,9836","1,9938","1,9745"
25/02/2013,"1,9825","1,9743","1,9851","1,9633"
22/02/2013,"1,9724","1,9736","1,9744","1,9636"
21/02/2013,"1,9733","1,9611","1,9797","1,9611"
20/02/2013,"1,9608","1,9543","1,9666","1,9532"
19/02/2013,"1,9535","1,9634","1,9649","1,9537"
18/02/2013,"1,9624","1,9688","1,9703","1,9595"
15/02/2013,"1,968","1,9578","1,9701","1,9494"
14/02/2013,"1,957","1,9648","1,9703","1,9561"
13/02/2013,"1,964","1,9703","1,9703","1,9637"
12/02/2013,"1,968","1,9728","1,9728","1,969"
11/02/2013,"1,9724","1,969","1,9735","1,969"
08/02/2013,"1,9725","1,9667","1,9793","1,9507"
07/02/2013,"1,9663","1,9904","1,9921","1,9607"
06/02/2013,"1,9899","1,9845","1,9917","1,9835"
05/02/2013,"1,9836","1,9961","1,9961","1,9817"
04/02/2013,"1,9958","1,9878","1,9974","1,9846"
01/02/2013,"1,987","1,9908","1,9927","1,9785"
31/01/2013,"1,9902","1,9873","1,993","1,9813"
30/01/2013,"1,9902","1,9859","2,0006","1,9821"
29/01/2013,"1,9855","1,9958","1,9993","1,9831"
28/01/2013,"1,995","2,0305","2,0366","1,9939"
25/01/2013,"2,029","2,03","2,0306","2,0285"
24/01/2013,"2,029","2,0354","2,0375","2,0273"
23/01/2013,"2,035","2,0423","2,0451","2,0351"
22/01/2013,"2,0426","2,0418","2,0508","2,0387"
21/01/2013,"2,0416","2,0403","2,0431","2,0403"
18/01/2013,"2,0405","2,0385","2,0462","2,0385"
17/01/2013,"2,0383","2,0424","2,0459","2,0375"
16/01/2013,"2,0422","2,0358","2,0458","2,0329"
15/01/2013,"2,0355","2,0319","2,0395","2,0304"
14/01/2013,"2,0316","2,0298","2,0361","2,0298"
11/01/2013,"2,033","2,029","2,0392","2,0288"
10/01/2013,"2,0287","2,0426","2,0428","2,0279"
09/01/2013,"2,0378","2,0416","2,0461","2,035"
08/01/2013,"2,0413","2,0268","2,0419","2,0205"
07/01/2013,"2,026","2,0348","2,0373","2,0233"
04/01/2013,"2,034","2,0468","2,0505","2,0318"
03/01/2013,"2,0452","2,0483","2,0502","2,0336"
02/01/2013,"2,0443","2,0333","2,047","2,0323"
01/01/2013,"2,0475","2,0475","2,0475","2,0475"
31/12/2012,"2,0475","2,0475","2,0485","2,0475"
28/12/2012,"2,047","2,0435","2,0484","2,0388"
27/12/2012,"2,0422","2,0491","2,056","2,0398"
26/12/2012,"2,0486","2,0774","2,0774","2,0395"
25/12/2012,"2,0772","2,0772","2,0772","2,0772"
24/12/2012,"2,0772","2,0772","2,0772","2,0772"
21/12/2012,"2,0772","2,0725","2,0807","2,0677"
20/12/2012,"2,0691","2,0717","2,0727","2,0546"
19/12/2012,"2,0714","2,0891","2,0905","2,067"
18/12/2012,"2,0879","2,0995","2,1018","2,085"
17/12/2012,"2,0987","2,0856","2,1016","2,0833"
14/12/2012,"2,0847","2,0852","2,0891","2,0773"
13/12/2012,"2,0846","2,072","2,0864","2,0717"
12/12/2012,"2,071","2,0787","2,082","2,0694"
11/12/2012,"2,0782","2,0768","2,082","2,0718"
10/12/2012,"2,076","2,0748","2,083","2,073"
07/12/2012,"2,074","2,0728","2,0921","2,0712"
06/12/2012,"2,077","2,0879","2,0879","2,0743"
05/12/2012,"2,0875","2,1197","2,1197","2,0871"
04/12/2012,"2,1195","2,1193","2,1255","2,1005"
03/12/2012,"2,119","2,1361","2,1388","2,0966"
30/11/2012,"2,135","2,0988","2,1373","2,0942"
29/11/2012,"2,098","2,0928","2,111","2,0866"
28/11/2012,"2,092","2,0842","2,0952","2,0827"
27/11/2012,"2,0838","2,083","2,0846","2,071"
26/11/2012,"2,0829","2,0816","2,0866","2,0723"
23/11/2012,"2,0812","2,1048","2,1174","2,0793"
22/11/2012,"2,104","2,0988","2,1069","2,0885"
21/11/2012,"2,0984","2,0805","2,0999","2,0805"
20/11/2012,"2,08","2,0763","2,0809","2,0763"
19/11/2012,"2,0755","2,0842","2,0864","2,0689"
16/11/2012,"2,0835","2,0665","2,0871","2,0664"
15/11/2012,"2,066","2,0669","2,067","2,0663"
14/11/2012,"2,0666","2,0583","2,0713","2,0558"
13/11/2012,"2,0575","2,051","2,0742","2,0509"
12/11/2012,"2,0507","2,0463","2,0551","2,0424"
09/11/2012,"2,0455","2,0404","2,0674","2,0401"
08/11/2012,"2,0402","2,0343","2,0425","2,0323"
07/11/2012,"2,033","2,0321","2,0356","2,0303"
06/11/2012,"2,0319","2,0353","2,0353","2,0306"
05/11/2012,"2,0349","2,0316","2,0355","2,0311"
02/11/2012,"2,0303","2,031","2,0316","2,031"
01/11/2012,"2,03","2,0309","2,0319","2,0296"
31/10/2012,"2,0306","2,0307","2,0348","2,0266"
30/10/2012,"2,0303","2,0336","2,0336","2,0293"
29/10/2012,"2,0333","2,027","2,0339","2,027"
26/10/2012,"2,0265","2,027","2,0275","2,0245"
25/10/2012,"2,0245","2,0244","2,0274","2,0234"
24/10/2012,"2,0245","2,027","2,0287","2,0233"
23/10/2012,"2,0265","2,0247","2,0314","2,0244"
22/10/2012,"2,0238","2,0281","2,0285","2,0233"
19/10/2012,"2,027","2,0264","2,0296","2,0258"
18/10/2012,"2,0256","2,0319","2,0345","2,0252"
17/10/2012,"2,0316","2,0366","2,0366","2,0294"
16/10/2012,"2,032","2,0363","2,0376","2,0302"
15/10/2012,"2,0353","2,044","2,044","2,0305"
12/10/2012,"2,0436","2,0419","2,0445","2,0419"
11/10/2012,"2,0415","2,0426","2,0433","2,0346"
10/10/2012,"2,042","2,0363","2,0438","2,0306"
09/10/2012,"2,0355","2,0298","2,0382","2,0276"
08/10/2012,"2,029","2,0317","2,0343","2,0281"
05/10/2012,"2,03","2,0178","2,0343","2,0157"
04/10/2012,"2,0174","2,0218","2,0245","2,0168"
03/10/2012,"2,0214","2,0282","2,0293","2,0216"
02/10/2012,"2,025","2,0261","2,0289","2,0226"
01/10/2012,"2,026","2,029","2,0294","2,0217"
28/09/2012,"2,0255","2,0296","2,0355","2,0242"
27/09/2012,"2,0285","2,0363","2,0374","2,0285"
26/09/2012,"2,0355","2,0312","2,0365","2,0269"
25/09/2012,"2,0306","2,0263","2,0323","2,0228"
24/09/2012,"2,0258","2,0236","2,0305","2,0234"
21/09/2012,"2,0213","2,0213","2,0262","2,0206"
20/09/2012,"2,0205","2,0244","2,0306","2,0198"
19/09/2012,"2,0235","2,0231","2,0271","2,0209"
18/09/2012,"2,0226","2,033","2,0361","2,0206"
17/09/2012,"2,0321","2,0119","2,0341","2,0119"
14/09/2012,"2,0113","2,021","2,0226","2,0066"
13/09/2012,"2,0206","2,0263","2,0296","2,0168"
12/09/2012,"2,0264","2,0167","2,029","2,0136"
11/09/2012,"2,016","2,0227","2,0309","2,0147"
10/09/2012,"2,0221","2,0287","2,0298","2,0189"
07/09/2012,"2,0274","2,0281","2,0281","2,0281"
06/09/2012,"2,0274","2,0393","2,0427","2,027"
05/09/2012,"2,0391","2,0427","2,0454","2,0351"
04/09/2012,"2,042","2,0328","2,0441","2,0283"
03/09/2012,"2,0321","2,0304","2,0347","2,0275"
31/08/2012,"2,028","2,0488","2,0513","2,0258"
30/08/2012,"2,0484","2,0502","2,0567","2,0434"
29/08/2012,"2,0496","2,045","2,0547","2,0434"
28/08/2012,"2,043","2,0342","2,0528","2,0314"
27/08/2012,"2,0338","2,0252","2,0355","2,0232"
24/08/2012,"2,0266","2,0237","2,0358","2,0193"
23/08/2012,"2,0231","2,0172","2,0269","2,0158"
22/08/2012,"2,0155","2,0159","2,0228","2,0145"
21/08/2012,"2,0156","2,0167","2,023","2,0056"
20/08/2012,"2,0165","2,0157","2,0226","2,0149"
17/08/2012,"2,0145","2,0173","2,0236","2,0135"
16/08/2012,"2,0166","2,0232","2,0278","2,0167"
15/08/2012,"2,0218","2,0266","2,0305","2,0189"
14/08/2012,"2,0259","2,0207","2,029","2,0165"
13/08/2012,"2,0197","2,0153","2,03","2,0149"
10/08/2012,"2,0137","2,0133","2,0225","2,0122"
09/08/2012,"2,012","2,0209","2,0269","2,0128"
08/08/2012,"2,0195","2,0317","2,0358","2,0185"
07/08/2012,"2,0275","2,0312","2,0323","2,0227"
06/08/2012,"2,0305","2,029","2,0323","2,024"
03/08/2012,"2,0275","2,0498","2,0503","2,0216"
02/08/2012,"2,049","2,0443","2,0536","2,0321"
01/08/2012,"2,0441","2,0568","2,057","2,037"
31/07/2012,"2,0563","2,0407","2,057","2,0383"
30/07/2012,"2,0395","2,021","2,0428","2,021"
27/07/2012,"2,0208","2,0214","2,0293","2,008"
26/07/2012,"2,0202","2,0331","2,0347","2,0182"
25/07/2012,"2,0328","2,0478","2,0478","2,0326"
24/07/2012,"2,0467","2,0385","2,0524","2,0353"
23/07/2012,"2,0382","2,0233","2,0459","2,0233"
20/07/2012,"2,0233","2,0123","2,0279","2,0115"
19/07/2012,"2,0114","2,0226","2,0277","2,0096"
18/07/2012,"2,022","2,0209","2,0299","2,0163"
17/07/2012,"2,0207","2,0353","2,0401","2,0197"
16/07/2012,"2,0343","2,0362","2,0439","2,0326"
13/07/2012,"2,0367","2,0377","2,0422","2,0288"
12/07/2012,"2,0371","2,0361","2,0522","2,036"
11/07/2012,"2,0338","2,0337","2,0406","2,0255"
10/07/2012,"2,0328","2,0273","2,041","2,023"
09/07/2012,"2,0311","2,0266","2,0328","2,0266"
06/07/2012,"2,0278","2,0192","2,0417","2,0155"
05/07/2012,"2,0192","2,0274","2,0391","2,012"
04/07/2012,"2,0274","2,0114","2,0367","2,0095"
03/07/2012,"2,0154","1,9836","2,0194","1,9779"
02/07/2012,"1,9847","2,0062","2,0134","1,984"
29/06/2012,"2,0092","2,077","2,077","2,0045"
28/06/2012,"2,0755","2,0772","2,0995","2,0719"
27/06/2012,"2,0757","2,0755","2,0969","2,0693"
26/06/2012,"2,0724","2,0614","2,0778","2,0583"
25/06/2012,"2,061","2,0675","2,079","2,0609"
22/06/2012,"2,0665","2,0627","2,068","2,0484"
21/06/2012,"2,0628","2,0263","2,0635","2,0236"
20/06/2012,"2,0251","2,0277","2,0388","2,0214"
19/06/2012,"2,0277","2,0583","2,0583","2,0259"
18/06/2012,"2,0631","2,0445","2,0688","2,0445"
15/06/2012,"2,0482","2,057","2,0599","2,0366"
14/06/2012,"2,0564","2,0717","2,0745","2,0494"
13/06/2012,"2,0716","2,0668","2,0759","2,0514"
12/06/2012,"2,0676","2,0652","2,0716","2,047"
11/06/2012,"2,065","2,0207","2,0666","2,0153"
08/06/2012,"2,0206","2,0326","2,0436","2,019"
07/06/2012,"2,0315","2,0328","2,0328","2,0328"
06/06/2012,"2,0325","2,0248","2,0339","2,0118"
05/06/2012,"2,024","2,0561","2,063","2,0148"
04/06/2012,"2,0558","2,0404","2,0594","2,0318"
01/06/2012,"2,0398","2,0226","2,0506","2,0222"
31/05/2012,"2,0221","2,016","2,0288","2,0024"
30/05/2012,"2,0157","1,9925","2,0191","1,9925"
29/05/2012,"1,9894","1,9833","2,001","1,978"
28/05/2012,"1,983","1,9833","1,9841","1,9705"
25/05/2012,"1,9843","2,0283","2,0323","1,9834"
24/05/2012,"2,028","2,0308","2,0529","2,0228"
23/05/2012,"2,0306","2,0907","2,1065","2,0281"
22/05/2012,"2,0904","2,0417","2,0925","2,0374"
21/05/2012,"2,0412","2,0214","2,0501","2,0189"
18/05/2012,"2,0225","2,0092","2,0581","1,9923"
17/05/2012,"2,0087","2,0003","2,013","1,989"
16/05/2012,"1,9995","2,0021","2,0083","1,9869"
15/05/2012,"2,001","1,9898","2,0063","1,9813"
14/05/2012,"1,9946","1,9664","2,0073","1,9664"
11/05/2012,"1,9655","1,9527","1,9689","1,939"
10/05/2012,"1,9524","1,9712","1,9712","1,9439"
09/05/2012,"1,971","1,9412","1,9727","1,9381"
08/05/2012,"1,9388","1,9208","1,943","1,9197"
07/05/2012,"1,9187","1,9275","1,9359","1,9185"
04/05/2012,"1,9265","1,9084","1,9301","1,9069"
03/05/2012,"1,9082","1,9231","1,9364","1,9073"
02/05/2012,"1,9235","1,9074","1,93","1,9065"
01/05/2012,"1,9037","1,9044","1,9047","1,9044"
30/04/2012,"1,908","1,8891","1,9118","1,8824"
27/04/2012,"1,8853","1,8861","1,8883","1,881"
26/04/2012,"1,8847","1,8814","1,8909","1,8778"
25/04/2012,"1,8781","1,8781","1,8879","1,8753"
24/04/2012,"1,8816","1,8792","1,8843","1,874"
23/04/2012,"1,8799","1,876","1,8914","1,8725"
20/04/2012,"1,8717","1,8799","1,8872","1,8613"
19/04/2012,"1,8799","1,8782","1,8939","1,8788"
18/04/2012,"1,8782","1,8604","1,8842","1,8573"
17/04/2012,"1,8604","1,8466","1,8616","1,8399"
16/04/2012,"1,8466","1,8367","1,8491","1,8312"
13/04/2012,"1,8366","1,8264","1,842","1,8272"
12/04/2012,"1,8264","1,8351","1,8435","1,8222"
11/04/2012,"1,8351","1,8329","1,8376","1,8245"
10/04/2012,"1,8329","1,8162","1,8378","1,8158"
09/04/2012,"1,8165","1,8254","1,8317","1,8167"
06/04/2012,"1,8211","1,8211","1,8211","1,8211"
05/04/2012,"1,8211","1,8263","1,8334","1,8212"
04/04/2012,"1,8256","1,8251","1,8343","1,8245"
03/04/2012,"1,8247","1,8328","1,8357","1,8193"
02/04/2012,"1,8319","1,8257","1,8363","1,8229"
30/03/2012,"1,8257","1,8217","1,8308","1,8118"
29/03/2012,"1,8217","1,8252","1,8374","1,8177"
28/03/2012,"1,8222","1,8212","1,8283","1,8142"
27/03/2012,"1,8212","1,8178","1,8231","1,8082"
26/03/2012,"1,8168","1,8105","1,8192","1,8037"
23/03/2012,"1,8093","1,8187","1,8252","1,8075"
22/03/2012,"1,8187","1,8191","1,8321","1,8169"
21/03/2012,"1,8226","1,8151","1,8301","1,8138"
20/03/2012,"1,8137","1,8187","1,8345","1,8118"
19/03/2012,"1,8207","1,802","1,8223","1,8003"
16/03/2012,"1,8003","1,7999","1,8063","1,7939"
15/03/2012,"1,7983","1,8065","1,8106","1,7854"
14/03/2012,"1,8049","1,7918","1,8263","1,7915"
13/03/2012,"1,7918","1,7961","1,827","1,789"
12/03/2012,"1,799","1,7904","1,8332","1,7909"
09/03/2012,"1,7904","1,7596","1,7953","1,7603"
08/03/2012,"1,7602","1,7657","1,7811","1,7545"
07/03/2012,"1,7657","1,7576","1,7749","1,7533"
06/03/2012,"1,7576","1,7387","1,7655","1,7388"
05/03/2012,"1,7387","1,7291","1,7414","1,7243"
02/03/2012,"1,7301","1,713","1,7359","1,7135"
01/03/2012,"1,713","1,7167","1,7289","1,7095"
29/02/2012,"1,7167","1,6949","1,7274","1,687"
28/02/2012,"1,6947","1,7078","1,7102","1,6938"
27/02/2012,"1,7069","1,7085","1,716","1,7023"
24/02/2012,"1,709","1,7143","1,7151","1,7005"
23/02/2012,"1,7132","1,7048","1,7155","1,6958"
22/02/2012,"1,7063","1,7127","1,7168","1,7037"
21/02/2012,"1,717","1,7171","1,7179","1,7175"
20/02/2012,"1,7171","1,7171","1,7171","1,7171"
17/02/2012,"1,7145","1,716","1,7181","1,7098"
16/02/2012,"1,716","1,7282","1,738","1,713"
15/02/2012,"1,7287","1,7236","1,7294","1,7129"
14/02/2012,"1,721","1,716","1,728","1,7125"
13/02/2012,"1,716","1,722","1,7232","1,7098"
10/02/2012,"1,7205","1,716","1,7318","1,7164"
09/02/2012,"1,716","1,7213","1,7271","1,7159"
08/02/2012,"1,7212","1,7257","1,7265","1,714"
07/02/2012,"1,7258","1,7263","1,733","1,7183"
06/02/2012,"1,7263","1,7181","1,7353","1,7122"
03/02/2012,"1,716","1,7183","1,7289","1,7138"
02/02/2012,"1,7193","1,7339","1,7385","1,7185"
01/02/2012,"1,7339","1,749","1,7494","1,7289"
31/01/2012,"1,7463","1,7476","1,7539","1,7337"
30/01/2012,"1,7498","1,746","1,7575","1,746"
27/01/2012,"1,7372","1,75","1,7516","1,7355"
26/01/2012,"1,75","1,7598","1,7612","1,7316"
25/01/2012,"1,76","1,758","1,764","1,7571"
24/01/2012,"1,758","1,7563","1,7695","1,7509"
23/01/2012,"1,7547","1,7555","1,76","1,7485"
20/01/2012,"1,7543","1,7668","1,7728","1,7548"
19/01/2012,"1,765","1,7662","1,7755","1,7574"
18/01/2012,"1,7649","1,7875","1,7887","1,7616"
17/01/2012,"1,7875","1,7867","1,7888","1,7667"
16/01/2012,"1,7854","1,7857","1,7893","1,7805"
13/01/2012,"1,7844","1,7784","1,8082","1,7684"
12/01/2012,"1,7775","1,8025","1,8043","1,7744"
11/01/2012,"1,8025","1,7993","1,8125","1,7965"
10/01/2012,"1,799","1,8317","1,8325","1,7943"
09/01/2012,"1,8326","1,8558","1,8569","1,8307"
06/01/2012,"1,8574","1,8432","1,8584","1,8368"
05/01/2012,"1,8432","1,8306","1,8489","1,8301"
04/01/2012,"1,8318","1,8294","1,8364","1,8198"
03/01/2012,"1,8299","1,872","1,8731","1,8293"
02/01/2012,"1,8708","1,8656","1,8752","1,8548"
30/12/2011,"1,8627","1,8652","1,8662","1,8632"
29/12/2011,"1,8652","1,8735","1,8879","1,8642"
28/12/2011,"1,8739","1,8589","1,8884","1,8559"
27/12/2011,"1,8609","1,8553","1,8639","1,8533"
26/12/2011,"1,8553","1,857","1,8614","1,8512"
23/12/2011,"1,8567","1,8551","1,8636","1,8473"
22/12/2011,"1,8557","1,8597","1,8653","1,8493"
21/12/2011,"1,8602","1,8445","1,8625","1,8407"
20/12/2011,"1,8445","1,8676","1,8684","1,837"
19/12/2011,"1,8682","1,8504","1,872","1,8512"
16/12/2011,"1,8515","1,8594","1,8645","1,8403"
15/12/2011,"1,8597","1,8789","1,8829","1,8528"
14/12/2011,"1,8793","1,8645","1,885","1,862"
13/12/2011,"1,8642","1,8434","1,8701","1,8334"
12/12/2011,"1,8434","1,7974","1,848","1,7974"
09/12/2011,"1,7974","1,8245","1,825","1,7965"
08/12/2011,"1,8215","1,798","1,8273","1,7814"
07/12/2011,"1,7987","1,791","1,8038","1,7865"
06/12/2011,"1,791","1,7852","1,7999","1,7763"
05/12/2011,"1,7852","1,7904","1,7944","1,7757"
02/12/2011,"1,7907","1,7985","1,8031","1,7772"
01/12/2011,"1,799","1,8078","1,81","1,7814"
30/11/2011,"1,8078","1,846","1,848","1,7948"
29/11/2011,"1,8445","1,854","1,8548","1,8333"
28/11/2011,"1,8539","1,8615","1,8715","1,8487"
25/11/2011,"1,891","1,8949","1,9143","1,8736"
24/11/2011,"1,8975","1,8667","1,9043","1,8488"
23/11/2011,"1,8667","1,8179","1,8748","1,8177"
22/11/2011,"1,8179","1,8065","1,8301","1,7973"
21/11/2011,"1,8076","1,8037","1,8203","1,8003"
18/11/2011,"1,7856","1,7777","1,7913","1,765"
17/11/2011,"1,778","1,7692","1,7892","1,7641"
16/11/2011,"1,7692","1,7678","1,786","1,7652"
15/11/2011,"1,7708","1,7666","1,7725","1,7671"
14/11/2011,"1,7666","1,7454","1,7725","1,7448"
11/11/2011,"1,7419","1,7609","1,765","1,7414"
10/11/2011,"1,7609","1,779","1,7835","1,754"
09/11/2011,"1,779","1,7316","1,7835","1,7324"
08/11/2011,"1,7318","1,7457","1,753","1,732"
07/11/2011,"1,7459","1,7523","1,764","1,7428"
04/11/2011,"1,752","1,7343","1,7615","1,7257"
03/11/2011,"1,7362","1,7308","1,7461","1,713"
02/11/2011,"1,7355","1,7167","1,7625","1,717"
01/11/2011,"1,7444","1,7167","1,7625","1,717"
31/10/2011,"1,7167","1,672","1,719","1,6725"
28/10/2011,"1,672","1,709","1,7147","1,6711"
27/10/2011,"1,709","1,7579","1,7412","1,6999"
26/10/2011,"1,7579","1,7655","1,772","1,7445"
25/10/2011,"1,7655","1,7503","1,7688","1,7353"
24/10/2011,"1,7503","1,7746","1,7853","1,7468"
21/10/2011,"1,7743","1,7807","1,7923","1,7658"
20/10/2011,"1,7807","1,7726","1,8098","1,7621"
19/10/2011,"1,7726","1,7519","1,7786","1,7423"
18/10/2011,"1,7519","1,7728","1,7866","1,7465"
17/10/2011,"1,7731","1,7314","1,7763","1,7318"
14/10/2011,"1,7314","1,7504","1,7517","1,7258"
13/10/2011,"1,7503","1,7545","1,7668","1,738"
12/10/2011,"1,7745","1,7745","1,775","1,775"
11/10/2011,"1,7745","1,7619","1,7841","1,7512"
10/10/2011,"1,7619","1,775","1,7755","1,7363"
07/10/2011,"1,7712","1,7783","1,7853","1,7518"
06/10/2011,"1,78","1,8312","1,8383","1,7773"
05/10/2011,"1,8312","1,8548","1,8623","1,8234"
04/10/2011,"1,857","1,8909","1,902","1,8563"
03/10/2011,"1,8925","1,8772","1,918","1,8708"
30/09/2011,"1,8785","1,839","1,893","1,8398"
29/09/2011,"1,842","1,8368","1,8569","1,8221"
28/09/2011,"1,8367","1,8037","1,8447","1,7985"
27/09/2011,"1,8037","1,8215","1,8235","1,7924"
26/09/2011,"1,822","1,833","1,8662","1,8107"
23/09/2011,"1,8322","1,9038","1,9243","1,8231"
22/09/2011,"1,9028","1,8724","1,9499","1,812"
21/09/2011,"1,8833","1,7852","1,8916","1,7854"
20/09/2011,"1,7851","1,7992","1,8023","1,7673"
19/09/2011,"1,7992","1,7323","1,7999","1,732"
16/09/2011,"1,7322","1,704","1,7382","1,7048"
15/09/2011,"1,7045","1,7135","1,7199","1,6975"
14/09/2011,"1,7135","1,7094","1,7389","1,7075"
13/09/2011,"1,7095","1,7029","1,7208","1,7014"
12/09/2011,"1,7032","1,6742","1,7273","1,6747"
09/09/2011,"1,672","1,659","1,6848","1,6579"
08/09/2011,"1,659","1,6538","1,663","1,6502"
07/09/2011,"1,6535","1,6543","1,655","1,654"
06/09/2011,"1,6545","1,6425","1,6668","1,6415"
05/09/2011,"1,6447","1,6566","1,6601","1,644"
02/09/2011,"1,641","1,6195","1,6478","1,6191"
01/09/2011,"1,6195","1,5887","1,6214","1,5887"
31/08/2011,"1,5887","1,5948","1,6027","1,5807"
30/08/2011,"1,5958","1,5907","1,5988","1,5831"
29/08/2011,"1,5907","1,6037","1,6042","1,5898"
26/08/2011,"1,6026","1,6096","1,6162","1,6001"
25/08/2011,"1,6089","1,6137","1,618","1,6023"
24/08/2011,"1,6127","1,5958","1,6151","1,5966"
23/08/2011,"1,5963","1,6076","1,6084","1,5923"
22/08/2011,"1,6068","1,597","1,6083","1,5858"
19/08/2011,"1,5993","1,5991","1,6059","1,5892"
18/08/2011,"1,5982","1,5883","1,6122","1,5878"
17/08/2011,"1,5883","1,5897","1,5914","1,5776"
16/08/2011,"1,5892","1,5896","1,6031","1,5841"
15/08/2011,"1,5875","1,6125","1,614","1,5873"
12/08/2011,"1,6104","1,6268","1,6282","1,6026"
11/08/2011,"1,6267","1,622","1,642","1,6149"
10/08/2011,"1,6225","1,5886","1,6316","1,5894"
09/08/2011,"1,5886","1,626","1,6585","1,5856"
08/08/2011,"1,626","1,5874","1,6273","1,5864"
05/08/2011,"1,5754","1,5868","1,6018","1,5755"
04/08/2011,"1,5868","1,5616","1,5899","1,5607"
03/08/2011,"1,5616","1,5655","1,5698","1,5587"
02/08/2011,"1,5655","1,5661","1,5753","1,5605"
01/08/2011,"1,5661","1,5496","1,5668","1,545"
29/07/2011,"1,5485","1,5665","1,5738","1,5465"
28/07/2011,"1,5665","1,5553","1,571","1,5532"
27/07/2011,"1,5545","1,5378","1,5721","1,5383"
26/07/2011,"1,5378","1,5408","1,542","1,528"
25/07/2011,"1,5397","1,5532","1,5564","1,5358"
22/07/2011,"1,5517","1,5523","1,5598","1,5507"
21/07/2011,"1,5522","1,565","1,5658","1,5513"
20/07/2011,"1,5649","1,5664","1,5687","1,5571"
19/07/2011,"1,566","1,5771","1,58","1,5623"
18/07/2011,"1,5766","1,5738","1,5846","1,5733"
15/07/2011,"1,5741","1,5755","1,5801","1,5715"
14/07/2011,"1,5765","1,5745","1,5802","1,5688"
13/07/2011,"1,5715","1,5816","1,5839","1,5677"
12/07/2011,"1,579","1,5775","1,5856","1,5722"
11/07/2011,"1,5796","1,5614","1,5855","1,5623"
08/07/2011,"1,5649","1,5516","1,5679","1,5527"
07/07/2011,"1,5545","1,569","1,5705","1,5527"
06/07/2011,"1,5687","1,5648","1,5735","1,5615"
05/07/2011,"1,5648","1,5522","1,5671","1,5522"
04/07/2011,"1,5522","1,5558","1,5599","1,5513"
01/07/2011,"1,5568","1,5616","1,5649","1,5528"
30/06/2011,"1,5617","1,5661","1,5688","1,5573"
29/06/2011,"1,5669","1,5747","1,5794","1,5665"
28/06/2011,"1,5757","1,5935","1,5956","1,5748"
27/06/2011,"1,5935","1,6029","1,605","1,5938"
24/06/2011,"1,6039","1,5953","1,6076","1,5903"
23/06/2011,"1,5905","1,5899","1,5919","1,5909"
22/06/2011,"1,5909","1,586","1,5914","1,5843"
21/06/2011,"1,586","1,5958","1,5992","1,5853"
20/06/2011,"1,5957","1,5962","1,6085","1,5916"
17/06/2011,"1,5975","1,6019","1,6029","1,5939"
16/06/2011,"1,6019","1,5997","1,6163","1,5983"
15/06/2011,"1,5997","1,5813","1,6057","1,5828"
14/06/2011,"1,5823","1,5827","1,5873","1,5792"
13/06/2011,"1,5827","1,5958","1,5986","1,5827"
10/06/2011,"1,5958","1,5824","1,601","1,5824"
09/06/2011,"1,5824","1,5797","1,5907","1,5776"
08/06/2011,"1,5807","1,5803","1,5877","1,5775"
07/06/2011,"1,5803","1,5826","1,5849","1,5736"
06/06/2011,"1,5836","1,5745","1,5853","1,5748"
03/06/2011,"1,5755","1,5749","1,5848","1,5703"
02/06/2011,"1,5749","1,5928","1,5941","1,5745"
01/06/2011,"1,5928","1,5783","1,5951","1,5751"
31/05/2011,"1,5795","1,5941","1,5964","1,5757"
30/05/2011,"1,588","1,594","1,5976","1,5855"
27/05/2011,"1,594","1,6153","1,6181","1,5933"
26/05/2011,"1,6153","1,6284","1,6311","1,6109"
25/05/2011,"1,6284","1,6239","1,632","1,6233"
24/05/2011,"1,6239","1,6335","1,6345","1,6206"
23/05/2011,"1,633","1,621","1,6404","1,6215"
20/05/2011,"1,622","1,616","1,6259","1,61"
19/05/2011,"1,616","1,6088","1,6208","1,6053"
18/05/2011,"1,6088","1,6154","1,6214","1,6074"
17/05/2011,"1,6154","1,6341","1,6393","1,6134"
16/05/2011,"1,6341","1,6354","1,6394","1,6242"
13/05/2011,"1,6356","1,619","1,6459","1,6118"
12/05/2011,"1,6191","1,6204","1,6303","1,6142"
11/05/2011,"1,6204","1,6027","1,6258","1,6026"
10/05/2011,"1,6027","1,6129","1,616","1,6016"
09/05/2011,"1,6129","1,615","1,6299","1,6079"
06/05/2011,"1,6149","1,6209","1,6238","1,6013"
05/05/2011,"1,6209","1,615","1,6289","1,6102"
04/05/2011,"1,615","1,5878","1,6177","1,5805"
03/05/2011,"1,5878","1,5882","1,5973","1,5815"
02/05/2011,"1,5882","1,5765","1,5914","1,5688"
29/04/2011,"1,5765","1,574","1,5823","1,566"
28/04/2011,"1,581","1,5645","1,5953","1,5638"
27/04/2011,"1,5664","1,5614","1,5735","1,5563"
26/04/2011,"1,5614","1,5675","1,5689","1,5612"
25/04/2011,"1,5675","1,561","1,5778","1,5605"
22/04/2011,"1,5635","1,5635","1,5635","1,5635"
21/04/2011,"1,5635","1,5663","1,5677","1,5636"
20/04/2011,"1,5659","1,5622","1,584","1,5612"
19/04/2011,"1,5754","1,5881","1,5882","1,5731"
18/04/2011,"1,5881","1,5761","1,6003","1,5762"
15/04/2011,"1,5753","1,5778","1,5827","1,5711"
14/04/2011,"1,5773","1,5857","1,5915","1,5766"
13/04/2011,"1,5857","1,5942","1,5968","1,5797"
12/04/2011,"1,5955","1,5791","1,5965","1,5751"
11/04/2011,"1,5824","1,5684","1,5846","1,5686"
08/04/2011,"1,5684","1,5837","1,5861","1,5667"
07/04/2011,"1,5855","1,6144","1,6145","1,5812"
06/04/2011,"1,6144","1,6077","1,6174","1,6006"
05/04/2011,"1,6081","1,6067","1,6139","1,6059"
04/04/2011,"1,6067","1,6198","1,6208","1,6036"
01/04/2011,"1,6271","1,6308","1,6309","1,6055"
31/03/2011,"1,6315","1,6282","1,6345","1,6208"
30/03/2011,"1,6284","1,6464","1,6498","1,6262"
29/03/2011,"1,6455","1,6624","1,665","1,6459"
28/03/2011,"1,6624","1,6577","1,6651","1,6581"
25/03/2011,"1,6605","1,6593","1,6623","1,6545"
24/03/2011,"1,6588","1,6606","1,6622","1,6546"
23/03/2011,"1,6606","1,659","1,6648","1,6571"
22/03/2011,"1,659","1,6664","1,6688","1,6583"
21/03/2011,"1,6664","1,6672","1,6691","1,6576"
18/03/2011,"1,6645","1,6781","1,6793","1,6647"
17/03/2011,"1,6772","1,6755","1,6931","1,666"
16/03/2011,"1,6752","1,6648","1,6783","1,66"
15/03/2011,"1,665","1,6588","1,6786","1,6591"
14/03/2011,"1,6588","1,6648","1,6691","1,6591"
11/03/2011,"1,665","1,6618","1,6701","1,6596"
10/03/2011,"1,6618","1,6533","1,6656","1,6538"
09/03/2011,"1,6533","1,6443","1,6582","1,6444"
08/03/2011,"1,6535","1,6532","1,6546","1,6533"
07/03/2011,"1,6521","1,655","1,6554","1,6526"
04/03/2011,"1,655","1,6484","1,6558","1,6422"
03/03/2011,"1,6484","1,657","1,6581","1,6488"
02/03/2011,"1,657","1,6632","1,665","1,657"
01/03/2011,"1,6628","1,6635","1,6646","1,6588"
28/02/2011,"1,6635","1,6622","1,6675","1,6555"
25/02/2011,"1,6622","1,6739","1,6695","1,657"
24/02/2011,"1,6635","1,6735","1,6751","1,6612"
23/02/2011,"1,6735","1,6711","1,6768","1,6653"
22/02/2011,"1,6711","1,6679","1,6743","1,6635"
21/02/2011,"1,6679","1,6633","1,6754","1,6617"
18/02/2011,"1,6623","1,6624","1,6754","1,657"
17/02/2011,"1,6563","1,6712","1,6752","1,6572"
16/02/2011,"1,669","1,6702","1,6747","1,6641"
15/02/2011,"1,669","1,6674","1,6707","1,6626"
14/02/2011,"1,6665","1,6643","1,6707","1,6622"
11/02/2011,"1,6656","1,6697","1,6783","1,6582"
10/02/2011,"1,6681","1,6561","1,6843","1,6579"
09/02/2011,"1,6566","1,6646","1,6713","1,6576"
08/02/2011,"1,6645","1,6785","1,6796","1,6628"
07/02/2011,"1,6784","1,6735","1,6805","1,6707"
04/02/2011,"1,673","1,6677","1,6787","1,6638"
03/02/2011,"1,6678","1,6677","1,6733","1,6645"
02/02/2011,"1,6676","1,6622","1,6688","1,6619"
01/02/2011,"1,6643","1,6669","1,6681","1,6603"
31/01/2011,"1,667","1,6842","1,6863","1,6659"
28/01/2011,"1,6818","1,6757","1,6873","1,673"
27/01/2011,"1,6757","1,667","1,6803","1,6619"
26/01/2011,"1,6673","1,6717","1,6724","1,6646"
25/01/2011,"1,6717","1,671","1,6735","1,6693"
24/01/2011,"1,6705","1,6764","1,6823","1,6686"
21/01/2011,"1,6759","1,6723","1,6794","1,6677"
20/01/2011,"1,6733","1,6715","1,6768","1,6653"
19/01/2011,"1,67","1,6755","1,6763","1,6661"
18/01/2011,"1,6737","1,6806","1,6808","1,6701"
17/01/2011,"1,6796","1,6861","1,6869","1,6777"
14/01/2011,"1,6851","1,6852","1,6895","1,6782"
13/01/2011,"1,6721","1,6706","1,6766","1,6652"
12/01/2011,"1,6726","1,6827","1,6831","1,6722"
11/01/2011,"1,6829","1,6875","1,6925","1,6828"
10/01/2011,"1,6883","1,6823","1,6965","1,6824"
07/01/2011,"1,6827","1,6865","1,6915","1,677"
06/01/2011,"1,6851","1,6731","1,6945","1,6724"
05/01/2011,"1,6732","1,6619","1,6767","1,66"
04/01/2011,"1,6605","1,6476","1,6732","1,6455"
03/01/2011,"1,6465","1,6593","1,6637","1,6433"
31/12/2010,"1,6593","1,6593","1,6596","1,6596"
30/12/2010,"1,6597","1,6767","1,6798","1,6593"
29/12/2010,"1,6767","1,6902","1,6922","1,6761"
28/12/2010,"1,6907","1,6821","1,6933","1,6778"
27/12/2010,"1,6851","1,6907","1,6942","1,6843"
24/12/2010,"1,6907","1,6907","1,6909","1,6901"
23/12/2010,"1,6898","1,6978","1,7028","1,6883"
22/12/2010,"1,6994","1,6956","1,7026","1,6908"
21/12/2010,"1,6947","1,7066","1,7069","1,6933"
20/12/2010,"1,7057","1,7141","1,7149","1,7053"
17/12/2010,"1,7133","1,6972","1,7182","1,6957"
16/12/2010,"1,7024","1,7085","1,7115","1,6982"
15/12/2010,"1,7093","1,7","1,7102","1,6937"
14/12/2010,"1,6966","1,6937","1,7003","1,6877"
13/12/2010,"1,693","1,7064","1,7104","1,6932"
10/12/2010,"1,7061","1,7092","1,722","1,7023"
09/12/2010,"1,7092","1,6877","1,7162","1,6868"
08/12/2010,"1,6893","1,6825","1,6987","1,6787"
07/12/2010,"1,6815","1,6727","1,6842","1,6676"
06/12/2010,"1,6744","1,6844","1,6924","1,6742"
03/12/2010,"1,687","1,6957","1,7034","1,6833"
02/12/2010,"1,6955","1,705","1,7078","1,6954"
01/12/2010,"1,705","1,7135","1,7167","1,7015"
30/11/2010,"1,7145","1,7178","1,7272","1,7118"
29/11/2010,"1,7178","1,7264","1,7348","1,7157"
26/11/2010,"1,7264","1,735","1,7388","1,7228"
25/11/2010,"1,7206","1,7213","1,7268","1,7167"
24/11/2010,"1,7205","1,7348","1,7352","1,7174"
23/11/2010,"1,7354","1,7228","1,7418","1,7218"
22/11/2010,"1,7208","1,7149","1,7306","1,7095"
19/11/2010,"1,7149","1,7107","1,7243","1,7065"
18/11/2010,"1,711","1,7259","1,7278","1,7092"
17/11/2010,"1,7259","1,7398","1,7416","1,7212"
16/11/2010,"1,7398","1,7216","1,7427","1,7207"
15/11/2010,"1,7216","1,7214","1,7221","1,7208"
12/11/2010,"1,7214","1,7153","1,728","1,7107"
11/11/2010,"1,7153","1,7071","1,724","1,7042"
10/11/2010,"1,7071","1,7002","1,7176","1,6982"
09/11/2010,"1,7002","1,6998","1,704","1,6894"
08/11/2010,"1,6998","1,6783","1,702","1,6786"
05/11/2010,"1,6785","1,6695","1,6846","1,67"
04/11/2010,"1,6695","1,6838","1,6884","1,6685"
03/11/2010,"1,6896","1,7043","1,7052","1,6873"
02/11/2010,"1,7037","1,7033","1,704","1,7038"
01/11/2010,"1,7033","1,7007","1,7093","1,6927"
29/10/2010,"1,7007","1,704","1,7125","1,6945"
28/10/2010,"1,704","1,7198","1,7208","1,7039"
27/10/2010,"1,7198","1,7028","1,7254","1,7016"
26/10/2010,"1,7028","1,6953","1,7103","1,6931"
25/10/2010,"1,6953","1,7054","1,7143","1,6944"
22/10/2010,"1,7054","1,6964","1,7133","1,6879"
21/10/2010,"1,6964","1,6757","1,7033","1,671"
20/10/2010,"1,6757","1,6821","1,6834","1,6696"
19/10/2010,"1,6821","1,672","1,7002","1,6725"
18/10/2010,"1,672","1,665","1,6779","1,6586"
15/10/2010,"1,6651","1,6595","1,6676","1,6507"
14/10/2010,"1,6595","1,6524","1,6659","1,6433"
13/10/2010,"1,6512","1,6562","1,6619","1,6507"
12/10/2010,"1,6697","1,6711","1,6716","1,6697"
11/10/2010,"1,6701","1,6653","1,6711","1,6607"
08/10/2010,"1,6643","1,6808","1,6924","1,6634"
07/10/2010,"1,6809","1,678","1,6901","1,6671"
06/10/2010,"1,6779","1,6631","1,6902","1,6619"
05/10/2010,"1,6631","1,6972","1,7019","1,6628"
04/10/2010,"1,6972","1,6894","1,7038","1,681"
01/10/2010,"1,6892","1,6871","1,691","1,6723"
30/09/2010,"1,6871","1,7","1,7073","1,6858"
29/09/2010,"1,7","1,7075","1,7149","1,6973"
28/09/2010,"1,7075","1,7094","1,7158","1,704"
27/09/2010,"1,7094","1,7119","1,717","1,7052"
24/09/2010,"1,7088","1,7223","1,7268","1,7067"
23/09/2010,"1,7223","1,7182","1,7273","1,7131"
22/09/2010,"1,7182","1,7111","1,7263","1,7028"
21/09/2010,"1,7111","1,7332","1,7378","1,709"
20/09/2010,"1,7323","1,7212","1,7356","1,7123"
17/09/2010,"1,7212","1,7118","1,7232","1,7092"
16/09/2010,"1,7118","1,7232","1,7253","1,7109"
15/09/2010,"1,7232","1,7095","1,7293","1,7066"
14/09/2010,"1,7095","1,7095","1,7175","1,7025"
13/09/2010,"1,7095","1,7213","1,7225","1,709"
10/09/2010,"1,7213","1,7195","1,7269","1,7151"
09/09/2010,"1,7198","1,7249","1,7295","1,7185"
08/09/2010,"1,7253","1,7292","1,7351","1,7193"
07/09/2010,"1,7318","1,7267","1,7341","1,7257"
06/09/2010,"1,7267","1,7322","1,7379","1,7218"
03/09/2010,"1,7322","1,726","1,7367","1,7149"
02/09/2010,"1,7253","1,7447","1,7495","1,724"
01/09/2010,"1,7447","1,7544","1,7629","1,7373"
31/08/2010,"1,7548","1,7587","1,7696","1,7516"
30/08/2010,"1,7587","1,7494","1,762","1,7481"
27/08/2010,"1,749","1,7613","1,7657","1,7485"
26/08/2010,"1,7613","1,7633","1,7661","1,7563"
25/08/2010,"1,7633","1,7688","1,7776","1,7618"
24/08/2010,"1,7708","1,769","1,7824","1,7617"
23/08/2010,"1,769","1,7578","1,7708","1,7498"
20/08/2010,"1,7559","1,7564","1,766","1,7537"
19/08/2010,"1,7564","1,7531","1,766","1,7506"
18/08/2010,"1,7513","1,7544","1,7579","1,746"
17/08/2010,"1,7544","1,754","1,7604","1,7472"
16/08/2010,"1,7567","1,7721","1,7737","1,7522"
13/08/2010,"1,7718","1,7682","1,777","1,7654"
12/08/2010,"1,7682","1,7739","1,7823","1,7658"
11/08/2010,"1,7738","1,7524","1,7763","1,7524"
10/08/2010,"1,7524","1,746","1,7639","1,7478"
09/08/2010,"1,746","1,7573","1,7654","1,747"
06/08/2010,"1,758","1,7523","1,7633","1,75"
05/08/2010,"1,7523","1,7517","1,7612","1,7491"
04/08/2010,"1,7504","1,7581","1,7668","1,7497"
03/08/2010,"1,7554","1,7509","1,7643","1,7496"
02/08/2010,"1,7509","1,7538","1,7603","1,7435"
30/07/2010,"1,7525","1,7597","1,7718","1,7532"
29/07/2010,"1,7597","1,7695","1,7748","1,7562"
28/07/2010,"1,7656","1,7684","1,7745","1,7563"
27/07/2010,"1,7684","1,7625","1,7726","1,7529"
26/07/2010,"1,7615","1,7727","1,7743","1,7614"
23/07/2010,"1,7727","1,7575","1,775","1,7528"
22/07/2010,"1,7576","1,7805","1,7829","1,7558"
21/07/2010,"1,7805","1,7734","1,7859","1,7673"
20/07/2010,"1,7735","1,7914","1,8004","1,7697"
19/07/2010,"1,7914","1,784","1,7944","1,767"
16/07/2010,"1,7824","1,7628","1,7882","1,762"
15/07/2010,"1,7628","1,7628","1,7795","1,7511"
14/07/2010,"1,7629","1,754","1,7692","1,7516"
13/07/2010,"1,7538","1,76","1,7639","1,7484"
12/07/2010,"1,7605","1,7583","1,7704","1,7562"
09/07/2010,"1,758","1,7636","1,7657","1,757"
08/07/2010,"1,7636","1,7663","1,7759","1,7554"
07/07/2010,"1,7655","1,779","1,7865","1,7598"
06/07/2010,"1,7789","1,7748","1,7857","1,754"
05/07/2010,"1,7748","1,7665","1,781","1,7668"
02/07/2010,"1,7695","1,7896","1,7969","1,7672"
01/07/2010,"1,7896","1,8037","1,8129","1,7876"
30/06/2010,"1,8037","1,811","1,8135","1,789"
29/06/2010,"1,8116","1,7801","1,8177","1,7779"
28/06/2010,"1,7812","1,7751","1,7863","1,7732"
25/06/2010,"1,778","1,782","1,7891","1,774"
24/06/2010,"1,782","1,7866","1,8025","1,7774"
23/06/2010,"1,7866","1,7879","1,8083","1,7833"
22/06/2010,"1,7879","1,7704","1,7894","1,7611"
21/06/2010,"1,7711","1,7708","1,7748","1,7493"
18/06/2010,"1,7708","1,7803","1,7854","1,7668"
17/06/2010,"1,7803","1,785","1,7914","1,775"
16/06/2010,"1,7851","1,7846","1,7995","1,7795"
15/06/2010,"1,7845","1,8108","1,8108","1,7822"
14/06/2010,"1,8108","1,8087","1,8123","1,7902"
11/06/2010,"1,8087","1,8015","1,817","1,7958"
10/06/2010,"1,8015","1,8498","1,8498","1,8023"
09/06/2010,"1,8498","1,8535","1,8535","1,8341"
08/06/2010,"1,8535","1,8785","1,8805","1,8511"
07/06/2010,"1,8785","1,8625","1,8821","1,8516"
04/06/2010,"1,8625","1,8194","1,8665","1,8191"
03/06/2010,"1,8194","1,817","1,8229","1,8145"
02/06/2010,"1,8175","1,8475","1,849","1,8155"
01/06/2010,"1,8475","1,8192","1,8475","1,8151"
31/05/2010,"1,8198","1,8145","1,8239","1,7823"
28/05/2010,"1,8168","1,8138","1,8292","1,7986"
27/05/2010,"1,8138","1,8715","1,8715","1,8108"
26/05/2010,"1,8715","1,8437","1,8722","1,8288"
25/05/2010,"1,8436","1,868","1,9157","1,8431"
24/05/2010,"1,868","1,8529","1,8717","1,8396"
21/05/2010,"1,8515","1,8814","1,9033","1,844"
20/05/2010,"1,8814","1,8572","1,8973","1,8513"
19/05/2010,"1,8269","1,8201","1,8583","1,8185"
18/05/2010,"1,8201","1,7999","1,8227","1,7796"
17/05/2010,"1,8","1,797","1,8346","1,7899"
14/05/2010,"1,797","1,7733","1,8177","1,7736"
13/05/2010,"1,7733","1,7719","1,7802","1,7639"
12/05/2010,"1,772","1,7887","1,7887","1,7659"
11/05/2010,"1,7887","1,771","1,7907","1,7715"
10/05/2010,"1,771","1,8365","1,8365","1,7678"
07/05/2010,"1,8365","1,8542","1,8748","1,818"
06/05/2010,"1,8542","1,7942","1,8959","1,7898"
05/05/2010,"1,793","1,7623","1,7995","1,7626"
04/05/2010,"1,7632","1,7267","1,7649","1,7266"
03/05/2010,"1,7267","1,737","1,7375","1,7258"
30/04/2010,"1,734","1,7283","1,7402","1,7197"
29/04/2010,"1,7288","1,7516","1,752","1,7218"
28/04/2010,"1,7507","1,7595","1,7676","1,7453"
27/04/2010,"1,7708","1,7445","1,7727","1,7441"
26/04/2010,"1,746","1,7538","1,7558","1,7415"
23/04/2010,"1,7562","1,7643","1,7672","1,7542"
22/04/2010,"1,7643","1,7521","1,7715","1,7514"
21/04/2010,"1,752","1,752","1,753","1,7499"
20/04/2010,"1,7521","1,7546","1,756","1,7445"
19/04/2010,"1,7547","1,7601","1,7686","1,7495"
16/04/2010,"1,756","1,7486","1,7669","1,741"
15/04/2010,"1,7484","1,7447","1,7588","1,7305"
14/04/2010,"1,7446","1,7485","1,7505","1,74"
13/04/2010,"1,7485","1,7538","1,7682","1,748"
12/04/2010,"1,7532","1,7622","1,7698","1,7532"
09/04/2010,"1,7647","1,7796","1,7796","1,7629"
08/04/2010,"1,778","1,78","1,7897","1,7698"
07/04/2010,"1,7795","1,7532","1,7811","1,7513"
06/04/2010,"1,7542","1,7612","1,7705","1,7503"
05/04/2010,"1,7609","1,764","1,7652","1,7518"
02/04/2010,"1,764","1,763","1,7655","1,7645"
01/04/2010,"1,763","1,7797","1,7815","1,7635"
31/03/2010,"1,7836","1,7887","1,7909","1,7748"
30/03/2010,"1,7887","1,7944","1,7998","1,7858"
29/03/2010,"1,7944","1,8176","1,8179","1,7918"
26/03/2010,"1,8176","1,8201","1,8302","1,8068"
25/03/2010,"1,818","1,7997","1,8201","1,7898"
24/03/2010,"1,7997","1,7762","1,802","1,7767"
23/03/2010,"1,7762","1,7864","1,7951","1,7747"
22/03/2010,"1,7864","1,8004","1,813","1,7869"
19/03/2010,"1,8004","1,7903","1,8025","1,7839"
18/03/2010,"1,7898","1,768","1,792","1,7666"
17/03/2010,"1,7662","1,7662","1,7683","1,7583"
16/03/2010,"1,7662","1,7626","1,7699","1,7582"
15/03/2010,"1,7628","1,7631","1,7685","1,76"
12/03/2010,"1,762","1,7637","1,769","1,7567"
11/03/2010,"1,7636","1,7682","1,7751","1,7634"
10/03/2010,"1,7682","1,7751","1,7815","1,7653"
09/03/2010,"1,7749","1,7875","1,801","1,7752"
08/03/2010,"1,787","1,7771","1,791","1,7706"
05/03/2010,"1,7777","1,7876","1,7905","1,7761"
04/03/2010,"1,7878","1,7895","1,7948","1,782"
03/03/2010,"1,7897","1,7917","1,7939","1,774"
02/03/2010,"1,7917","1,7955","1,7967","1,7799"
01/03/2010,"1,7955","1,8058","1,8137","1,7936"
26/02/2010,"1,8067","1,8236","1,8327","1,7985"
25/02/2010,"1,823","1,8244","1,8406","1,8146"
24/02/2010,"1,8245","1,825","1,8275","1,8163"
23/02/2010,"1,825","1,8115","1,8305","1,804"
22/02/2010,"1,811","1,7983","1,8121","1,7878"
19/02/2010,"1,8035","1,8215","1,8246","1,7923"
18/02/2010,"1,8265","1,832","1,843","1,8071"
17/02/2010,"1,8321","1,8385","1,8545","1,8255"
16/02/2010,"1,8357","1,8535","1,8589","1,8371"
15/02/2010,"1,8535","1,861","1,861","1,8538"
12/02/2010,"1,8457","1,8525","1,873","1,8455"
11/02/2010,"1,8525","1,8485","1,8626","1,8385"
10/02/2010,"1,856","1,8465","1,864","1,831"
09/02/2010,"1,8465","1,8696","1,8825","1,8392"
08/02/2010,"1,875","1,881","1,889","1,851"
05/02/2010,"1,881","1,8795","1,894","1,8612"
04/02/2010,"1,8734","1,8405","1,8975","1,8415"
03/02/2010,"1,85","1,8292","1,8567","1,8095"
02/02/2010,"1,8292","1,8462","1,8485","1,824"
01/02/2010,"1,8565","1,868","1,8975","1,8463"
29/01/2010,"1,8847","1,869","1,8968","1,8475"
28/01/2010,"1,869","1,857","1,878","1,8436"
27/01/2010,"1,852","1,8355","1,8695","1,8303"
26/01/2010,"1,835","1,8155","1,8495","1,8131"
25/01/2010,"1,8205","1,8145","1,8235","1,809"
22/01/2010,"1,8157","1,8025","1,8326","1,7858"
21/01/2010,"1,8025","1,7875","1,8087","1,781"
20/01/2010,"1,7885","1,7694","1,7946","1,7695"
19/01/2010,"1,7706","1,7595","1,7812","1,76"
18/01/2010,"1,7595","1,7705","1,7782","1,7588"
15/01/2010,"1,7712","1,7575","1,7737","1,7558"
14/01/2010,"1,7575","1,7565","1,773","1,749"
13/01/2010,"1,7565","1,7457","1,7612","1,7338"
12/01/2010,"1,747","1,733","1,7496","1,7318"
11/01/2010,"1,735","1,7255","1,7385","1,7148"
08/01/2010,"1,7257","1,7456","1,7517","1,7218"
07/01/2010,"1,7455","1,73","1,7508","1,7305"
06/01/2010,"1,7322","1,7293","1,739","1,7243"
05/01/2010,"1,73","1,7183","1,7388","1,7143"
04/01/2010,"1,7212","1,7288","1,7338","1,7168"
01/01/2010,"1,7425","1,7425","1,7425","1,7425"
31/12/2009,"1,7425","1,7396","1,743","1,7399"
30/12/2009,"1,7398","1,7411","1,7496","1,7359"
29/12/2009,"1,742","1,7401","1,7462","1,7269"
28/12/2009,"1,7405","1,7465","1,749","1,7308"
25/12/2009,"1,762","1,762","1,762","1,762"
24/12/2009,"1,762","1,7614","1,762","1,7619"
23/12/2009,"1,7614","1,7779","1,7821","1,7503"
22/12/2009,"1,7797","1,7821","1,7897","1,7769"
21/12/2009,"1,7836","1,7785","1,7865","1,7693"
18/12/2009,"1,7795","1,7816","1,8006","1,7752"
17/12/2009,"1,782","1,7559","1,7962","1,7545"
16/12/2009,"1,755","1,7505","1,7564","1,7435"
15/12/2009,"1,7533","1,7408","1,7666","1,7408"
14/12/2009,"1,7443","1,7571","1,7571","1,7393"
11/12/2009,"1,7591","1,7564","1,7673","1,7458"
10/12/2009,"1,7555","1,7621","1,7743","1,7495"
09/12/2009,"1,762","1,762","1,7752","1,7465"
08/12/2009,"1,761","1,7331","1,767","1,7261"
07/12/2009,"1,734","1,7305","1,743","1,7198"
04/12/2009,"1,7305","1,71","1,734","1,6996"
03/12/2009,"1,7084","1,717","1,718","1,703"
02/12/2009,"1,717","1,7221","1,725","1,7144"
01/12/2009,"1,7224","1,7492","1,7495","1,7196"
30/11/2009,"1,755","1,7395","1,758","1,7357"
27/11/2009,"1,74","1,7474","1,7605","1,7304"
26/11/2009,"1,747","1,7345","1,7545","1,727"
25/11/2009,"1,7279","1,726","1,7373","1,7199"
24/11/2009,"1,7345","1,7268","1,7383","1,7203"
23/11/2009,"1,7268","1,7292","1,732","1,7158"
20/11/2009,"1,731","1,7265","1,737","1,727"
19/11/2009,"1,7263","1,7255","1,7394","1,7188"
18/11/2009,"1,7253","1,7105","1,7277","1,7035"
17/11/2009,"1,71","1,712","1,727","1,7096"
16/11/2009,"1,7113","1,716","1,7195","1,7073"
13/11/2009,"1,721","1,734","1,7438","1,7153"
12/11/2009,"1,734","1,7183","1,7414","1,7151"
11/11/2009,"1,7171","1,711","1,7245","1,6986"
10/11/2009,"1,7105","1,698","1,7182","1,695"
09/11/2009,"1,6999","1,72","1,72","1,6975"
06/11/2009,"1,7179","1,7155","1,7265","1,7097"
05/11/2009,"1,7155","1,721","1,7307","1,7148"
04/11/2009,"1,72","1,745","1,745","1,7174"
03/11/2009,"1,745","1,761","1,78","1,7356"
02/11/2009,"1,765","1,763","1,765","1,7635"
30/10/2009,"1,763","1,7335","1,7717","1,718"
29/10/2009,"1,7325","1,7765","1,777","1,7243"
28/10/2009,"1,7765","1,7413","1,7812","1,7308"
27/10/2009,"1,7375","1,7325","1,746","1,7238"
26/10/2009,"1,7325","1,7135","1,7441","1,7017"
23/10/2009,"1,7165","1,7175","1,72","1,707"
22/10/2009,"1,7175","1,733","1,7407","1,716"
21/10/2009,"1,731","1,753","1,7679","1,72"
20/10/2009,"1,753","1,7165","1,7645","1,7165"
19/10/2009,"1,716","1,7075","1,719","1,704"
16/10/2009,"1,707","1,7005","1,7247","1,7007"
15/10/2009,"1,7005","1,7005","1,7138","1,6973"
14/10/2009,"1,7005","1,7205","1,7205","1,7006"
13/10/2009,"1,7205","1,732","1,7388","1,7208"
12/10/2009,"1,7407","1,7407","1,7407","1,7407"
09/10/2009,"1,7407","1,7373","1,7448","1,7328"
08/10/2009,"1,7373","1,7477","1,7522","1,7325"
07/10/2009,"1,7477","1,772","1,772","1,7475"
06/10/2009,"1,7548","1,7593","1,76","1,7434"
05/10/2009,"1,759","1,7813","1,7813","1,7593"
02/10/2009,"1,7813","1,7861","1,8069","1,7728"
01/10/2009,"1,7855","1,7715","1,7918","1,7651"
30/09/2009,"1,7715","1,7875","1,7933","1,7591"
29/09/2009,"1,787","1,7905","1,7966","1,7853"
28/09/2009,"1,7859","1,787","1,7958","1,7826"
25/09/2009,"1,789","1,7992","1,8144","1,7872"
24/09/2009,"1,7996","1,797","1,8136","1,7796"
23/09/2009,"1,797","1,7925","1,7993","1,7801"
22/09/2009,"1,7925","1,822","1,822","1,7907"
21/09/2009,"1,822","1,806","1,8257","1,8064"
18/09/2009,"1,808","1,8035","1,8133","1,7976"
17/09/2009,"1,8035","1,8009","1,8162","1,7947"
16/09/2009,"1,8009","1,802","1,8059","1,7915"
15/09/2009,"1,802","1,8097","1,8195","1,8013"
14/09/2009,"1,8085","1,829","1,8373","1,8083"
11/09/2009,"1,831","1,8098","1,8315","1,8032"
10/09/2009,"1,8101","1,8324","1,8408","1,8098"
09/09/2009,"1,8324","1,8275","1,84","1,8174"
08/09/2009,"1,8275","1,8415","1,8431","1,8206"
07/09/2009,"1,8415","1,8415","1,8415","1,8415"
04/09/2009,"1,8415","1,8585","1,8628","1,8356"
03/09/2009,"1,8585","1,8819","1,8819","1,8593"
02/09/2009,"1,8835","1,906","1,9217","1,8782"
01/09/2009,"1,9121","1,879","1,9155","1,8661"
31/08/2009,"1,879","1,8812","1,904","1,8674"
28/08/2009,"1,88","1,8577","1,888","1,8582"
27/08/2009,"1,8655","1,8612","1,891","1,8513"
26/08/2009,"1,8605","1,8607","1,8756","1,8571"
25/08/2009,"1,861","1,8395","1,8617","1,8271"
24/08/2009,"1,8405","1,83","1,8453","1,8215"
21/08/2009,"1,8301","1,84","1,84","1,8229"
20/08/2009,"1,8413","1,8376","1,8553","1,8304"
19/08/2009,"1,8388","1,8468","1,8643","1,8263"
18/08/2009,"1,8439","1,88","1,88","1,8395"
17/08/2009,"1,88","1,8696","1,8831","1,8615"
14/08/2009,"1,8488","1,8218","1,8577","1,8176"
13/08/2009,"1,8218","1,8392","1,8396","1,8185"
12/08/2009,"1,8385","1,8408","1,8568","1,829"
11/08/2009,"1,8483","1,8353","1,8613","1,8371"
10/08/2009,"1,8395","1,8195","1,8523","1,8128"
07/08/2009,"1,8198","1,8388","1,8436","1,8164"
06/08/2009,"1,8388","1,8133","1,8472","1,8068"
05/08/2009,"1,8133","1,816","1,8376","1,8061"
04/08/2009,"1,816","1,8236","1,8419","1,8152"
03/08/2009,"1,8236","1,8642","1,8651","1,8242"
31/07/2009,"1,8645","1,882","1,8857","1,8612"
30/07/2009,"1,882","1,8931","1,8861","1,872"
29/07/2009,"1,8931","1,8802","1,9088","1,8805"
28/07/2009,"1,8807","1,8736","1,8952","1,8726"
27/07/2009,"1,8736","1,8953","1,8953","1,8716"
24/07/2009,"1,8953","1,899","1,9029","1,8863"
23/07/2009,"1,899","1,9047","1,905","1,8819"
22/07/2009,"1,9047","1,896","1,9103","1,8954"
21/07/2009,"1,896","1,8961","1,9144","1,8906"
20/07/2009,"1,8961","1,9255","1,9255","1,8966"
17/07/2009,"1,9255","1,9301","1,9435","1,9204"
16/07/2009,"1,9301","1,9342","1,9423","1,9185"
15/07/2009,"1,9343","1,9603","1,9603","1,9303"
14/07/2009,"1,9601","1,9779","1,9795","1,958"
13/07/2009,"1,9785","1,9945","2,0112","1,9739"
10/07/2009,"1,9945","1,989","2,0275","1,99"
09/07/2009,"1,989","2,0027","2,0027","1,9872"
08/07/2009,"2,0027","1,9915","2,0254","1,9827"
07/07/2009,"1,9912","1,9529","1,9995","1,9439"
06/07/2009,"1,9529","1,9496","1,9833","1,949"
03/07/2009,"1,9489","1,9538","1,9546","1,9432"
02/07/2009,"1,9518","1,9324","1,9618","1,9316"
01/07/2009,"1,9324","1,952","1,952","1,9237"
30/06/2009,"1,952","1,9562","1,9678","1,933"
29/06/2009,"1,9546","1,9338","1,9668","1,9283"
26/06/2009,"1,9332","1,939","1,9524","1,922"
25/06/2009,"1,9401","1,9678","1,9762","1,9395"
24/06/2009,"1,9678","1,9793","1,9904","1,9596"
23/06/2009,"1,9796","2,0295","2,0318","1,9773"
22/06/2009,"2,0295","1,9765","2,0378","1,9795"
19/06/2009,"1,974","1,9745","1,9776","1,95"
18/06/2009,"1,9783","1,9663","1,9818","1,954"
17/06/2009,"1,9685","1,9705","1,9985","1,9572"
16/06/2009,"1,9721","1,95","1,974","1,9309"
15/06/2009,"1,95","1,925","1,9603","1,9229"
12/06/2009,"1,9258","1,9501","1,9544","1,9164"
11/06/2009,"1,95","1,947","1,95","1,948"
10/06/2009,"1,947","1,942","1,9634","1,9214"
09/06/2009,"1,942","1,9602","1,9602","1,932"
08/06/2009,"1,9605","1,958","1,984","1,9582"
05/06/2009,"1,9595","1,938","1,968","1,9085"
04/06/2009,"1,938","1,963","1,979","1,9349"
03/06/2009,"1,963","1,9229","1,9785","1,923"
02/06/2009,"1,923","1,9505","1,9534","1,9185"
01/06/2009,"1,9507","1,971","1,972","1,9392"
29/05/2009,"1,971","2,0075","2,0082","1,9649"
28/05/2009,"2,0019","2,0414","2,0415","1,9959"
27/05/2009,"2,0414","2,0049","2,0417","1,9964"
26/05/2009,"2,0049","2,0235","2,0472","2,0052"
25/05/2009,"2,0245","2,0255","2,027","2,0194"
22/05/2009,"2,0259","2,032","2,035","2,0113"
21/05/2009,"2,032","2,0355","2,0473","2,014"
20/05/2009,"2,0325","2,039","2,039","2,0118"
19/05/2009,"2,0388","2,075","2,0754","2,0306"
18/05/2009,"2,0697","2,112","2,112","2,067"
15/05/2009,"2,1121","2,0852","2,1166","2,066"
14/05/2009,"2,0852","2,1145","2,1244","2,0785"
13/05/2009,"2,1145","2,0695","2,1155","2,0667"
12/05/2009,"2,0695","2,0665","2,0789","2,0457"
11/05/2009,"2,0665","2,0615","2,0793","2,0511"
08/05/2009,"2,0617","2,107","2,111","2,0593"
07/05/2009,"2,107","2,1133","2,114","2,0872"
06/05/2009,"2,1133","2,136","2,146","2,107"
05/05/2009,"2,1355","2,1143","2,159","2,1045"
04/05/2009,"2,1143","2,173","2,173","2,1135"
01/05/2009,"2,173","2,1893","2,1893","2,1736"
30/04/2009,"2,1893","2,1779","2,1947","2,1609"
29/04/2009,"2,1778","2,1975","2,2004","2,1584"
28/04/2009,"2,1975","2,225","2,237","2,191"
27/04/2009,"2,2191","2,1823","2,2261","2,1826"
24/04/2009,"2,1823","2,2053","2,2066","2,1772"
23/04/2009,"2,2053","2,2105","2,2238","2,1906"
22/04/2009,"2,2105","2,226","2,2365","2,1992"
21/04/2009,"2,226","2,2335","2,2393","2,2192"
20/04/2009,"2,2482","2,193","2,2482","2,1931"
17/04/2009,"2,1918","2,179","2,1988","2,1658"
16/04/2009,"2,1738","2,1835","2,1904","2,167"
15/04/2009,"2,1835","2,2087","2,2221","2,1808"
14/04/2009,"2,2082","2,17","2,2092","2,1668"
13/04/2009,"2,1703","2,17","2,1768","2,1613"
10/04/2009,"2,17","2,17","2,1702","2,1702"
09/04/2009,"2,17","2,1995","2,2045","2,1666"
08/04/2009,"2,203","2,2255","2,2255","2,1911"
07/04/2009,"2,2119","2,2185","2,2444","2,2124"
06/04/2009,"2,2189","2,2095","2,2326","2,1993"
03/04/2009,"2,208","2,2275","2,2357","2,1933"
02/04/2009,"2,2316","2,2719","2,2795","2,2257"
01/04/2009,"2,2724","2,3165","2,317","2,2718"
31/03/2009,"2,3168","2,3265","2,3313","2,2956"
30/03/2009,"2,3295","2,2895","2,3371","2,2897"
27/03/2009,"2,2895","2,2414","2,2946","2,2368"
26/03/2009,"2,2358","2,2395","2,2522","2,2172"
25/03/2009,"2,2369","2,244","2,2652","2,2316"
24/03/2009,"2,2479","2,2555","2,2669","2,236"
23/03/2009,"2,245","2,264","2,2797","2,2357"
20/03/2009,"2,2705","2,2495","2,2705","2,2406"
19/03/2009,"2,2551","2,2465","2,2624","2,2233"
18/03/2009,"2,2464","2,284","2,3077","2,2454"
17/03/2009,"2,284","2,2685","2,2935","2,268"
16/03/2009,"2,2813","2,2984","2,3065","2,2561"
13/03/2009,"2,3038","2,299","2,3155","2,2729"
12/03/2009,"2,2948","2,3495","2,3508","2,2902"
11/03/2009,"2,3423","2,34","2,3533","2,3134"
10/03/2009,"2,3295","2,3855","2,3855","2,3302"
09/03/2009,"2,3855","2,3795","2,392","2,364"
06/03/2009,"2,3746","2,3959","2,398","2,3638"
05/03/2009,"2,3905","2,3659","2,4032","2,3659"
04/03/2009,"2,368","2,4195","2,4195","2,3541"
03/03/2009,"2,4175","2,4505","2,4505","2,4001"
02/03/2009,"2,4505","2,3905","2,4505","2,3915"
27/02/2009,"2,3909","2,3505","2,3934","2,3514"
26/02/2009,"2,3521","2,3735","2,374","2,3417"
25/02/2009,"2,3671","2,383","2,408","2,3637"
24/02/2009,"2,383","2,379","2,3895","2,38"
23/02/2009,"2,379","2,3791","2,394","2,3783"
20/02/2009,"2,389","2,3722","2,3996","2,3667"
19/02/2009,"2,3722","2,3415","2,3749","2,3157"
18/02/2009,"2,3502","2,3415","2,3632","2,3199"
17/02/2009,"2,3416","2,2755","2,3416","2,2575"
16/02/2009,"2,275","2,2545","2,2808","2,2555"
13/02/2009,"2,2545","2,3089","2,3089","2,2505"
12/02/2009,"2,2925","2,2651","2,3095","2,2624"
11/02/2009,"2,2619","2,274","2,314","2,2599"
10/02/2009,"2,274","2,2572","2,3158","2,2369"
09/02/2009,"2,2655","2,2566","2,2655","2,2284"
06/02/2009,"2,256","2,285","2,291","2,2416"
05/02/2009,"2,285","2,3025","2,3215","2,2773"
04/02/2009,"2,3025","2,307","2,32","2,2741"
03/02/2009,"2,307","2,324","2,3301","2,3034"
02/02/2009,"2,324","2,3217","2,3705","2,3139"
30/01/2009,"2,319","2,294","2,3295","2,2695"
29/01/2009,"2,2938","2,266","2,2977","2,2463"
28/01/2009,"2,2614","2,3396","2,3396","2,2598"
27/01/2009,"2,3418","2,3089","2,3438","2,2994"
26/01/2009,"2,309","2,3292","2,332","2,2998"
23/01/2009,"2,3297","2,3294","2,3661","2,3144"
22/01/2009,"2,316","2,336","2,3539","2,311"
21/01/2009,"2,336","2,3745","2,375","2,3332"
20/01/2009,"2,375","2,354","2,3783","2,3273"
19/01/2009,"2,354","2,341","2,356","2,31"
16/01/2009,"2,341","2,354","2,3544","2,3056"
15/01/2009,"2,354","2,365","2,4","2,3476"
14/01/2009,"2,365","2,3143","2,378","2,3011"
13/01/2009,"2,319","2,3145","2,3374","2,2921"
12/01/2009,"2,3145","2,251","2,3282","2,252"
09/01/2009,"2,2514","2,295","2,3064","2,2516"
08/01/2009,"2,295","2,272","2,309","2,2451"
07/01/2009,"2,272","2,1731","2,279","2,1731"
06/01/2009,"2,169","2,236","2,236","2,1577"
05/01/2009,"2,234","2,3307","2,332","2,2355"
02/01/2009,"2,321","2,3307","2,3425","2,3108"
01/01/2009,"2,3308","2,3307","2,3308","2,3308"
31/12/2008,"2,313","2,3307","2,331","2,3145"
30/12/2008,"2,328","2,3861","2,3861","2,3028"
29/12/2008,"2,3861","2,375","2,4205","2,3386"
26/12/2008,"2,375","2,384","2,384","2,376"
25/12/2008,"2,384","2,3839","2,384","2,384"
24/12/2008,"2,375","2,375","2,384","2,374"
23/12/2008,"2,374","2,393","2,3971","2,3627"
22/12/2008,"2,393","2,3525","2,4155","2,3457"
19/12/2008,"2,3525","2,425","2,4693","2,3503"
18/12/2008,"2,425","2,3635","2,4315","2,3405"
17/12/2008,"2,3635","2,306","2,3856","2,307"
16/12/2008,"2,306","2,3829","2,401","2,3075"
15/12/2008,"2,3829","2,399","2,4199","2,3444"
12/12/2008,"2,399","2,366","2,4079","2,3484"
11/12/2008,"2,366","2,44","2,4459","2,2824"
10/12/2008,"2,44","2,479","2,5105","2,4112"
09/12/2008,"2,479","2,511","2,5463","2,435"
08/12/2008,"2,511","2,4362","2,5303","2,3926"
05/12/2008,"2,43","2,503","2,6203","2,4124"
04/12/2008,"2,503","2,5025","2,5459","2,459"
03/12/2008,"2,5025","2,4087","2,5105","2,37"
02/12/2008,"2,4085","2,3455","2,423","2,2963"
01/12/2008,"2,3455","2,303","2,377","2,304"
28/11/2008,"2,3027","2,294","2,3442","2,268"
27/11/2008,"2,294","2,2072","2,297","2,2057"
26/11/2008,"2,2072","2,327","2,371","2,2077"
25/11/2008,"2,327","2,3163","2,369","2,277"
24/11/2008,"2,3163","2,476","2,476","2,308"
21/11/2008,"2,4757","2,3864","2,478","2,3865"
20/11/2008,"2,395","2,3805","2,4125","2,381"
19/11/2008,"2,387","2,3343","2,412","2,3245"
18/11/2008,"2,3342","2,278","2,3475","2,2782"
17/11/2008,"2,278","2,224","2,329","2,24"
14/11/2008,"2,223","2,3119","2,3312","2,2225"
13/11/2008,"2,312","2,3275","2,3992","2,277"
12/11/2008,"2,3275","2,219","2,3275","2,2185"
11/11/2008,"2,219","2,1745","2,235","2,1738"
10/11/2008,"2,1745","2,1562","2,2","2,1075"
07/11/2008,"2,1469","2,2","2,223","2,1359"
06/11/2008,"2,214","2,1172","2,24","2,1164"
05/11/2008,"2,1295","2,1229","2,139","2,0967"
04/11/2008,"2,118","2,177","2,177","2,0875"
03/11/2008,"2,1682","2,164","2,208","2,1476"
31/10/2008,"2,1637","2,104","2,1745","2,0856"
30/10/2008,"2,104","2,1278","2,1361","2,087"
29/10/2008,"2,1278","2,161","2,1835","2,1022"
28/10/2008,"2,1609","2,2533","2,2561","2,1438"
27/10/2008,"2,2533","2,31","2,355","2,2287"
24/10/2008,"2,31","2,265","2,4001","2,2651"
23/10/2008,"2,265","2,379","2,53","2,2392"
22/10/2008,"2,3792","2,246","2,3891","2,247"
21/10/2008,"2,2455","2,117","2,2523","2,1115"
20/10/2008,"2,111","2,12","2,1342","2,082"
17/10/2008,"2,12","2,129","2,156","2,0705"
16/10/2008,"2,129","2,23","2,264","2,1295"
15/10/2008,"2,23","2,0795","2,23","2,078"
14/10/2008,"2,0767","2,128","2,128","2,0385"
13/10/2008,"2,127","2,2115","2,2152","2,1268"
10/10/2008,"2,312","2,267","2,317","2,2396"
09/10/2008,"2,2672","2,315","2,3172","2,1521"
08/10/2008,"2,3152","2,31","2,45","2,2505"
07/10/2008,"2,31","2,196","2,3112","2,1571"
06/10/2008,"2,154","2,047","2,196","2,0443"
03/10/2008,"2,0467","2,025","2,0668","1,9969"
02/10/2008,"2,0217","1,9232","2,0377","1,9169"
01/10/2008,"1,9233","1,903","1,9454","1,8949"
30/09/2008,"1,9054","1,961","1,9674","1,8917"
29/09/2008,"1,9613","1,851","1,9668","1,852"
26/09/2008,"1,8435","1,821","1,874","1,822"
25/09/2008,"1,825","1,854","1,865","1,8105"
24/09/2008,"1,8543","1,8412","1,8652","1,8209"
23/09/2008,"1,8422","1,7916","1,8517","1,7917"
22/09/2008,"1,806","1,831","1,833","1,7858"
19/09/2008,"1,8291","1,889","1,895","1,8137"
18/09/2008,"1,895","1,8905","1,96","1,8445"
17/09/2008,"1,8898","1,8158","1,9141","1,8025"
16/09/2008,"1,8252","1,812","1,8559","1,7826"
15/09/2008,"1,812","1,7823","1,8338","1,7813"
12/09/2008,"1,7814","1,7903","1,8162","1,7745"
11/09/2008,"1,8003","1,8005","1,8374","1,7725"
10/09/2008,"1,7875","1,7715","1,7942","1,734"
09/09/2008,"1,77","1,7305","1,7881","1,717"
08/09/2008,"1,7401","1,7305","1,7431","1,6866"
05/09/2008,"1,7145","1,6935","1,7498","1,696"
04/09/2008,"1,7134","1,6779","1,7215","1,6756"
03/09/2008,"1,6779","1,6548","1,6801","1,6555"
02/09/2008,"1,6553","1,6459","1,6663","1,6466"
01/09/2008,"1,6465","1,641","1,6495","1,6392"
29/08/2008,"1,629","1,6323","1,6373","1,6257"
28/08/2008,"1,634","1,6197","1,6351","1,6165"
27/08/2008,"1,6227","1,6275","1,6275","1,6174"
26/08/2008,"1,6288","1,6307","1,6445","1,6277"
25/08/2008,"1,6304","1,6258","1,6353","1,6206"
22/08/2008,"1,6265","1,611","1,6274","1,6095"
21/08/2008,"1,609","1,625","1,625","1,6063"
20/08/2008,"1,6203","1,625","1,6275","1,6146"
19/08/2008,"1,623","1,637","1,6483","1,621"
18/08/2008,"1,6392","1,625","1,6445","1,626"
15/08/2008,"1,6387","1,622","1,6425","1,623"
14/08/2008,"1,6235","1,613","1,6325","1,6041"
13/08/2008,"1,6093","1,6203","1,6288","1,6083"
12/08/2008,"1,6186","1,6167","1,6261","1,6087"
11/08/2008,"1,6264","1,6066","1,6279","1,6022"
08/08/2008,"1,6071","1,5965","1,6233","1,5975"
07/08/2008,"1,5965","1,573","1,599","1,5716"
06/08/2008,"1,5771","1,5728","1,5817","1,5703"
05/08/2008,"1,5727","1,56","1,5773","1,5607"
04/08/2008,"1,5591","1,561","1,5693","1,5593"
01/08/2008,"1,5597","1,56","1,5668","1,5546"
31/07/2008,"1,5661","1,5601","1,5689","1,56"
30/07/2008,"1,5606","1,573","1,573","1,5598"
29/07/2008,"1,5682","1,5739","1,5754","1,5675"
28/07/2008,"1,5739","1,577","1,5779","1,5697"
25/07/2008,"1,5727","1,583","1,5832","1,5695"
24/07/2008,"1,5777","1,5819","1,5828","1,5733"
23/07/2008,"1,5824","1,578","1,5854","1,5773"
22/07/2008,"1,5788","1,5812","1,5871","1,576"
21/07/2008,"1,5817","1,5883","1,589","1,5785"
18/07/2008,"1,589","1,5955","1,5983","1,5876"
17/07/2008,"1,5996","1,5949","1,601","1,5863"
16/07/2008,"1,5954","1,5924","1,5994","1,588"
15/07/2008,"1,5929","1,596","1,5991","1,5859"
14/07/2008,"1,5969","1,6","1,6025","1,5908"
11/07/2008,"1,6005","1,608","1,6098","1,5997"
10/07/2008,"1,6051","1,612","1,6202","1,6045"
09/07/2008,"1,609","1,6093","1,6131","1,607"
08/07/2008,"1,6095","1,606","1,614","1,5939"
07/07/2008,"1,599","1,609","1,609","1,596"
04/07/2008,"1,6065","1,6085","1,6145","1,6058"
03/07/2008,"1,6085","1,603","1,6136","1,6018"
02/07/2008,"1,6085","1,595","1,6106","1,592"
01/07/2008,"1,5973","1,6031","1,6133","1,5972"
30/06/2008,"1,6036","1,5958","1,6041","1,589"
27/06/2008,"1,594","1,601","1,613","1,5935"
26/06/2008,"1,6015","1,5898","1,603","1,5883"
25/06/2008,"1,59","1,6038","1,607","1,5904"
24/06/2008,"1,604","1,612","1,6136","1,6"
23/06/2008,"1,6125","1,605","1,6156","1,6056"
20/06/2008,"1,605","1,605","1,611","1,5996"
19/06/2008,"1,6061","1,607","1,6095","1,6008"
18/06/2008,"1,6066","1,6098","1,6163","1,6043"
17/06/2008,"1,6103","1,6219","1,6229","1,6063"
16/06/2008,"1,6224","1,6352","1,6352","1,6222"
13/06/2008,"1,6348","1,6335","1,6413","1,6309"
12/06/2008,"1,6337","1,639","1,6487","1,6325"
11/06/2008,"1,6395","1,6428","1,6517","1,6378"
10/06/2008,"1,6433","1,6259","1,6511","1,626"
09/06/2008,"1,6249","1,6303","1,6323","1,6206"
06/06/2008,"1,633","1,6253","1,6342","1,6212"
05/06/2008,"1,6258","1,6283","1,6368","1,621"
04/06/2008,"1,6288","1,6322","1,6367","1,6245"
03/06/2008,"1,6327","1,626","1,6328","1,615"
02/06/2008,"1,6245","1,6255","1,6365","1,6245"
30/05/2008,"1,626","1,6367","1,6389","1,6237"
29/05/2008,"1,6372","1,6506","1,6522","1,634"
28/05/2008,"1,6511","1,666","1,6724","1,6502"
27/05/2008,"1,6665","1,659","1,6742","1,6515"
26/05/2008,"1,657","1,6595","1,6625","1,6575"
23/05/2008,"1,6595","1,6563","1,6653","1,6477"
22/05/2008,"1,6563","1,6568","1,6568","1,6571"
21/05/2008,"1,6568","1,6499","1,6589","1,6427"
20/05/2008,"1,6499","1,6495","1,659","1,647"
19/05/2008,"1,65","1,6396","1,652","1,6379"
16/05/2008,"1,6401","1,6514","1,6514","1,64"
15/05/2008,"1,6516","1,6671","1,668","1,6495"
14/05/2008,"1,6675","1,663","1,6735","1,6576"
13/05/2008,"1,6637","1,6623","1,666","1,6545"
12/05/2008,"1,6622","1,684","1,684","1,6613"
09/05/2008,"1,684","1,6956","1,705","1,684"
08/05/2008,"1,6963","1,6832","1,702","1,6765"
07/05/2008,"1,6837","1,655","1,6923","1,656"
06/05/2008,"1,656","1,652","1,6669","1,6515"
05/05/2008,"1,652","1,648","1,6625","1,6485"
02/05/2008,"1,6485","1,6616","1,6625","1,6433"
01/05/2008,"1,6618","1,6612","1,6618","1,6622"
30/04/2008,"1,6617","1,7048","1,707","1,6603"
29/04/2008,"1,705","1,6864","1,7124","1,6861"
28/04/2008,"1,6863","1,668","1,6913","1,6618"
25/04/2008,"1,666","1,674","1,6808","1,6655"
24/04/2008,"1,674","1,659","1,676","1,6528"
23/04/2008,"1,652","1,6555","1,6605","1,651"
22/04/2008,"1,6571","1,667","1,6695","1,652"
21/04/2008,"1,6623","1,667","1,6688","1,6591"
18/04/2008,"1,6675","1,657","1,6733","1,6469"
17/04/2008,"1,6537","1,662","1,6641","1,6515"
16/04/2008,"1,6632","1,6777","1,6829","1,659"
15/04/2008,"1,6777","1,684","1,689","1,6745"
14/04/2008,"1,6885","1,689","1,6953","1,676"
11/04/2008,"1,69","1,685","1,6931","1,6805"
10/04/2008,"1,6871","1,6865","1,6925","1,6765"
09/04/2008,"1,6909","1,6945","1,6988","1,6828"
08/04/2008,"1,6945","1,6957","1,709","1,6915"
07/04/2008,"1,7062","1,7095","1,7095","1,6945"
04/04/2008,"1,709","1,719","1,7198","1,7035"
03/04/2008,"1,7182","1,7255","1,7347","1,715"
02/04/2008,"1,726","1,7389","1,7476","1,7193"
01/04/2008,"1,7389","1,7554","1,76","1,7395"
31/03/2008,"1,7554","1,743","1,7641","1,7343"
28/03/2008,"1,7442","1,74","1,7495","1,7347"
27/03/2008,"1,7386","1,7295","1,7413","1,7215"
26/03/2008,"1,7274","1,7345","1,743","1,7235"
25/03/2008,"1,7346","1,744","1,7458","1,7286"
24/03/2008,"1,7452","1,7325","1,751","1,7175"
21/03/2008,"1,7308","1,7325","1,7325","1,7316"
20/03/2008,"1,7313","1,7266","1,7521","1,72"
19/03/2008,"1,7235","1,6855","1,731","1,6815"
18/03/2008,"1,686","1,7215","1,7345","1,6818"
17/03/2008,"1,7244","1,7125","1,7365","1,713"
14/03/2008,"1,7142","1,6905","1,725","1,6742"
13/03/2008,"1,6893","1,6785","1,7135","1,673"
12/03/2008,"1,6732","1,6905","1,7046","1,6715"
11/03/2008,"1,6898","1,706","1,7093","1,6796"
10/03/2008,"1,7041","1,6845","1,7131","1,6756"
07/03/2008,"1,6845","1,6907","1,7","1,679"
06/03/2008,"1,6925","1,6615","1,6935","1,6587"
05/03/2008,"1,6613","1,6763","1,6773","1,662"
04/03/2008,"1,6719","1,6678","1,689","1,6641"
03/03/2008,"1,6687","1,69","1,6975","1,6663"
29/02/2008,"1,6904","1,665","1,6979","1,666"
28/02/2008,"1,6717","1,671","1,6818","1,662"
27/02/2008,"1,6709","1,6828","1,685","1,6612"
26/02/2008,"1,6832","1,702","1,706","1,6797"
25/02/2008,"1,702","1,707","1,7105","1,695"
22/02/2008,"1,7062","1,707","1,7175","1,6919"
21/02/2008,"1,707","1,717","1,717","1,6999"
20/02/2008,"1,7158","1,733","1,7465","1,7139"
19/02/2008,"1,733","1,7327","1,7374","1,725"
18/02/2008,"1,7398","1,7475","1,753","1,7331"
15/02/2008,"1,753","1,748","1,759","1,7423"
14/02/2008,"1,7484","1,746","1,754","1,733"
13/02/2008,"1,7437","1,749","1,756","1,7385"
12/02/2008,"1,749","1,76","1,768","1,7395"
11/02/2008,"1,756","1,77","1,7715","1,7543"
08/02/2008,"1,77","1,7616","1,775","1,751"
07/02/2008,"1,7579","1,757","1,781","1,751"
06/02/2008,"1,7591","1,7455","1,769","1,7454"
05/02/2008,"1,744","1,7415","1,766","1,7417"
04/02/2008,"1,7455","1,745","1,7465","1,7395"
01/02/2008,"1,745","1,758","1,7662","1,7361"
31/01/2008,"1,7583","1,757","1,785","1,7531"
30/01/2008,"1,779","1,7776","1,7852","1,7485"
29/01/2008,"1,7796","1,782","1,7886","1,7677"
28/01/2008,"1,7818","1,786","1,7984","1,7756"
25/01/2008,"1,784","1,7859","1,795","1,7741"
24/01/2008,"1,7859","1,817","1,818","1,7801"
23/01/2008,"1,817","1,7945","1,8261","1,792"
22/01/2008,"1,7892","1,833","1,8402","1,7894"
21/01/2008,"1,8325","1,7775","1,8388","1,778"
18/01/2008,"1,7883","1,793","1,7988","1,7715"
17/01/2008,"1,792","1,7745","1,7965","1,7584"
16/01/2008,"1,7745","1,7527","1,779","1,7511"
15/01/2008,"1,7527","1,7298","1,7597","1,7304"
14/01/2008,"1,7303","1,755","1,755","1,7285"
11/01/2008,"1,7471","1,7579","1,7656","1,744"
10/01/2008,"1,757","1,7647","1,773","1,7509"
09/01/2008,"1,7722","1,7587","1,777","1,7545"
08/01/2008,"1,7635","1,7637","1,7725","1,748"
07/01/2008,"1,7725","1,765","1,7815","1,7466"
04/01/2008,"1,7555","1,7509","1,7712","1,7404"
03/01/2008,"1,7509","1,7615","1,7716","1,7471"
02/01/2008,"1,7619","1,759","1,7865","1,7575"
01/01/2008,"1,779","1,779","1,779","1,78"
31/12/2007,"1,779","1,7807","1,7807","1,7635"
28/12/2007,"1,7816","1,7565","1,7905","1,7503"
27/12/2007,"1,7628","1,767","1,7726","1,7495"
26/12/2007,"1,767","1,792","1,792","1,7656"
25/12/2007,"1,792","1,79","1,792","1,791"
24/12/2007,"1,7895","1,7915","1,7928","1,7836"
21/12/2007,"1,7886","1,8027","1,8047","1,7823"
20/12/2007,"1,8051","1,8021","1,812","1,7925"
19/12/2007,"1,7994","1,8074","1,814","1,7925"
18/12/2007,"1,8065","1,817","1,8189","1,7975"
17/12/2007,"1,8155","1,7955","1,8229","1,7944"
14/12/2007,"1,7957","1,7795","1,801","1,773"
13/12/2007,"1,7809","1,7701","1,7881","1,7639"
12/12/2007,"1,7748","1,764","1,7783","1,7515"
11/12/2007,"1,7803","1,7607","1,7818","1,753"
10/12/2007,"1,7607","1,757","1,7714","1,753"
07/12/2007,"1,7578","1,7679","1,7757","1,756"
06/12/2007,"1,7681","1,7925","1,797","1,767"
05/12/2007,"1,7955","1,8101","1,8101","1,7868"
04/12/2007,"1,81","1,7955","1,831","1,796"
03/12/2007,"1,795","1,7891","1,8065","1,7803"
30/11/2007,"1,7972","1,788","1,804","1,7655"
29/11/2007,"1,7874","1,7792","1,8093","1,7733"
28/11/2007,"1,7843","1,8413","1,8535","1,7785"
27/11/2007,"1,8352","1,8397","1,8713","1,8333"
26/11/2007,"1,8587","1,8022","1,8587","1,783"
23/11/2007,"1,8027","1,776","1,8077","1,7695"
22/11/2007,"1,779","1,776","1,7821","1,7655"
21/11/2007,"1,7764","1,765","1,7992","1,766"
20/11/2007,"1,7627","1,766","1,7662","1,745"
19/11/2007,"1,7661","1,7417","1,7732","1,7427"
16/11/2007,"1,7455","1,732","1,752","1,7327"
15/11/2007,"1,7538","1,7403","1,7538","1,7328"
14/11/2007,"1,7403","1,7428","1,7525","1,7299"
13/11/2007,"1,7489","1,7995","1,7995","1,7504"
12/11/2007,"1,7936","1,743","1,794","1,744"
09/11/2007,"1,7454","1,739","1,7575","1,7383"
08/11/2007,"1,7425","1,739","1,7545","1,7275"
07/11/2007,"1,7495","1,739","1,7495","1,7269"
06/11/2007,"1,739","1,7595","1,7595","1,7254"
05/11/2007,"1,7548","1,751","1,764","1,7463"
02/11/2007,"1,751","1,75","1,7555","1,7413"
01/11/2007,"1,7466","1,7358","1,7595","1,7292"
31/10/2007,"1,7358","1,75","1,7543","1,729"
30/10/2007,"1,75","1,7555","1,765","1,7427"
29/10/2007,"1,7555","1,7765","1,7768","1,752"
26/10/2007,"1,7688","1,78","1,793","1,766"
25/10/2007,"1,7801","1,7945","1,807","1,7793"
24/10/2007,"1,7945","1,796","1,8129","1,7915"
23/10/2007,"1,7958","1,796","1,8059","1,7863"
22/10/2007,"1,816","1,839","1,841","1,8075"
19/10/2007,"1,8018","1,784","1,805","1,7785"
18/10/2007,"1,784","1,814","1,821","1,7785"
17/10/2007,"1,814","1,817","1,823","1,7993"
16/10/2007,"1,817","1,813","1,833","1,806"
15/10/2007,"1,8119","1,801","1,82","1,793"
12/10/2007,"1,801","1,7975","1,8148","1,7984"
11/10/2007,"1,7975","1,798","1,8118","1,781"
10/10/2007,"1,7987","1,801","1,8098","1,7915"
09/10/2007,"1,801","1,817","1,8181","1,798"
08/10/2007,"1,8165","1,806","1,822","1,8018"
05/10/2007,"1,802","1,824","1,824","1,801"
04/10/2007,"1,8231","1,8405","1,8405","1,822"
03/10/2007,"1,8366","1,829","1,847","1,8175"
02/10/2007,"1,832","1,81","1,837","1,811"
01/10/2007,"1,81","1,8315","1,8425","1,806"
28/09/2007,"1,832","1,8405","1,8504","1,83"
27/09/2007,"1,8409","1,845","1,848","1,8356"
26/09/2007,"1,845","1,859","1,859","1,8425"
25/09/2007,"1,8574","1,8685","1,879","1,8553"
24/09/2007,"1,869","1,867","1,8744","1,8603"
21/09/2007,"1,867","1,875","1,88","1,8574"
20/09/2007,"1,875","1,865","1,884","1,8513"
19/09/2007,"1,8653","1,875","1,875","1,856"
18/09/2007,"1,8735","1,919","1,919","1,8665"
17/09/2007,"1,9168","1,9","1,925","1,9005"
14/09/2007,"1,9","1,907","1,917","1,8916"
13/09/2007,"1,9033","1,907","1,911","1,894"
12/09/2007,"1,9072","1,923","1,931","1,9042"
11/09/2007,"1,9265","1,948","1,948","1,9184"
10/09/2007,"1,9476","1,96","1,9705","1,9435"
07/09/2007,"1,96","1,9505","1,962","1,9515"
06/09/2007,"1,951","1,9725","1,9725","1,9443"
05/09/2007,"1,9728","1,9475","1,9755","1,948"
04/09/2007,"1,9536","1,9529","1,9685","1,945"
03/09/2007,"1,959","1,96","1,9625","1,9509"
31/08/2007,"1,9676","1,965","1,9745","1,9505"
30/08/2007,"1,9732","1,9655","1,992","1,957"
29/08/2007,"1,963","1,9989","2,0011","1,9575"
28/08/2007,"2,001","1,9563","2,017","1,9568"
27/08/2007,"1,9466","1,9424","1,963","1,9395"
24/08/2007,"1,9412","1,986","1,9915","1,941"
23/08/2007,"1,987","2,0096","2,014","1,9775"
22/08/2007,"2,011","2,0363","2,0365","1,99"
21/08/2007,"2,0329","2,0336","2,0495","2,018"
20/08/2007,"2,0271","2,023","2,061","1,998"
17/08/2007,"2,0231","2,094","2,0978","1,9975"
16/08/2007,"2,0931","2,0292","2,1391","2,0297"
15/08/2007,"2,0292","1,993","2,054","1,9815"
14/08/2007,"1,9831","1,9383","1,9995","1,9282"
13/08/2007,"1,9411","1,944","1,9555","1,9315"
10/08/2007,"1,9482","1,9245","1,9695","1,9255"
09/08/2007,"1,925","1,8835","1,932","1,8843"
08/08/2007,"1,884","1,9095","1,91","1,881"
07/08/2007,"1,903","1,9122","1,9185","1,892"
06/08/2007,"1,9122","1,9022","1,921","1,8955"
03/08/2007,"1,8991","1,872","1,9065","1,867"
02/08/2007,"1,8739","1,889","1,891","1,8665"
01/08/2007,"1,891","1,8818","1,893","1,877"
31/07/2007,"1,881","1,876","1,8905","1,8605"
30/07/2007,"1,875","1,893","1,9051","1,8715"
27/07/2007,"1,8931","1,9294","1,943","1,893"
26/07/2007,"1,927","1,8615","1,933","1,8625"
25/07/2007,"1,8615","1,8615","1,885","1,851"
24/07/2007,"1,8609","1,8385","1,87","1,837"
23/07/2007,"1,839","1,853","1,8572","1,8365"
20/07/2007,"1,8551","1,8566","1,865","1,8553"
19/07/2007,"1,859","1,859","1,8621","1,8495"
18/07/2007,"1,859","1,8578","1,866","1,8514"
17/07/2007,"1,858","1,8666","1,8683","1,8565"
16/07/2007,"1,8689","1,861","1,8745","1,8591"
13/07/2007,"1,8612","1,871","1,876","1,8604"
12/07/2007,"1,8722","1,891","1,891","1,8678"
11/07/2007,"1,8901","1,8916","1,905","1,8839"
10/07/2007,"1,891","1,903","1,91","1,8882"
09/07/2007,"1,896","1,902","1,9025","1,896"
06/07/2007,"1,902","1,9141","1,9141","1,8985"
05/07/2007,"1,913","1,909","1,922","1,9065"
04/07/2007,"1,9091","1,9095","1,9141","1,9041"
03/07/2007,"1,9089","1,9126","1,916","1,9045"
02/07/2007,"1,914","1,925","1,928","1,9108"
29/06/2007,"1,928","1,9225","1,9382","1,9175"
28/06/2007,"1,9199","1,9433","1,9433","1,9175"
27/06/2007,"1,9426","1,9503","1,967","1,935"
26/06/2007,"1,9524","1,9517","1,9601","1,9385"
25/06/2007,"1,9503","1,9415","1,9564","1,929"
22/06/2007,"1,9418","1,9225","1,9461","1,915"
21/06/2007,"1,9202","1,9278","1,936","1,9109"
20/06/2007,"1,9268","1,903","1,932","1,8948"
19/06/2007,"1,907","1,9079","1,9128","1,8993"
18/06/2007,"1,9039","1,91","1,91","1,8989"
15/06/2007,"1,911","1,926","1,926","1,9035"
14/06/2007,"1,9261","1,945","1,945","1,919"
13/06/2007,"1,945","1,945","1,965","1,9385"
12/06/2007,"1,945","1,939","1,9585","1,9331"
11/06/2007,"1,9401","1,958","1,9622","1,9339"
08/06/2007,"1,9592","1,969","1,99","1,9556"
07/06/2007,"1,968","1,95","1,9683","1,9475"
06/06/2007,"1,9498","1,9434","1,973","1,9436"
05/06/2007,"1,9437","1,926","1,9475","1,9224"
04/06/2007,"1,9267","1,9","1,9322","1,9009"
01/06/2007,"1,9017","1,9277","1,9279","1,8985"
31/05/2007,"1,9195","1,94","1,9409","1,9163"
30/05/2007,"1,9402","1,948","1,9625","1,9385"
29/05/2007,"1,948","1,941","1,9552","1,9343"
28/05/2007,"1,9418","1,9499","1,9511","1,9414"
25/05/2007,"1,9501","1,968","1,968","1,9455"
24/05/2007,"1,9667","1,949","1,975","1,9499"
23/05/2007,"1,9502","1,942","1,9541","1,938"
22/05/2007,"1,9421","1,938","1,948","1,9323"
21/05/2007,"1,937","1,959","1,9605","1,9374"
18/05/2007,"1,9575","1,95","1,97","1,951"
17/05/2007,"1,9499","1,9512","1,9655","1,9508"
16/05/2007,"1,9515","1,98","1,98","1,9498"
15/05/2007,"1,9805","2,0069","2,008","1,976"
14/05/2007,"2,007","2,0182","2,0182","2,0033"
11/05/2007,"2,0168","2,024","2,024","2,0148"
10/05/2007,"2,0223","2,0171","2,0305","2,0123"
09/05/2007,"2,0169","2,0211","2,0273","2,0123"
08/05/2007,"2,0208","2,0195","2,026","2,0177"
07/05/2007,"2,0202","2,0335","2,0335","2,017"
04/05/2007,"2,035","2,026","2,0355","2,016"
03/05/2007,"2,026","2,0182","2,0291","2,008"
02/05/2007,"2,022","2,034","2,0348","2,019"
01/05/2007,"2,033","2,034","2,0346","2,0332"
30/04/2007,"2,0338","2,03","2,0375","2,0287"
27/04/2007,"2,0309","2,0252","2,0354","2,026"
26/04/2007,"2,0335","2,019","2,034","2,0155"
25/04/2007,"2,0175","2,033","2,0333","2,0153"
24/04/2007,"2,032","2,035","2,041","2,0294"
23/04/2007,"2,0342","2,0267","2,039","2,0205"
20/04/2007,"2,0257","2,03","2,0334","2,0125"
19/04/2007,"2,028","2,0328","2,041","2,0265"
18/04/2007,"2,032","2,034","2,041","2,0317"
17/04/2007,"2,035","2,035","2,039","2,029"
16/04/2007,"2,0325","2,0212","2,0363","2,0211"
13/04/2007,"2,019","2,033","2,0357","2,017"
12/04/2007,"2,0295","2,0372","2,0423","2,0303"
11/04/2007,"2,0367","2,0271","2,04","2,025"
10/04/2007,"2,0262","2,0228","2,031","2,0238"
09/04/2007,"2,023","2,0313","2,0313","2,02"
06/04/2007,"2,0306","2,0306","2,0306","2,0306"
05/04/2007,"2,0306","2,0344","2,039","2,0295"
04/04/2007,"2,0345","2,038","2,04","2,027"
03/04/2007,"2,0355","2,047","2,047","2,0352"
02/04/2007,"2,046","2,059","2,059","2,045"
30/03/2007,"2,058","2,0354","2,0685","2,0248"
29/03/2007,"2,0385","2,0682","2,0682","2,0369"
28/03/2007,"2,067","2,0645","2,079","2,0633"
27/03/2007,"2,0675","2,059","2,068","2,06"
26/03/2007,"2,0592","2,06","2,065","2,0553"
23/03/2007,"2,062","2,059","2,068","2,058"
22/03/2007,"2,0606","2,0613","2,065","2,0498"
21/03/2007,"2,0535","2,075","2,0806","2,0505"
20/03/2007,"2,077","2,076","2,08","2,0714"
19/03/2007,"2,0767","2,091","2,091","2,0733"
16/03/2007,"2,092","2,092","2,094","2,0842"
15/03/2007,"2,0929","2,091","2,094","2,085"
14/03/2007,"2,089","2,112","2,116","2,0888"
13/03/2007,"2,112","2,087","2,1135","2,0877"
12/03/2007,"2,087","2,094","2,098","2,085"
09/03/2007,"2,0966","2,107","2,109","2,0927"
08/03/2007,"2,107","2,1225","2,1225","2,1018"
07/03/2007,"2,119","2,115","2,1206","2,1079"
06/03/2007,"2,1161","2,1435","2,1455","2,1128"
05/03/2007,"2,1421","2,13","2,151","2,131"
02/03/2007,"2,13","2,117","2,135","2,1135"
01/03/2007,"2,1204","2,1165","2,144","2,1145"
28/02/2007,"2,1194","2,135","2,1435","2,1078"
27/02/2007,"2,1345","2,082","2,149","2,0814"
26/02/2007,"2,0829","2,088","2,09","2,0771"
23/02/2007,"2,0885","2,081","2,092","2,0755"
22/02/2007,"2,081","2,0775","2,086","2,0633"
21/02/2007,"2,0773","2,0911","2,0926","2,0746"
20/02/2007,"2,091","2,091","2,091","2,0925"
19/02/2007,"2,0911","2,0911","2,0911","2,0921"
16/02/2007,"2,0906","2,092","2,0933","2,0863"
15/02/2007,"2,0925","2,09","2,095","2,0819"
14/02/2007,"2,0865","2,106","2,1085","2,0841"
13/02/2007,"2,1113","2,1124","2,1188","2,1037"
12/02/2007,"2,1155","2,1078","2,118","2,1082"
09/02/2007,"2,1105","2,098","2,112","2,0976"
08/02/2007,"2,0926","2,094","2,102","2,0908"
07/02/2007,"2,0901","2,085","2,099","2,0776"
06/02/2007,"2,0815","2,08","2,0875","2,0742"
05/02/2007,"2,0814","2,1041","2,1061","2,081"
02/02/2007,"2,1041","2,092","2,107","2,0787"
01/02/2007,"2,0895","2,1228","2,1235","2,0905"
31/01/2007,"2,1223","2,1298","2,1371","2,1203"
30/01/2007,"2,1298","2,136","2,1373","2,1275"
29/01/2007,"2,134","2,1371","2,14","2,1325"
26/01/2007,"2,1345","2,1327","2,1395","2,1287"
25/01/2007,"2,134","2,125","2,135","2,125"
24/01/2007,"2,1272","2,1366","2,1366","2,1255"
23/01/2007,"2,1309","2,1342","2,1405","2,1285"
22/01/2007,"2,136","2,1288","2,1372","2,1255"
19/01/2007,"2,129","2,1333","2,1378","2,127"
18/01/2007,"2,1365","2,134","2,137","2,1272"
17/01/2007,"2,133","2,1375","2,1435","2,1316"
16/01/2007,"2,1375","2,1435","2,146","2,1365"
15/01/2007,"2,141","2,139","2,1423","2,1377"
12/01/2007,"2,139","2,1435","2,1496","2,1382"
11/01/2007,"2,147","2,1492","2,152","2,1421"
10/01/2007,"2,149","2,149","2,161","2,146"
09/01/2007,"2,149","2,145","2,153","2,1425"
08/01/2007,"2,146","2,1508","2,154","2,1449"
05/01/2007,"2,1505","2,1428","2,156","2,1398"
04/01/2007,"2,143","2,1445","2,146","2,1398"
03/01/2007,"2,144","2,1308","2,144","2,1313"
02/01/2007,"2,132","2,135","2,138","2,13"
01/01/2007,"2,135","2,135","2,135","2,135"
29/12/2006,"2,135","2,135","2,135","2,1365"
28/12/2006,"2,134","2,1436","2,1462","2,1304"
27/12/2006,"2,1445","2,1417","2,1495","2,1422"
26/12/2006,"2,1419","2,146","2,1491","2,14"
25/12/2006,"2,1465","2,1465","2,1465","2,1465"
22/12/2006,"2,1465","2,158","2,1591","2,1458"
21/12/2006,"2,1603","2,1568","2,1628","2,153"
20/12/2006,"2,1578","2,1566","2,163","2,1505"
19/12/2006,"2,1565","2,1512","2,1625","2,1484"
18/12/2006,"2,1492","2,145","2,1512","2,1426"
15/12/2006,"2,145","2,145","2,1515","2,1409"
14/12/2006,"2,1455","2,147","2,152","2,1398"
13/12/2006,"2,1465","2,1474","2,152","2,1426"
12/12/2006,"2,15","2,1385","2,153","2,1369"
11/12/2006,"2,136","2,1387","2,1445","2,1354"
08/12/2006,"2,1377","2,145","2,1492","2,1359"
07/12/2006,"2,1445","2,1458","2,1526","2,1399"
06/12/2006,"2,146","2,1636","2,1636","2,1441"
05/12/2006,"2,147","2,163","2,163","2,1465"
04/12/2006,"2,1634","2,163","2,173","2,157"
01/12/2006,"2,165","2,163","2,173","2,1595"
30/11/2006,"2,164","2,163","2,173","2,16"
29/11/2006,"2,163","2,1789","2,184","2,1643"
28/11/2006,"2,179","2,199","2,199","2,18"
27/11/2006,"2,199","2,168","2,203","2,1682"
24/11/2006,"2,168","2,1681","2,174","2,1636"
23/11/2006,"2,167","2,1621","2,171","2,1619"
22/11/2006,"2,165","2,1615","2,1684","2,1555"
21/11/2006,"2,1616","2,156","2,167","2,1555"
20/11/2006,"2,157","2,16","2,162","2,1582"
17/11/2006,"2,1575","2,1503","2,167","2,1488"
16/11/2006,"2,155","2,1485","2,156","2,1419"
15/11/2006,"2,1475","2,1485","2,1485","2,1495"
14/11/2006,"2,149","2,1615","2,1621","2,146"
13/11/2006,"2,161","2,1505","2,171","2,1495"
10/11/2006,"2,151","2,1433","2,153","2,1389"
09/11/2006,"2,144","2,1433","2,1479","2,1377"
08/11/2006,"2,145","2,1373","2,1495","2,1384"
07/11/2006,"2,1365","2,1355","2,141","2,1309"
06/11/2006,"2,1357","2,1373","2,14","2,1338"
03/11/2006,"2,1395","2,1373","2,15","2,137"
02/11/2006,"2,1425","2,139","2,1435","2,1407"
01/11/2006,"2,142","2,142","2,144","2,1345"
31/10/2006,"2,1418","2,1472","2,1472","2,126"
30/10/2006,"2,151","2,1356","2,151","2,1356"
27/10/2006,"2,1342","2,1415","2,1439","2,128"
26/10/2006,"2,1385","2,143","2,143","2,128"
25/10/2006,"2,1435","2,148","2,158","2,1411"
24/10/2006,"2,1521","2,132","2,1585","2,1315"
23/10/2006,"2,1372","2,138","2,1475","2,1357"
20/10/2006,"2,1385","2,139","2,1525","2,1355"
19/10/2006,"2,146","2,135","2,147","2,126"
18/10/2006,"2,135","2,131","2,1411","2,1225"
17/10/2006,"2,131","2,1284","2,146","2,1258"
16/10/2006,"2,1305","2,134","2,1445","2,1255"
13/10/2006,"2,1365","2,156","2,156","2,134"
12/10/2006,"2,15","2,1638","2,1638","2,15"
11/10/2006,"2,1585","2,15","2,165","2,1478"
10/10/2006,"2,1555","2,154","2,157","2,145"
09/10/2006,"2,154","2,161","2,1725","2,1533"
06/10/2006,"2,161","2,157","2,1745","2,1579"
05/10/2006,"2,1582","2,159","2,1691","2,1535"
04/10/2006,"2,163","2,171","2,1773","2,159"
03/10/2006,"2,1753","2,155","2,179","2,1555"
02/10/2006,"2,1565","2,167","2,1755","2,1547"
29/09/2006,"2,1723","2,17","2,1855","2,1562"
28/09/2006,"2,1705","2,1845","2,1903","2,168"
27/09/2006,"2,1852","2,19","2,1925","2,1777"
26/09/2006,"2,1845","2,2165","2,221","2,1849"
25/09/2006,"2,2185","2,206","2,235","2,1965"
22/09/2006,"2,206","2,202","2,2265","2,2025"
21/09/2006,"2,2017","2,175","2,2175","2,1668"
20/09/2006,"2,1739","2,152","2,1809","2,1445"
19/09/2006,"2,1588","2,152","2,1658","2,1407"
18/09/2006,"2,1469","2,152","2,1575","2,1398"
15/09/2006,"2,1502","2,1575","2,162","2,1489"
14/09/2006,"2,1585","2,157","2,1698","2,1472"
13/09/2006,"2,1585","2,1575","2,1767","2,1558"
12/09/2006,"2,1665","2,183","2,1871","2,1647"
11/09/2006,"2,1841","2,1575","2,1859","2,1579"
08/09/2006,"2,1571","2,152","2,1635","2,1498"
07/09/2006,"2,1498","2,148","2,1565","2,15"
06/09/2006,"2,1494","2,1298","2,1519","2,1309"
05/09/2006,"2,1371","2,121","2,1381","2,123"
04/09/2006,"2,1215","2,1375","2,1375","2,1212"
01/09/2006,"2,1375","2,15","2,1516","2,1365"
31/08/2006,"2,1419","2,135","2,1461","2,122"
30/08/2006,"2,136","2,1356","2,152","2,1247"
29/08/2006,"2,1356","2,1405","2,1462","2,1327"
28/08/2006,"2,1393","2,15","2,1603","2,1356"
25/08/2006,"2,1551","2,15","2,1633","2,1463"
24/08/2006,"2,1535","2,1501","2,1683","2,1325"
23/08/2006,"2,1511","2,128","2,1531","2,1261"
22/08/2006,"2,1347","2,129","2,1397","2,1273"
21/08/2006,"2,1276","2,141","2,1454","2,1281"
18/08/2006,"2,1459","2,139","2,1505","2,1348"
17/08/2006,"2,1397","2,135","2,143","2,1275"
16/08/2006,"2,1399","2,138","2,145","2,1255"
15/08/2006,"2,1425","2,1659","2,1659","2,1363"
14/08/2006,"2,1615","2,176","2,176","2,154"
11/08/2006,"2,1638","2,157","2,1665","2,1538"
10/08/2006,"2,1555","2,176","2,176","2,1552"
09/08/2006,"2,1645","2,18","2,189","2,1609"
08/08/2006,"2,1705","2,189","2,1895","2,1697"
07/08/2006,"2,1827","2,189","2,1907","2,1725"
04/08/2006,"2,1798","2,189","2,189","2,1658"
03/08/2006,"2,1741","2,189","2,192","2,1751"
02/08/2006,"2,1806","2,189","2,192","2,1735"
01/08/2006,"2,1902","2,1741","2,197","2,1745"
31/07/2006,"2,176","2,172","2,1908","2,1695"
28/07/2006,"2,1739","2,189","2,204","2,1727"
27/07/2006,"2,1915","2,1905","2,194","2,1831"
26/07/2006,"2,1916","2,2005","2,215","2,1887"
25/07/2006,"2,2005","2,198","2,2034","2,184"
24/07/2006,"2,1887","2,197","2,198","2,1835"
21/07/2006,"2,197","2,1904","2,2045","2,183"
20/07/2006,"2,1914","2,175","2,1985","2,1724"
19/07/2006,"2,1755","2,191","2,1963","2,173"
18/07/2006,"2,191","2,202","2,2075","2,183"
17/07/2006,"2,1997","2,214","2,22","2,1987"
14/07/2006,"2,214","2,2081","2,2221","2,2047"
13/07/2006,"2,213","2,1893","2,2241","2,1893"
12/07/2006,"2,201","2,179","2,204","2,179"
11/07/2006,"2,182","2,1773","2,191","2,1717"
10/07/2006,"2,1778","2,1893","2,1893","2,166"
07/07/2006,"2,1805","2,172","2,187","2,155"
06/07/2006,"2,1765","2,197","2,208","2,1695"
05/07/2006,"2,2065","2,179","2,2094","2,1785"
04/07/2006,"2,1695","2,1696","2,1783","2,153"
03/07/2006,"2,1696","2,159","2,1815","2,1558"
30/06/2006,"2,1644","2,176","2,1893","2,152"
29/06/2006,"2,1763","2,2185","2,22","2,1663"
28/06/2006,"2,219","2,235","2,2395","2,2135"
27/06/2006,"2,2349","2,2382","2,243","2,221"
26/06/2006,"2,2387","2,2205","2,2432","2,213"
23/06/2006,"2,23","2,237","2,2625","2,2265"
22/06/2006,"2,238","2,2288","2,2455","2,2278"
21/06/2006,"2,2231","2,2397","2,256","2,2231"
20/06/2006,"2,2335","2,2475","2,2655","2,233"
19/06/2006,"2,248","2,245","2,2616","2,2258"
16/06/2006,"2,2475","2,262","2,279","2,236"
15/06/2006,"2,262","2,275","2,279","2,255"
14/06/2006,"2,282","2,301","2,3265","2,2685"
13/06/2006,"2,3075","2,287","2,334","2,287"
12/06/2006,"2,298","2,258","2,31","2,251"
09/06/2006,"2,2582","2,266","2,2715","2,242"
08/06/2006,"2,258","2,257","2,2905","2,238"
07/06/2006,"2,252","2,255","2,274","2,2316"
06/06/2006,"2,2395","2,2642","2,2813","2,2355"
05/06/2006,"2,2625","2,275","2,275","2,2386"
02/06/2006,"2,2755","2,25","2,2912","2,21"
01/06/2006,"2,2435","2,32","2,3253","2,2396"
31/05/2006,"2,3036","2,315","2,3287","2,2805"
30/05/2006,"2,312","2,272","2,3675","2,272"
29/05/2006,"2,2725","2,2333","2,291","2,2265"
26/05/2006,"2,2395","2,2735","2,284","2,227"
25/05/2006,"2,274","2,3245","2,389","2,2685"
24/05/2006,"2,3245","2,351","2,403","2,314"
23/05/2006,"2,3531","2,2812","2,3561","2,2475"
22/05/2006,"2,2812","2,2075","2,317","2,207"
19/05/2006,"2,2075","2,1695","2,2161","2,159"
18/05/2006,"2,1775","2,2","2,209","2,1639"
17/05/2006,"2,206","2,1345","2,2106","2,1261"
16/05/2006,"2,1345","2,1635","2,184","2,123"
15/05/2006,"2,1635","2,144","2,2155","2,137"
12/05/2006,"2,143","2,0985","2,1501","2,0955"
11/05/2006,"2,0955","2,073","2,1051","2,0705"
10/05/2006,"2,0725","2,058","2,075","2,0485"
09/05/2006,"2,059","2,071","2,0794","2,0541"
08/05/2006,"2,0685","2,054","2,0738","2,05"
05/05/2006,"2,054","2,067","2,071","2,0506"
04/05/2006,"2,07","2,072","2,078","2,058"
03/05/2006,"2,0745","2,057","2,0765","2,0545"
02/05/2006,"2,0605","2,0855","2,089","2,056"
01/05/2006,"2,0785","2,0855","2,0855","2,0775"
28/04/2006,"2,0855","2,103","2,122","2,0815"
27/04/2006,"2,1008","2,1199","2,1291","2,0999"
26/04/2006,"2,1165","2,1199","2,139","2,1148"
25/04/2006,"2,129","2,1148","2,1307","2,1085"
24/04/2006,"2,112","2,1199","2,1248","2,1099"
21/04/2006,"2,1199","2,1285","2,1285","2,115"
20/04/2006,"2,1198","2,115","2,1304","2,111"
19/04/2006,"2,1147","2,114","2,1215","2,107"
18/04/2006,"2,114","2,139","2,139","2,1135"
17/04/2006,"2,1364","2,139","2,1424","2,127"
14/04/2006,"2,139","2,137","2,139","2,136"
13/04/2006,"2,137","2,1345","2,1495","2,13"
12/04/2006,"2,1345","2,139","2,146","2,122"
11/04/2006,"2,139","2,1477","2,1547","2,129"
10/04/2006,"2,1546","2,1477","2,159","2,143"
07/04/2006,"2,1475","2,1296","2,1599","2,1156"
06/04/2006,"2,127","2,1265","2,1434","2,1215"
05/04/2006,"2,1315","2,1306","2,1414","2,119"
04/04/2006,"2,1316","2,1388","2,1395","2,1185"
03/04/2006,"2,1388","2,1643","2,175","2,13"
31/03/2006,"2,163","2,183","2,2016","2,16"
30/03/2006,"2,1871","2,2135","2,2135","2,181"
29/03/2006,"2,2135","2,2335","2,2448","2,2005"
28/03/2006,"2,2425","2,1725","2,2447","2,169"
27/03/2006,"2,179","2,1721","2,2037","2,164"
24/03/2006,"2,1575","2,159","2,1799","2,148"
23/03/2006,"2,1601","2,151","2,174","2,135"
22/03/2006,"2,1529","2,171","2,177","2,145"
21/03/2006,"2,169","2,1477","2,1785","2,1415"
20/03/2006,"2,1487","2,132","2,1531","2,1167"
17/03/2006,"2,123","2,107","2,1276","2,106"
16/03/2006,"2,1125","2,1142","2,1255","2,0955"
15/03/2006,"2,1142","2,1225","2,1276","2,112"
14/03/2006,"2,1193","2,13","2,148","2,114"
13/03/2006,"2,1324","2,136","2,143","2,126"
10/03/2006,"2,1358","2,161","2,1623","2,1344"
09/03/2006,"2,1605","2,1785","2,184","2,1505"
08/03/2006,"2,1785","2,14","2,1958","2,14"
07/03/2006,"2,156","2,1375","2,1798","2,134"
06/03/2006,"2,1455","2,1185","2,1541","2,111"
03/03/2006,"2,1103","2,1025","2,1272","2,1025"
02/03/2006,"2,103","2,113","2,124","2,101"
01/03/2006,"2,1134","2,1305","2,1388","2,1104"
28/02/2006,"2,122","2,137","2,138","2,118"
27/02/2006,"2,139","2,1305","2,1523","2,1305"
24/02/2006,"2,138","2,1305","2,1445","2,124"
23/02/2006,"2,132","2,1305","2,154","2,115"
22/02/2006,"2,1395","2,1645","2,1855","2,1265"
21/02/2006,"2,165","2,114","2,1714","2,103"
20/02/2006,"2,1165","2,123","2,1291","2,1106"
17/02/2006,"2,1235","2,113","2,1297","2,1"
16/02/2006,"2,115","2,135","2,135","2,1084"
15/02/2006,"2,1305","2,135","2,1483","2,1215"
14/02/2006,"2,137","2,151","2,1611","2,1315"
13/02/2006,"2,159","2,163","2,1724","2,1495"
10/02/2006,"2,1605","2,168","2,168","2,1456"
09/02/2006,"2,169","2,184","2,1848","2,1633"
08/02/2006,"2,1848","2,184","2,2085","2,18"
07/02/2006,"2,1895","2,181","2,1951","2,17"
06/02/2006,"2,174","2,2085","2,2085","2,171"
03/02/2006,"2,2085","2,224","2,239","2,199"
02/02/2006,"2,2255","2,217","2,2366","2,203"
01/02/2006,"2,2235","2,2105","2,232","2,2095"
31/01/2006,"2,211","2,214","2,2215","2,195"
30/01/2006,"2,211","2,22","2,224","2,196"
27/01/2006,"2,2085","2,2275","2,2302","2,2"
26/01/2006,"2,2275","2,244","2,2539","2,2245"
25/01/2006,"2,243","2,241","2,249","2,232"
24/01/2006,"2,2395","2,254","2,2541","2,2324"
23/01/2006,"2,2555","2,2815","2,2815","2,2491"
20/01/2006,"2,2772","2,292","2,297","2,26"
19/01/2006,"2,2813","2,3175","2,3383","2,28"
18/01/2006,"2,315","2,309","2,3389","2,309"
17/01/2006,"2,302","2,2701","2,3205","2,2696"
16/01/2006,"2,27","2,2815","2,286","2,2665"
13/01/2006,"2,271","2,2738","2,282","2,259"
12/01/2006,"2,2741","2,281","2,2838","2,2565"
11/01/2006,"2,2788","2,2603","2,2863","2,252"
10/01/2006,"2,2603","2,247","2,2705","2,237"
09/01/2006,"2,247","2,2805","2,2805","2,241"
06/01/2006,"2,2815","2,2818","2,296","2,2755"
05/01/2006,"2,2882","2,287","2,2918","2,264"
04/01/2006,"2,2845","2,328","2,3313","2,2763"
03/01/2006,"2,3254","2,337","2,353","2,3235"
02/01/2006,"2,3349","2,3325","2,339","2,3285"
30/12/2005,"2,3368","2,322","2,3368","2,322"
29/12/2005,"2,3243","2,342","2,3545","2,3145"
28/12/2005,"2,3395","2,336","2,354","2,3239"
27/12/2005,"2,3355","2,334","2,364","2,3285"
26/12/2005,"2,3395","2,315","2,3424","2,3135"
23/12/2005,"2,3135","2,328","2,362","2,3025"
22/12/2005,"2,3395","2,304","2,3453","2,289"
21/12/2005,"2,307","2,348","2,348","2,2976"
20/12/2005,"2,3465","2,379","2,38","2,331"
19/12/2005,"2,3785","2,3459","2,399","2,338"
16/12/2005,"2,3355","2,3055","2,3495","2,2965"
15/12/2005,"2,2973","2,268","2,3057","2,2679"
14/12/2005,"2,268","2,262","2,2893","2,2585"
13/12/2005,"2,26","2,2599","2,2699","2,24"
12/12/2005,"2,26","2,252","2,2695","2,249"
09/12/2005,"2,25","2,2208","2,2575","2,2208"
08/12/2005,"2,2197","2,193","2,2279","2,193"
07/12/2005,"2,195","2,174","2,199","2,157"
06/12/2005,"2,174","2,1942","2,199","2,164"
05/12/2005,"2,194","2,206","2,2124","2,1895"
02/12/2005,"2,2068","2,218","2,2204","2,1925"
01/12/2005,"2,2223","2,2024","2,2247","2,2019"
30/11/2005,"2,202","2,1916","2,2167","2,186"
29/11/2005,"2,1868","2,2","2,2071","2,183"
28/11/2005,"2,1965","2,2328","2,2406","2,192"
25/11/2005,"2,2325","2,2397","2,241","2,2265"
24/11/2005,"2,239","2,2466","2,2473","2,2275"
23/11/2005,"2,2375","2,2389","2,2459","2,227"
22/11/2005,"2,2465","2,2185","2,267","2,2185"
21/11/2005,"2,2185","2,225","2,2271","2,2075"
18/11/2005,"2,224","2,187","2,2289","2,187"
17/11/2005,"2,1935","2,199","2,199","2,18"
16/11/2005,"2,2","2,207","2,208","2,188"
15/11/2005,"2,204","2,207","2,2095","2,2"
14/11/2005,"2,2078","2,1895","2,212","2,178"
11/11/2005,"2,16","2,165","2,1685","2,151"
10/11/2005,"2,162","2,1739","2,189","2,1565"
09/11/2005,"2,174","2,186","2,186","2,158"
08/11/2005,"2,192","2,2","2,213","2,1805"
07/11/2005,"2,2054","2,205","2,2085","2,194"
04/11/2005,"2,2105","2,2205","2,2338","2,2075"
03/11/2005,"2,2205","2,239","2,2425","2,215"
02/11/2005,"2,237","2,242","2,2446","2,236"
01/11/2005,"2,2415","2,249","2,259","2,2395"
31/10/2005,"2,2518","2,261","2,271","2,2455"
28/10/2005,"2,264","2,286","2,29","2,26"
27/10/2005,"2,2885","2,288","2,295","2,2745"
26/10/2005,"2,2863","2,261","2,2863","2,261"
25/10/2005,"2,2625","2,2585","2,2699","2,254"
24/10/2005,"2,26","2,2605","2,2695","2,2535"
21/10/2005,"2,2615","2,247","2,28","2,243"
20/10/2005,"2,248","2,2408","2,267","2,2285"
19/10/2005,"2,237","2,238","2,2585","2,236"
18/10/2005,"2,2405","2,2324","2,2499","2,227"
17/10/2005,"2,2345","2,242","2,243","2,2215"
14/10/2005,"2,2435","2,255","2,273","2,2335"
13/10/2005,"2,2575","2,2335","2,283","2,233"
12/10/2005,"2,253","2,232","2,264","2,2305"
11/10/2005,"2,232","2,237","2,244","2,2275"
10/10/2005,"2,24","2,246","2,2489","2,229"
07/10/2005,"2,2484","2,289","2,294","2,2445"
06/10/2005,"2,2905","2,266","2,3045","2,2645"
05/10/2005,"2,266","2,257","2,2818","2,255"
04/10/2005,"2,2605","2,227","2,266","2,227"
03/10/2005,"2,2367","2,2355","2,2485","2,222"
30/09/2005,"2,2265","2,21","2,234","2,205"
29/09/2005,"2,2095","2,232","2,2455","2,2065"
28/09/2005,"2,2265","2,259","2,2605","2,2256"
27/09/2005,"2,2585","2,2485","2,2635","2,241"
26/09/2005,"2,2485","2,263","2,2706","2,2431"
23/09/2005,"2,263","2,273","2,278","2,2585"
22/09/2005,"2,2733","2,272","2,2945","2,2612"
21/09/2005,"2,2726","2,298","2,3","2,268"
20/09/2005,"2,2945","2,293","2,3017","2,2875"
19/09/2005,"2,293","2,2973","2,31","2,281"
16/09/2005,"2,2973","2,294","2,3048","2,2835"
15/09/2005,"2,298","2,326","2,327","2,29"
14/09/2005,"2,3185","2,3248","2,3397","2,318"
13/09/2005,"2,3248","2,318","2,3345","2,311"
12/09/2005,"2,318","2,3085","2,3275","2,3075"
09/09/2005,"2,3085","2,318","2,332","2,3055"
08/09/2005,"2,3182","2,328","2,329","2,3115"
07/09/2005,"2,3285","2,323","2,329","2,321"
06/09/2005,"2,3192","2,335","2,339","2,315"
05/09/2005,"2,331","2,329","2,341","2,313"
02/09/2005,"2,329","2,36","2,361","2,327"
01/09/2005,"2,3545","2,354","2,3725","2,3445"
31/08/2005,"2,354","2,382","2,386","2,348"
30/08/2005,"2,3784","2,3885","2,395","2,37"
29/08/2005,"2,383","2,401","2,417","2,379"
26/08/2005,"2,4015","2,3996","2,4317","2,3805"
25/08/2005,"2,399","2,4455","2,4501","2,3915"
24/08/2005,"2,451","2,3985","2,4575","2,3985"
23/08/2005,"2,399","2,374","2,4235","2,3705"
22/08/2005,"2,3715","2,4482","2,451","2,3715"
19/08/2005,"2,4481","2,403","2,4481","2,3745"
18/08/2005,"2,403","2,3495","2,406","2,3355"
17/08/2005,"2,3525","2,3455","2,363","2,3335"
16/08/2005,"2,3455","2,332","2,3615","2,314"
15/08/2005,"2,333","2,3765","2,377","2,325"
12/08/2005,"2,3725","2,342","2,4024","2,342"
11/08/2005,"2,3564","2,277","2,3645","2,2734"
10/08/2005,"2,2772","2,292","2,293","2,2614"
09/08/2005,"2,295","2,3274","2,3393","2,2821"
08/08/2005,"2,3271","2,307","2,3304","2,2885"
05/08/2005,"2,3119","2,303","2,32","2,2815"
04/08/2005,"2,3015","2,3135","2,327","2,2855"
03/08/2005,"2,3175","2,332","2,3425","2,3025"
02/08/2005,"2,335","2,367","2,3765","2,333"
01/08/2005,"2,364","2,3835","2,396","2,359"
29/07/2005,"2,379","2,408","2,414","2,3725"
28/07/2005,"2,4052","2,446","2,446","2,3965"
27/07/2005,"2,4405","2,4315","2,4815","2,414"
26/07/2005,"2,4305","2,4823","2,5117","2,425"
25/07/2005,"2,4836","2,3975","2,4865","2,3975"
22/07/2005,"2,397","2,364","2,398","2,3519"
21/07/2005,"2,3645","2,3373","2,3655","2,3216"
20/07/2005,"2,337","2,343","2,3635","2,335"
19/07/2005,"2,3414","2,3345","2,3493","2,332"
18/07/2005,"2,3345","2,337","2,34","2,32"
15/07/2005,"2,3365","2,336","2,3512","2,326"
14/07/2005,"2,334","2,357","2,358","2,3285"
13/07/2005,"2,3555","2,3355","2,358","2,326"
12/07/2005,"2,3355","2,3395","2,342","2,3211"
11/07/2005,"2,329","2,372","2,375","2,329"
08/07/2005,"2,3739","2,3675","2,385","2,3515"
07/07/2005,"2,3763","2,393","2,407","2,3684"
06/07/2005,"2,3955","2,3756","2,3975","2,372"
05/07/2005,"2,3751","2,363","2,3795","2,355"
04/07/2005,"2,367","2,355","2,3773","2,337"
01/07/2005,"2,355","2,3354","2,3573","2,3255"
30/06/2005,"2,3349","2,353","2,3655","2,3295"
29/06/2005,"2,355","2,3643","2,371","2,3445"
28/06/2005,"2,365","2,3709","2,373","2,3585"
27/06/2005,"2,3709","2,384","2,3906","2,363"
24/06/2005,"2,3725","2,404","2,407","2,372"
23/06/2005,"2,404","2,38","2,4049","2,3775"
22/06/2005,"2,3855","2,3695","2,3855","2,3585"
21/06/2005,"2,367","2,391","2,395","2,3665"
20/06/2005,"2,388","2,384","2,3965","2,3715"
17/06/2005,"2,37","2,403","2,407","2,3655"
16/06/2005,"2,4035","2,4331","2,4415","2,4015"
15/06/2005,"2,4218","2,4335","2,453","2,4188"
14/06/2005,"2,433","2,4495","2,478","2,4234"
13/06/2005,"2,4505","2,471","2,4754","2,442"
10/06/2005,"2,4716","2,4951","2,4951","2,4626"
09/06/2005,"2,4911","2,4617","2,5045","2,4505"
08/06/2005,"2,4622","2,4545","2,464","2,435"
07/06/2005,"2,455","2,447","2,4725","2,4355"
06/06/2005,"2,4473","2,424","2,4785","2,423"
03/06/2005,"2,4235","2,411","2,4301","2,3866"
02/06/2005,"2,417","2,4556","2,469","2,4087"
01/06/2005,"2,4551","2,3977","2,4591","2,3872"
31/05/2005,"2,4085","2,368","2,421","2,366"
30/05/2005,"2,367","2,3837","2,392","2,362"
27/05/2005,"2,381","2,4075","2,4078","2,381"
26/05/2005,"2,4073","2,407","2,4135","2,405"
25/05/2005,"2,4078","2,426","2,4299","2,401"
24/05/2005,"2,4232","2,424","2,436","2,422"
23/05/2005,"2,426","2,438","2,443","2,4225"
20/05/2005,"2,4407","2,4417","2,4565","2,4374"
19/05/2005,"2,442","2,457","2,459","2,438"
18/05/2005,"2,4585","2,4807","2,4807","2,4545"
17/05/2005,"2,4793","2,473","2,4885","2,464"
16/05/2005,"2,4738","2,4725","2,484","2,4682"
13/05/2005,"2,4725","2,465","2,4862","2,4527"
12/05/2005,"2,468","2,4525","2,473","2,45"
11/05/2005,"2,4515","2,471","2,491","2,449"
10/05/2005,"2,4755","2,448","2,4795","2,441"
09/05/2005,"2,449","2,459","2,4653","2,444"
06/05/2005,"2,456","2,472","2,472","2,445"
05/05/2005,"2,462","2,4649","2,488","2,455"
04/05/2005,"2,4644","2,49","2,491","2,453"
03/05/2005,"2,4875","2,5105","2,515","2,482"
02/05/2005,"2,508","2,5272","2,529","2,5035"
29/04/2005,"2,5272","2,55","2,551","2,521"
28/04/2005,"2,5479","2,514","2,555","2,505"
27/04/2005,"2,5135","2,534","2,537","2,51"
26/04/2005,"2,537","2,5213","2,5485","2,517"
25/04/2005,"2,5198","2,535","2,5484","2,516"
22/04/2005,"2,5365","2,5485","2,5626","2,5279"
21/04/2005,"2,549","2,559","2,575","2,545"
20/04/2005,"2,5626","2,572","2,575","2,5492"
19/04/2005,"2,5685","2,606","2,611","2,565"
18/04/2005,"2,606","2,617","2,626","2,6"
15/04/2005,"2,6138","2,581","2,619","2,581"
14/04/2005,"2,59","2,56","2,591","2,554"
13/04/2005,"2,5575","2,572","2,573","2,548"
12/04/2005,"2,5736","2,583","2,604","2,563"
11/04/2005,"2,5817","2,584","2,59","2,57"
08/04/2005,"2,584","2,593","2,6035","2,5775"
07/04/2005,"2,593","2,5928","2,6095","2,585"
06/04/2005,"2,5985","2,6265","2,6275","2,592"
05/04/2005,"2,624","2,6335","2,6405","2,616"
04/04/2005,"2,64","2,657","2,6725","2,6355"
01/04/2005,"2,6578","2,665","2,6765","2,641"
31/03/2005,"2,679","2,675","2,6875","2,651"
30/03/2005,"2,6745","2,695","2,7075","2,6695"
29/03/2005,"2,697","2,7245","2,7261","2,6925"
28/03/2005,"2,7245","2,7382","2,7505","2,715"
25/03/2005,"2,7365","2,7421","2,7421","2,7365"
24/03/2005,"2,7395","2,748","2,7487","2,7215"
23/03/2005,"2,7455","2,742","2,761","2,726"
22/03/2005,"2,7415","2,724","2,749","2,693"
21/03/2005,"2,7255","2,719","2,741","2,715"
18/03/2005,"2,715","2,717","2,7265","2,705"
17/03/2005,"2,7165","2,761","2,7848","2,7085"
16/03/2005,"2,7613","2,7628","2,771","2,736"
15/03/2005,"2,7634","2,747","2,78","2,737"
14/03/2005,"2,7503","2,717","2,772","2,7158"
11/03/2005,"2,7158","2,711","2,722","2,69"
10/03/2005,"2,7155","2,716","2,74","2,706"
09/03/2005,"2,7135","2,691","2,73","2,689"
08/03/2005,"2,696","2,676","2,7025","2,67"
07/03/2005,"2,6805","2,653","2,688","2,647"
04/03/2005,"2,6545","2,678","2,696","2,644"
03/03/2005,"2,6783","2,6385","2,6783","2,631"
02/03/2005,"2,6365","2,616","2,6505","2,616"
01/03/2005,"2,6285","2,597","2,638","2,586"
28/02/2005,"2,5885","2,616","2,6175","2,58"
25/02/2005,"2,6172","2,63","2,6515","2,6145"
24/02/2005,"2,635","2,591","2,6455","2,582"
23/02/2005,"2,5945","2,5994","2,607","2,575"
22/02/2005,"2,598","2,5725","2,606","2,565"
21/02/2005,"2,5835","2,566","2,584","2,566"
18/02/2005,"2,5755","2,56","2,579","2,548"
17/02/2005,"2,5633","2,579","2,579","2,554"
16/02/2005,"2,585","2,582","2,6025","2,5685"
15/02/2005,"2,5838","2,578","2,592","2,564"
14/02/2005,"2,568","2,602","2,604","2,5675"
11/02/2005,"2,6015","2,6151","2,624","2,5965"
10/02/2005,"2,6168","2,6015","2,62","2,6"
09/02/2005,"2,6015","2,632","2,6445","2,593"
08/02/2005,"2,631","2,611","2,6365","2,6"
07/02/2005,"2,6123","2,611","2,6125","2,6"
04/02/2005,"2,6025","2,602","2,616","2,5845"
03/02/2005,"2,6008","2,602","2,6137","2,589"
02/02/2005,"2,602","2,607","2,634","2,599"
01/02/2005,"2,607","2,6075","2,622","2,596"
31/01/2005,"2,6078","2,65","2,651","2,6045"
28/01/2005,"2,644","2,662","2,6745","2,643"
27/01/2005,"2,669","2,662","2,674","2,6534"
26/01/2005,"2,6637","2,687","2,687","2,6595"
25/01/2005,"2,6805","2,678","2,689","2,669"
24/01/2005,"2,6785","2,691","2,691","2,671"
21/01/2005,"2,6867","2,7145","2,7167","2,681"
20/01/2005,"2,715","2,708","2,729","2,708"
19/01/2005,"2,7088","2,717","2,7215","2,696"
18/01/2005,"2,717","2,699","2,7215","2,6988"
17/01/2005,"2,6988","2,6992","2,704","2,6945"
14/01/2005,"2,7005","2,696","2,714","2,696"
13/01/2005,"2,703","2,696","2,707","2,688"
12/01/2005,"2,704","2,718","2,731","2,689"
11/01/2005,"2,7203","2,701","2,7255","2,691"
10/01/2005,"2,7023","2,709","2,7111","2,685"
07/01/2005,"2,711","2,722","2,728","2,688"
06/01/2005,"2,7208","2,713","2,733","2,705"
05/01/2005,"2,7135","2,697","2,7321","2,69"
04/01/2005,"2,718","2,671","2,722","2,671"
03/01/2005,"2,6749","2,66","2,675","2,651"
31/12/2004,"2,655","2,655","2,655","2,655"
30/12/2004,"2,654","2,6626","2,6632","2,645"
29/12/2004,"2,667","2,689","2,697","2,662"
28/12/2004,"2,6945","2,685","2,6985","2,68"
27/12/2004,"2,6855","2,7","2,7075","2,682"
24/12/2004,"2,69","2,699","2,705","2,688"
23/12/2004,"2,7005","2,703","2,714","2,688"
22/12/2004,"2,7045","2,698","2,71","2,687"
21/12/2004,"2,698","2,674","2,702","2,664"
20/12/2004,"2,675","2,708","2,71","2,6725"
17/12/2004,"2,711","2,737","2,741","2,705"
16/12/2004,"2,741","2,7245","2,744","2,712"
15/12/2004,"2,7245","2,7645","2,7645","2,719"
14/12/2004,"2,7645","2,756","2,7695","2,7435"
13/12/2004,"2,756","2,773","2,7755","2,755"
10/12/2004,"2,7725","2,778","2,804","2,769"
09/12/2004,"2,7789","2,756","2,791","2,749"
08/12/2004,"2,7555","2,755","2,778","2,751"
07/12/2004,"2,746","2,716","2,748","2,708"
06/12/2004,"2,718","2,706","2,7295","2,694"
03/12/2004,"2,7085","2,73","2,736","2,688"
02/12/2004,"2,73","2,71","2,738","2,707"
01/12/2004,"2,7092","2,716","2,724","2,7"
30/11/2004,"2,719","2,747","2,751","2,713"
29/11/2004,"2,747","2,734","2,755","2,7275"
26/11/2004,"2,736","2,742","2,742","2,7185"
25/11/2004,"2,743","2,752","2,759","2,733"
24/11/2004,"2,7535","2,741","2,765","2,7285"
23/11/2004,"2,7425","2,752","2,753","2,7315"
22/11/2004,"2,754","2,783","2,783","2,7425"
19/11/2004,"2,7845","2,775","2,7885","2,752"
18/11/2004,"2,777","2,7585","2,7795","2,75"
17/11/2004,"2,7585","2,784","2,784","2,756"
16/11/2004,"2,785","2,787","2,795","2,775"
15/11/2004,"2,79","2,787","2,792","2,781"
12/11/2004,"2,7875","2,806","2,81","2,785"
11/11/2004,"2,818","2,823","2,823","2,81"
10/11/2004,"2,826","2,824","2,827","2,815"
09/11/2004,"2,8275","2,833","2,836","2,819"
08/11/2004,"2,836","2,818","2,839","2,811"
05/11/2004,"2,819","2,817","2,8315","2,808"
04/11/2004,"2,8175","2,826","2,836","2,81"
03/11/2004,"2,828","2,851","2,851","2,821"
02/11/2004,"2,8525","2,851","2,8533","2,842"
01/11/2004,"2,853","2,857","2,872","2,852"
29/10/2004,"2,8593","2,864","2,875","2,85"
28/10/2004,"2,861","2,856","2,876","2,855"
27/10/2004,"2,856","2,864","2,867","2,85"
26/10/2004,"2,862","2,881","2,882","2,8611"
25/10/2004,"2,883","2,868","2,891","2,865"
22/10/2004,"2,87","2,855","2,873","2,836"
21/10/2004,"2,857","2,869","2,879","2,843"
20/10/2004,"2,871","2,876","2,894","2,868"
19/10/2004,"2,877","2,856","2,886","2,852"
18/10/2004,"2,857","2,854","2,862","2,843"
15/10/2004,"2,855","2,87","2,895","2,849"
14/10/2004,"2,873","2,837","2,879","2,837"
13/10/2004,"2,841","2,817","2,848","2,815"
12/10/2004,"2,822","2,817","2,829","2,817"
11/10/2004,"2,818","2,826","2,836","2,814"
08/10/2004,"2,83","2,849","2,849","2,805"
07/10/2004,"2,848","2,841","2,856","2,83"
06/10/2004,"2,839","2,829","2,842","2,822"
05/10/2004,"2,8235","2,823","2,832","2,812"
04/10/2004,"2,824","2,837","2,839","2,816"
01/10/2004,"2,836","2,86","2,865","2,834"
30/09/2004,"2,858","2,851","2,863","2,845"
29/09/2004,"2,852","2,8651","2,869","2,845"
28/09/2004,"2,863","2,87","2,879","2,858"
27/09/2004,"2,871","2,868","2,877","2,866"
24/09/2004,"2,869","2,878","2,888","2,862"
23/09/2004,"2,879","2,879","2,885","2,862"
22/09/2004,"2,882","2,865","2,883","2,855"
21/09/2004,"2,864","2,872","2,881","2,864"
20/09/2004,"2,873","2,865","2,875","2,853"
17/09/2004,"2,867","2,885","2,885","2,864"
16/09/2004,"2,884","2,9","2,9","2,88"
15/09/2004,"2,902","2,907","2,913","2,895"
14/09/2004,"2,905","2,907","2,915","2,903"
13/09/2004,"2,907","2,899","2,909","2,898"
10/09/2004,"2,902","2,897","2,9028","2,893"
09/09/2004,"2,8995","2,901","2,908","2,891"
08/09/2004,"2,899","2,907","2,907","2,894"
07/09/2004,"2,9","2,907","2,908","2,9"
06/09/2004,"2,908","2,928","2,928","2,908"
03/09/2004,"2,925","2,94","2,942","2,921"
02/09/2004,"2,938","2,93","2,941","2,93"
01/09/2004,"2,93","2,928","2,934","2,92"
31/08/2004,"2,926","2,946","2,946","2,921"
30/08/2004,"2,941","2,95","2,961","2,933"
27/08/2004,"2,95","2,953","2,965","2,943"
26/08/2004,"2,9545","2,949","2,96","2,946"
25/08/2004,"2,95","2,956","2,963","2,943"
24/08/2004,"2,954","2,961","2,972","2,948"
23/08/2004,"2,9666","2,964","2,977","2,953"
20/08/2004,"2,965","2,987","2,992","2,96"
19/08/2004,"2,9865","2,981","2,9865","2,966"
18/08/2004,"2,9775","2,996","3,009","2,974"
17/08/2004,"2,997","3,005","3,007","2,991"
16/08/2004,"3,006","3,0195","3,029","3,004"
13/08/2004,"3,02","3,039","3,0415","3,013"
12/08/2004,"3,035","3,034","3,037","3,021"
11/08/2004,"3,033","3,028","3,042","3,026"
10/08/2004,"3,0328","3,04","3,042","3,015"
09/08/2004,"3,04","3,03","3,043","3,025"
06/08/2004,"3,032","3,0713","3,077","3,029"
05/08/2004,"3,0712","3,054","3,0713","3,05"
04/08/2004,"3,0538","3,05","3,066","3,046"
03/08/2004,"3,05","3,045","3,062","3,044"
02/08/2004,"3,045","3,035","3,057","3,035"
30/07/2004,"3,035","3,034","3,041","3,018"
29/07/2004,"3,0395","3,052","3,052","3,025"
28/07/2004,"3,0595","3,061","3,0623","3,046"
27/07/2004,"3,063","3,0725","3,076","3,058"
26/07/2004,"3,074","3,053","3,077","3,039"
23/07/2004,"3,056","3,038","3,061","3,032"
22/07/2004,"3,039","3,027","3,058","3,022"
21/07/2004,"3,028","3,002","3,0465","2,996"
20/07/2004,"3,004","2,992","3,01","2,992"
19/07/2004,"2,993","2,999","2,999","2,986"
16/07/2004,3,"3,015","3,02","2,992"
15/07/2004,"3,018","3,023","3,027","3,009"
14/07/2004,"3,025","3,037","3,042","3,012"
13/07/2004,"3,039","3,034","3,05","3,03"
12/07/2004,"3,0345","3,039","3,054","3,026"
09/07/2004,"3,0425","3,055","3,056","3,0375"
08/07/2004,"3,0575","3,033","3,063","3,033"
07/07/2004,"3,034","3,047","3,059","3,024"
06/07/2004,"3,05","3,0275","3,051","3,023"
05/07/2004,"3,021","3,037","3,046","3,02"
02/07/2004,"3,037","3,072","3,081","3,035"
01/07/2004,"3,074","3,084","3,085","3,065"
30/06/2004,"3,085","3,068","3,118","3,085"
29/06/2004,"3,108","3,129","3,133","3,105"
28/06/2004,"3,127","3,108","3,135","3,108"
25/06/2004,"3,109","3,091","3,115","3,102"
24/06/2004,"3,092","3,1065","3,107","3,09"
23/06/2004,"3,119","3,13","3,135","3,113"
22/06/2004,"3,131","3,1323","3,136","3,128"
21/06/2004,"3,132","3,139","3,133","3,123"
18/06/2004,"3,14","3,128","3,142","3,13"
17/06/2004,"3,126","3,139","3,147","3,125"
16/06/2004,"3,137","3,1233","3,138","3,117"
15/06/2004,"3,122","3,1683","3,148","3,121"
14/06/2004,"3,168","3,142","3,168","3,153"
11/06/2004,"3,139","3,124","3,147","3,132"
10/06/2004,"3,1248","3,1248","3,145","3,107"
09/06/2004,"3,125","3,11","3,129","3,094"
08/06/2004,"3,109","3,1117","3,12","3,109"
07/06/2004,"3,11","3,128","3,116","3,106"
04/06/2004,"3,129","3,154","3,143","3,123"
03/06/2004,"3,153","3,129","3,163","3,133"
02/06/2004,"3,133","3,1453","3,146","3,116"
01/06/2004,"3,144","3,184","3,17","3,138"
31/05/2004,"3,188","3,086","3,198","3,078"
28/05/2004,"3,09","3,119","3,112","3,088"
27/05/2004,"3,12","3,179","3,173","3,118"
26/05/2004,"3,161","3,138","3,178","3,128"
25/05/2004,"3,137","3,178","3,166","3,136"
24/05/2004,"3,178","3,188","3,198","3,162"
21/05/2004,"3,192","3,2118","3,233","3,183"
20/05/2004,"3,21","3,164","3,223","3,148"
19/05/2004,"3,132","3,13","3,136","3,088"
18/05/2004,"3,129","3,1218","3,146","3,094"
17/05/2004,"3,121","3,086","3,133","3,108"
14/05/2004,"3,09","3,134","3,132","3,07"
13/05/2004,"3,13","3,1413","3,148","3,108"
12/05/2004,"3,141","3,07","3,148","3,07"
11/05/2004,"3,074","3,141","3,138","3,07"
10/05/2004,"3,14","3,057","3,148","3,098"
07/05/2004,"3,061","2,997","3,086","3,018"
06/05/2004,"2,996","2,9535","3,005","2,969"
05/05/2004,"2,953","2,9688","2,966","2,953"
04/05/2004,"2,967","2,972","2,981","2,956"
03/05/2004,"2,976","2,932","2,992","2,941"
30/04/2004,"2,93","2,961","2,952","2,93"
29/04/2004,"2,965","2,9503","2,968","2,942"
28/04/2004,"2,948","2,916","2,948","2,922"
27/04/2004,"2,916","2,905","2,921","2,909"
26/04/2004,"2,909","2,904","2,911","2,904"
23/04/2004,"2,909","2,921","2,926","2,908"
22/04/2004,"2,926","2,921","2,94","2,924"
21/04/2004,"2,921","2,925","2,935","2,921"
20/04/2004,"2,928","2,902","2,929","2,909"
19/04/2004,"2,904","2,904","2,913","2,901"
16/04/2004,"2,907","2,915","2,928","2,905"
15/04/2004,"2,916","2,883","2,923","2,896"
14/04/2004,"2,886","2,886","2,898","2,885"
13/04/2004,"2,891","2,876","2,891","2,881"
12/04/2004,"2,88","2,89","2,89","2,88"
09/04/2004,"2,882","2,88","2,882","2,88"
08/04/2004,"2,884","2,874","2,884","2,875"
07/04/2004,"2,869","2,875","2,883","2,866"
06/04/2004,"2,874","2,8755","2,875","2,869"
05/04/2004,"2,874","2,889","2,899","2,874"
02/04/2004,"2,893","2,885","2,899","2,886"
01/04/2004,"2,889","2,891","2,892","2,885"
31/03/2004,"2,895","2,908","2,913","2,892"
30/03/2004,"2,907","2,939","2,934","2,907"
29/03/2004,"2,937","2,937","2,938","2,932"
26/03/2004,"2,936","2,9425","2,946","2,936"
25/03/2004,"2,934","2,925","2,938","2,927"
24/03/2004,"2,928","2,914","2,928","2,918"
23/03/2004,"2,912","2,906","2,918","2,906"
22/03/2004,"2,912","2,896","2,914","2,904"
19/03/2004,"2,9","2,902","2,901","2,893"
18/03/2004,"2,906","2,911","2,918","2,905"
17/03/2004,"2,91","2,895","2,914","2,896"
16/03/2004,"2,897","2,899","2,901","2,896"
15/03/2004,"2,903","2,901","2,904","2,894"
12/03/2004,"2,899","2,915","2,916","2,898"
11/03/2004,"2,908","2,895","2,92","2,904"
10/03/2004,"2,899","2,885","2,899","2,879"
09/03/2004,"2,88","2,868","2,88","2,866"
08/03/2004,"2,872","2,871","2,882","2,857"
05/03/2004,"2,867","2,884","2,893","2,862"
04/03/2004,"2,888","2,882","2,89","2,878"
03/03/2004,"2,886","2,886","2,891","2,87"
02/03/2004,"2,89","2,897","2,918","2,89"
01/03/2004,"2,893","2,901","2,903","2,887"
27/02/2004,"2,905","2,92","2,925","2,905"
26/02/2004,"2,931","2,938","2,942","2,928"
25/02/2004,"2,939","2,955","2,945","2,924"
24/02/2004,"2,9585","2,956","2,9598","2,956"
23/02/2004,"2,9595","2,955","2,9595","2,955"
20/02/2004,"2,959","2,96","3,01","2,958"
19/02/2004,"2,956","2,948","2,958","2,944"
18/02/2004,"2,949","2,924","2,95","2,909"
17/02/2004,"2,916","2,902","2,924","2,901"
16/02/2004,"2,906","2,9","2,914","2,901"
13/02/2004,"2,904","2,911","2,918","2,897"
12/02/2004,"2,894","2,9","2,911","2,894"
11/02/2004,"2,905","2,915","2,932","2,905"
10/02/2004,"2,919","2,926","2,928","2,913"
09/02/2004,"2,924","2,926","2,94","2,923"
06/02/2004,"2,93","2,943","2,963","2,93"
05/02/2004,"2,93","2,9275","2,942","2,924"
04/02/2004,"2,918","2,92","2,919","2,9"
03/02/2004,"2,916","2,9295","2,938","2,913"
02/02/2004,"2,941","2,926","2,956","2,937"
30/01/2004,"2,934","2,931","2,956","2,913"
29/01/2004,"2,9295","2,903","2,9725","2,898"
28/01/2004,"2,905","2,864","2,907","2,864"
27/01/2004,"2,865","2,839","2,871","2,839"
26/01/2004,"2,851","2,836","2,851","2,836"
23/01/2004,"2,841","2,836","2,847","2,83"
22/01/2004,"2,836","2,839","2,848","2,83"
21/01/2004,"2,839","2,839","2,848","2,83"
20/01/2004,"2,836","2,837","2,845","2,827"
19/01/2004,"2,837","2,828","2,853","2,822"
16/01/2004,"2,828","2,814","2,83","2,807"
15/01/2004,"2,814","2,8139","2,82","2,797"
14/01/2004,"2,8139","2,814","2,828","2,801"
13/01/2004,"2,814","2,7815","2,824","2,766"
12/01/2004,"2,78","2,832","2,836","2,777"
09/01/2004,"2,832","2,846","2,851","2,825"
08/01/2004,"2,846","2,854","2,871","2,833"
07/01/2004,"2,859","2,863","2,8825","2,848"
06/01/2004,"2,863","2,846","2,869","2,835"
05/01/2004,"2,846","2,873","2,876","2,844"
02/01/2004,"2,877","2,897","2,897","2,872"
31/12/2003,"2,89","2,9","2,9","2,88"
30/12/2003,"2,893","2,872","2,915","2,861"
29/12/2003,"2,872","2,9005","2,909","2,851"
26/12/2003,"2,9","2,912","2,912","2,892"
25/12/2003,"2,903","2,9085","2,9085","2,903"
24/12/2003,"2,9085","2,9085","2,91","2,902"
23/12/2003,"2,9085","2,917","2,929","2,901"
22/12/2003,"2,916","2,922","2,931","2,909"
19/12/2003,"2,922","2,934","2,934","2,915"
18/12/2003,"2,931","2,929","2,944","2,924"
17/12/2003,"2,929","2,942","2,946","2,923"
16/12/2003,"2,94","2,92","2,942","2,914"
15/12/2003,"2,921","2,932","2,937","2,916"
12/12/2003,"2,931","2,939","2,946","2,929"
11/12/2003,"2,939","2,945","2,95","2,93"
10/12/2003,"2,945","2,929","2,951","2,924"
09/12/2003,"2,937","2,936","2,945","2,925"
08/12/2003,"2,941","2,931","2,945","2,929"
05/12/2003,"2,933","2,948","2,949","2,921"
04/12/2003,"2,948","2,928","2,949","2,924"
03/12/2003,"2,927","2,927","2,937","2,92"
02/12/2003,"2,93","2,919","2,933","2,918"
01/12/2003,"2,921","2,941","2,95","2,917"
28/11/2003,"2,945","2,939","2,957","2,935"
27/11/2003,"2,941","2,942","2,956","2,93"
26/11/2003,"2,945","2,93","2,948","2,921"
25/11/2003,"2,929","2,9155","2,937","2,911"
24/11/2003,"2,918","2,922","2,935","2,908"
21/11/2003,"2,9155","2,938","2,94","2,913"
20/11/2003,"2,936","2,941","2,956","2,932"
19/11/2003,"2,942","2,953","2,9652","2,934"
18/11/2003,"2,951","2,939","2,955","2,929"
17/11/2003,"2,94","2,945","2,971","2,92"
14/11/2003,"2,948","2,945","2,951","2,927"
13/11/2003,"2,945","2,897","2,955","2,8955"
12/11/2003,"2,9","2,9","2,9205","2,896"
11/11/2003,"2,905","2,875","2,9089","2,875"
10/11/2003,"2,882","2,8665","2,889","2,86"
07/11/2003,"2,8565","2,8705","2,876","2,852"
06/11/2003,"2,874","2,8565","2,881","2,8565"
05/11/2003,"2,866","2,8615","2,87","2,85"
04/11/2003,"2,861","2,8565","2,87","2,845"
03/11/2003,"2,847","2,866","2,866","2,843"
31/10/2003,"2,866","2,8455","2,88","2,835"
30/10/2003,"2,848","2,838","2,863","2,83"
29/10/2003,"2,835","2,8505","2,857","2,833"
28/10/2003,"2,849","2,87","2,8805","2,844"
27/10/2003,"2,874","2,865","2,884","2,862"
24/10/2003,"2,8675","2,859","2,875","2,855"
23/10/2003,"2,858","2,859","2,879","2,849"
22/10/2003,"2,858","2,845","2,865","2,841"
21/10/2003,"2,844","2,861","2,871","2,841"
20/10/2003,"2,86","2,863","2,893","2,857"
17/10/2003,"2,8675","2,85","2,8715","2,844"
16/10/2003,"2,85","2,837","2,854","2,827"
15/10/2003,"2,836","2,835","2,844","2,815"
14/10/2003,"2,834","2,84","2,85","2,818"
13/10/2003,"2,843","2,825","2,843","2,825"
10/10/2003,"2,828","2,83","2,85","2,821"
09/10/2003,"2,826","2,841","2,859","2,822"
08/10/2003,"2,838","2,855","2,858","2,831"
07/10/2003,"2,853","2,87","2,882","2,851"
06/10/2003,"2,864","2,881","2,89","2,858"
03/10/2003,"2,884","2,886","2,897","2,875"
02/10/2003,"2,881","2,897","2,919","2,88"
01/10/2003,"2,895","2,891","2,912","2,88"
30/09/2003,"2,891","2,926","2,9315","2,886"
29/09/2003,"2,924","2,932","2,945","2,919"
26/09/2003,"2,932","2,938","2,959","2,916"
25/09/2003,"2,939","2,919","2,942","2,911"
24/09/2003,"2,914","2,918","2,943","2,9"
23/09/2003,"2,928","2,9","2,93","2,894"
22/09/2003,"2,892","2,901","2,914","2,89"
19/09/2003,"2,901","2,9","2,914","2,89"
18/09/2003,"2,901","2,905","2,911","2,88"
17/09/2003,"2,904","2,906","2,924","2,891"
16/09/2003,"2,911","2,879","2,913","2,876"
15/09/2003,"2,883","2,9","2,917","2,871"
12/09/2003,"2,9","2,885","2,914","2,881"
11/09/2003,"2,911","2,89","2,922","2,86"
10/09/2003,"2,89","2,937","2,937","2,879"
09/09/2003,"2,921","2,937","2,959","2,91"
08/09/2003,"2,949","2,904","2,953","2,892"
05/09/2003,"2,904","2,924","2,941","2,9"
04/09/2003,"2,936","2,964","2,999","2,922"
03/09/2003,"2,964","2,957","2,968","2,941"
02/09/2003,"2,9535","2,982","2,998","2,95"
01/09/2003,"2,986","2,98","2,988","2,973"
29/08/2003,"2,977","2,955","2,98","2,942"
28/08/2003,"2,954","2,957","2,962","2,934"
27/08/2003,"2,955","2,971","2,982","2,947"
26/08/2003,"2,971","2,994","3,004","2,97"
25/08/2003,3,"2,989","3,002","2,97"
22/08/2003,"2,984","3,003","3,003","2,98"
21/08/2003,"3,001","2,991","3,009","2,988"
20/08/2003,"3,003","3,004","3,013","2,98"
19/08/2003,"2,992","3,001","3,005","2,974"
18/08/2003,"2,991","2,986","3,003","2,963"
15/08/2003,"2,989","3,002","3,002","2,981"
14/08/2003,"3,004","3,002","3,024","2,989"
13/08/2003,"3,006","3,023","3,047","3,002"
12/08/2003,"3,026","2,986","3,033","2,986"
11/08/2003,"3,007","2,981","3,04","2,966"
08/08/2003,"2,985","2,9925","3,008","2,965"
07/08/2003,"2,985","3,05","3,057","2,973"
06/08/2003,"3,05","3,015","3,068","2,996"
05/08/2003,"3,007","3,068","3,068","3,007"
04/08/2003,"3,068","3,068","3,068","3,068"
01/08/2003,"3,026","2,961","3,034","2,96"
31/07/2003,"2,965","2,964","2,985","2,925"
30/07/2003,"2,98","2,932","2,98","2,928"
29/07/2003,"2,936","2,892","2,945","2,892"
28/07/2003,"2,893","2,886","2,9","2,88"
25/07/2003,"2,888","2,884","2,893","2,871"
24/07/2003,"2,886","2,897","2,913","2,875"
23/07/2003,"2,894","2,883","2,898","2,867"
22/07/2003,"2,879","2,879","2,889","2,86"
21/07/2003,"2,873","2,887","2,896","2,869"
18/07/2003,"2,887","2,864","2,887","2,859"
17/07/2003,"2,868","2,85","2,87","2,833"
16/07/2003,"2,844","2,853","2,887","2,838"
15/07/2003,"2,862","2,86","2,869","2,83"
14/07/2003,"2,863","2,89","2,894","2,855"
11/07/2003,"2,89","2,887","2,913","2,885"
10/07/2003,"2,889","2,855","2,904","2,855"
09/07/2003,"2,857","2,864","2,869","2,855"
08/07/2003,"2,867","2,884","2,898","2,86"
07/07/2003,"2,882","2,833","2,885","2,833"
04/07/2003,"2,835","2,819","2,84","2,81"
03/07/2003,"2,822","2,816","2,84","2,81"
02/07/2003,"2,828","2,833","2,844","2,8"
01/07/2003,"2,831","2,839","2,885","2,827"
30/06/2003,"2,835","2,877","2,89","2,834"
27/06/2003,"2,877","2,896","2,93","2,861"
26/06/2003,"2,894","2,857","2,905","2,854"
25/06/2003,"2,885","2,862","2,885","2,83"
24/06/2003,"2,862","2,858","2,887","2,837"
23/06/2003,"2,859","2,89","2,9","2,837"
20/06/2003,"2,89","2,89","2,905","2,875"
19/06/2003,"2,89","2,883","2,89","2,883"
18/06/2003,"2,886","2,863","2,921","2,86"
17/06/2003,"2,871","2,87","2,899","2,849"
16/06/2003,"2,87","2,838","2,874","2,825"
13/06/2003,"2,838","2,86","2,864","2,834"
12/06/2003,"2,863","2,848","2,888","2,838"
11/06/2003,"2,847","2,866","2,882","2,841"
10/06/2003,"2,866","2,858","2,871","2,84"
09/06/2003,"2,868","2,875","2,877","2,846"
06/06/2003,"2,875","2,853","2,9","2,798"
05/06/2003,"2,847","2,911","2,945","2,842"
04/06/2003,"2,912","2,942","2,942","2,885"
03/06/2003,"2,92","2,975","2,978","2,92"
02/06/2003,"2,957","2,963","2,992","2,95"
30/05/2003,"2,971","2,933","2,991","2,933"
29/05/2003,"2,94","3,005","3,008","2,915"
28/05/2003,3,"3,023","3,024",3
27/05/2003,"3,009","3,023","3,065","2,998"
26/05/2003,"3,063","2,912","3,066","2,89"
23/05/2003,"2,913","2,975","2,978","2,9"
22/05/2003,"2,964","2,995","3,006","2,96"
21/05/2003,"3,007","3,033","3,046","2,975"
20/05/2003,"3,015","2,993","3,035","2,985"
19/05/2003,"2,991","2,938","3,005","2,92"
16/05/2003,"2,94","2,963","2,994","2,935"
15/05/2003,"3,001","2,886","3,001","2,886"
14/05/2003,"2,919","2,89","2,92","2,865"
13/05/2003,"2,885","2,858","2,901","2,841"
12/05/2003,"2,866","2,868","2,893","2,855"
09/05/2003,"2,87","2,906","2,906","2,848"
08/05/2003,"2,892","2,943","2,947","2,892"
07/05/2003,"2,947","3,018","3,029","2,932"
06/05/2003,"3,011","3,033","3,085","2,989"
05/05/2003,"3,044","2,938","3,044","2,937"
02/05/2003,"2,965","2,938","2,968","2,885"
01/05/2003,"2,91","2,909","2,91","2,906"
30/04/2003,"2,909","2,905","2,915","2,869"
29/04/2003,"2,91","2,958","2,958","2,877"
28/04/2003,"2,956","3,011","3,015","2,945"
25/04/2003,"3,006","3,006","3,039","2,995"
24/04/2003,"3,015","2,995","3,03","2,975"
23/04/2003,"2,908","3,036","2,927","2,908"
22/04/2003,"3,037","3,028","3,08","2,979"
21/04/2003,"3,03","3,03","3,03","3,03"
18/04/2003,"3,033","3,033","3,033","3,033"
17/04/2003,"3,033","3,088","3,088",3
16/04/2003,"3,09","3,073","3,105","3,032"
15/04/2003,"3,068","3,156","3,164","3,067"
14/04/2003,"3,159","3,199","3,199","3,15"
11/04/2003,"3,199","3,243","3,243","3,191"
10/04/2003,"3,226","3,185","3,25","3,185"
09/04/2003,"3,203","3,178","3,211","3,16"
08/04/2003,"3,191","3,148","3,199","3,12"
07/04/2003,"3,139","3,213","3,213","3,138"
04/04/2003,"3,22","3,248","3,27","3,208"
03/04/2003,"3,259","3,255","3,271","3,222"
02/04/2003,"3,259","3,308","3,308","3,247"
01/04/2003,"3,304","3,363","3,363","3,301"
31/03/2003,"3,361","3,355","3,385","3,32"
28/03/2003,"3,358","3,38","3,39","3,35"
27/03/2003,"3,379","3,389","3,422","3,366"
26/03/2003,"3,386","3,363","3,395","3,35"
25/03/2003,"3,352","3,377","3,47","3,35"
24/03/2003,"3,374","3,4","3,471","3,373"
21/03/2003,"3,4","3,472","3,472","3,395"
20/03/2003,"3,471","3,438","3,492","3,438"
19/03/2003,"3,455","3,438","3,489","3,342"
18/03/2003,"3,451","3,438","3,453","3,343"
17/03/2003,"3,431","3,428","3,459","3,39"
14/03/2003,"3,43","3,4","3,434","3,375"
13/03/2003,"3,406","3,463","3,525","3,391"
12/03/2003,"3,465","3,478","3,497","3,435"
11/03/2003,"3,49","3,518","3,582","3,473"
10/03/2003,"3,526","3,493","3,544","3,49"
07/03/2003,"3,495","3,565","3,565","3,465"
06/03/2003,"3,475","3,548","3,55","3,475"
05/03/2003,"3,55","3,563","3,576","3,533"
04/03/2003,"3,563","3,56","3,563","3,56"
03/03/2003,"3,56","3,563","3,563","3,56"
28/02/2003,"3,568","3,552","3,573","3,549"
27/02/2003,"3,552","3,581","3,603","3,55"
26/02/2003,"3,583","3,579","3,592","3,56"
25/02/2003,"3,581","3,578","3,621","3,56"
24/02/2003,"3,562","3,62","3,62","3,562"
21/02/2003,"3,62","3,61","3,627","3,589"
20/02/2003,"3,606","3,608","3,634","3,528"
19/02/2003,"3,61","3,586","3,615","3,568"
18/02/2003,"3,589","3,613","3,613","3,57"
17/02/2003,"3,608","3,62","3,631","3,6"
14/02/2003,"3,657","3,658","3,672","3,602"
13/02/2003,"3,656","3,598","3,681","3,597"
12/02/2003,"3,604","3,578","3,635","3,57"
11/02/2003,"3,588","3,578","3,593","3,54"
10/02/2003,"3,583","3,58","3,617","3,562"
07/02/2003,"3,584","3,557","3,597","3,543"
06/02/2003,"3,587","3,585","3,622","3,558"
05/02/2003,"3,59","3,541","3,605","3,494"
04/02/2003,"3,57","3,515","3,583","3,506"
03/02/2003,"3,514","3,5","3,541","3,448"
31/01/2003,"3,501","3,54","3,566","3,474"
30/01/2003,"3,539","3,609","3,609","3,53"
29/01/2003,"3,573","3,633","3,688","3,572"
28/01/2003,"3,635","3,613","3,655","3,6"
27/01/2003,"3,636","3,618","3,681","3,601"
24/01/2003,"3,62","3,528","3,642","3,52"
23/01/2003,"3,528","3,48","3,538","3,45"
22/01/2003,"3,531","3,475","3,566","3,47"
21/01/2003,"3,487","3,416","3,489","3,37"
20/01/2003,"3,412","3,371","3,434","3,353"
17/01/2003,"3,369","3,304","3,397","3,303"
16/01/2003,"3,319","3,287","3,323","3,278"
15/01/2003,"3,312","3,253","3,33","3,253"
14/01/2003,"3,257","3,298","3,303","3,235"
13/01/2003,"3,292","3,266","3,31","3,259"
10/01/2003,"3,296","3,314","3,314","3,27"
09/01/2003,"3,313","3,338","3,358","3,29"
08/01/2003,"3,34","3,34","3,344","3,239"
07/01/2003,"3,28","3,43","3,43","3,275"
06/01/2003,"3,335","3,43","3,435","3,32"
03/01/2003,"3,436","3,53","3,53","3,402"
02/01/2003,"3,523","3,535","3,555","3,501"
01/01/2003,"3,535","3,535","3,535","3,535"
31/12/2002,"3,535","3,531","3,535","3,531"
30/12/2002,"3,533","3,533","3,573","3,494"
27/12/2002,"3,535","3,555","3,565","3,467"
26/12/2002,"3,58","3,5","3,58","3,495"
25/12/2002,"3,5","3,5","3,5","3,5"
24/12/2002,"3,5","3,5","3,515","3,442"
23/12/2002,"3,5","3,483","3,515","3,43"
20/12/2002,"3,485","3,473","3,5","3,4"
19/12/2002,"3,471","3,518","3,537","3,45"
18/12/2002,"3,521","3,568","3,568","3,507"
17/12/2002,"3,582","3,593","3,62","3,524"
16/12/2002,"3,614","3,725","3,74","3,585"
13/12/2002,"3,727","3,79","3,79","3,685"
12/12/2002,"3,789","3,747","3,802","3,7"
11/12/2002,"3,746","3,798","3,813","3,712"
10/12/2002,"3,804","3,778","3,811","3,745"
09/12/2002,"3,786","3,745","3,821","3,73"
06/12/2002,"3,745","3,787","3,805","3,698"
05/12/2002,"3,781","3,713","3,8","3,7"
04/12/2002,"3,713","3,683","3,732","3,632"
03/12/2002,"3,666","3,607","3,685","3,6"
02/12/2002,"3,606","3,55","3,65","3,55"
29/11/2002,"3,648","3,55","3,681","3,55"
28/11/2002,"3,598","3,55","3,628","3,55"
27/11/2002,"3,608","3,55","3,612","3,55"
26/11/2002,"3,6","3,55","3,623","3,536"
25/11/2002,"3,55","3,55","3,587","3,515"
22/11/2002,"3,552","3,518","3,59","3,518"
21/11/2002,"3,523","3,508","3,544","3,48"
20/11/2002,"3,512","3,548","3,553","3,475"
19/11/2002,"3,521","3,567","3,637","3,51"
18/11/2002,"3,567","3,65","3,666","3,529"
15/11/2002,"3,685","3,68","3,695","3,66"
14/11/2002,"3,68","3,648","3,728","3,6"
13/11/2002,"3,654","3,6","3,666","3,6"
12/11/2002,"3,618","3,513","3,618","3,509"
11/11/2002,"3,522","3,535","3,54","3,46"
08/11/2002,"3,538","3,56","3,585","3,497"
07/11/2002,"3,582","3,648","3,65","3,546"
06/11/2002,"3,653","3,515","3,664","3,515"
05/11/2002,"3,539","3,585","3,596","3,514"
04/11/2002,"3,55","3,59","3,59","3,491"
01/11/2002,"3,592","3,615","3,653","3,571"
31/10/2002,"3,645","3,703","3,703","3,607"
30/10/2002,"3,71","3,811","3,811","3,657"
29/10/2002,"3,81","3,795","3,85","3,76"
28/10/2002,"3,796","3,72","3,81","3,689"
25/10/2002,"3,725","3,795","3,84","3,71"
24/10/2002,"3,8","3,9","3,904","3,792"
23/10/2002,"3,903","3,898","3,923","3,84"
22/10/2002,"3,901","3,9","3,98","3,882"
21/10/2002,"3,932","3,86","3,935","3,831"
18/10/2002,"3,87","3,895","3,928","3,835"
17/10/2002,"3,9","3,905","3,979","3,825"
16/10/2002,"3,946","3,835","3,965","3,8"
15/10/2002,"3,83","3,835","3,91","3,79"
14/10/2002,"3,82","3,805","3,928","3,77"
11/10/2002,"3,805","3,98","4,001","3,734"
10/10/2002,"3,945","3,912","4,014","3,863"
09/10/2002,"3,9","3,72","3,918","3,72"
08/10/2002,"3,723","3,73","3,771","3,61"
07/10/2002,"3,66","3,61","3,774","3,53"
04/10/2002,"3,61","3,69","3,695","3,59"
03/10/2002,"3,685","3,66","3,74","3,633"
02/10/2002,"3,653","3,6","3,7","3,514"
01/10/2002,"3,59","3,739","3,799","3,57"
30/09/2002,"3,755","3,87","3,949","3,724"
27/09/2002,"3,866","3,75","3,898","3,75"
26/09/2002,"3,752","3,658","3,801","3,658"
25/09/2002,"3,695","3,77","3,775","3,652"
24/09/2002,"3,771","3,567","3,81","3,56"
23/09/2002,"3,566","3,395","3,621","3,395"
20/09/2002,"3,396","3,443","3,473","3,378"
19/09/2002,"3,444","3,348","3,511","3,321"
18/09/2002,"3,35","3,246","3,366","3,243"
17/09/2002,"3,27","3,204","3,274","3,188"
16/09/2002,"3,212","3,155","3,231","3,155"
13/09/2002,"3,155","3,119","3,171","3,119"
12/09/2002,"3,125","3,099","3,135","3,099"
11/09/2002,"3,099","3,131","3,135","3,089"
10/09/2002,"3,124","3,096","3,156","3,094"
09/09/2002,"3,099","3,153","3,17","3,053"
06/09/2002,"3,155","3,148","3,188","3,148"
05/09/2002,"3,15","3,108","3,155","3,1"
04/09/2002,"3,11","3,104","3,152","3,09"
03/09/2002,"3,096","3,056","3,119","3,035"
02/09/2002,"3,059","3,005","3,068",3
30/08/2002,"3,005","3,068","3,068","2,985"
29/08/2002,"3,066","3,115","3,158","3,037"
28/08/2002,"3,118","3,126","3,15","3,061"
27/08/2002,"3,13","3,088","3,137",3
26/08/2002,"3,088","3,085","3,1","3,038"
23/08/2002,"3,107","3,135","3,173","3,08"
22/08/2002,"3,14","3,07","3,182","3,07"
21/08/2002,"3,08","3,093","3,095","3,038"
20/08/2002,"3,095","3,098","3,148","3,053"
19/08/2002,"3,091","3,118","3,155","3,005"
16/08/2002,"3,12","3,205","3,205","3,105"
15/08/2002,"3,205","3,198","3,225","3,125"
14/08/2002,"3,185","3,158","3,235","3,125"
13/08/2002,"3,155","3,155","3,265","3,115"
12/08/2002,"3,15","3,018","3,155","3,018"
09/08/2002,"3,015","2,915","3,075","2,903"
08/08/2002,"2,925","3,01","3,01","2,85"
07/08/2002,"3,01","3,1","3,1","3,01"
06/08/2002,"3,07","3,15","3,25","3,07"
05/08/2002,"3,16","3,003","3,19","2,98"
02/08/2002,3,"3,09","3,13","2,98"
01/08/2002,"3,1","3,45","3,45","3,09"
31/07/2002,"3,44","3,285","3,606","3,279"
30/07/2002,"3,352","3,262","3,362","3,225"
29/07/2002,"3,264",3,"3,279",3
26/07/2002,"3,004","2,994","3,03","2,978"
25/07/2002,"2,993","2,93","3,029","2,93"
24/07/2002,"2,942","2,918","2,966","2,914"
23/07/2002,"2,917","2,902","2,933","2,895"
22/07/2002,"2,905","2,864","2,907","2,863"
19/07/2002,"2,868","2,845","2,883","2,842"
18/07/2002,"2,849","2,89","2,897","2,842"
17/07/2002,"2,895","2,895","2,913","2,864"
16/07/2002,"2,873","2,873","2,881","2,86"
15/07/2002,"2,853","2,853","2,872","2,827"
12/07/2002,"2,808","2,808","2,831","2,795"
11/07/2002,"2,792","2,792","2,858","2,792"
10/07/2002,"2,846","2,846","2,861","2,845"
09/07/2002,"2,85","2,856","2,872","2,844"
08/07/2002,"2,86","2,88","2,898","2,838"
05/07/2002,"2,88","2,89","2,898","2,84"
04/07/2002,"2,855","2,86","2,873","2,827"
03/07/2002,"2,858","2,89","2,93","2,817"
02/07/2002,"2,893","2,896","2,94","2,872"
01/07/2002,"2,896","2,818","2,904","2,79"
28/06/2002,"2,815","2,822","2,853","2,78"
27/06/2002,"2,822","2,851","2,885","2,82"
26/06/2002,"2,853","2,819","2,889","2,815"
25/06/2002,"2,82","2,76","2,841","2,76"
24/06/2002,"2,777","2,829","2,863","2,753"
21/06/2002,"2,829","2,773","2,842","2,75"
20/06/2002,"2,773","2,705","2,805","2,705"
19/06/2002,"2,706","2,713","2,731","2,687"
18/06/2002,"2,713","2,65","2,725","2,645"
17/06/2002,"2,651","2,715","2,715","2,639"
14/06/2002,"2,715","2,706","2,753","2,688"
13/06/2002,"2,706","2,779","2,779","2,69"
12/06/2002,"2,779","2,72","2,794","2,707"
11/06/2002,"2,721","2,635","2,721","2,626"
10/06/2002,"2,634","2,635","2,645","2,625"
07/06/2002,"2,635","2,66","2,695","2,625"
06/06/2002,"2,66","2,605","2,676","2,6"
05/06/2002,"2,605","2,605","2,623","2,595"
04/06/2002,"2,604","2,53","2,604","2,53"
03/06/2002,"2,534","2,517","2,556","2,51"
31/05/2002,"2,517","2,511","2,533","2,509"
30/05/2002,"2,511","2,51","2,511","2,51"
29/05/2002,"2,51","2,526","2,526","2,508"
28/05/2002,"2,527","2,523","2,532","2,518"
27/05/2002,"2,523","2,518","2,53","2,507"
24/05/2002,"2,518","2,528","2,542","2,514"
23/05/2002,"2,527","2,523","2,548","2,511"
22/05/2002,"2,525","2,481","2,525","2,481"
21/05/2002,"2,481","2,481","2,491","2,47"
20/05/2002,"2,482","2,468","2,49","2,461"
17/05/2002,"2,474","2,465","2,49","2,454"
16/05/2002,"2,465","2,508","2,51","2,458"
15/05/2002,"2,503","2,506","2,528","2,492"
14/05/2002,"2,506","2,518","2,551","2,491"
13/05/2002,"2,518","2,46","2,531","2,46"
10/05/2002,"2,46","2,47","2,499","2,457"
09/05/2002,"2,471","2,437","2,486","2,435"
08/05/2002,"2,438","2,433","2,444","2,422"
07/05/2002,"2,433","2,418","2,438","2,406"
06/05/2002,"2,418","2,412","2,439","2,408"
03/05/2002,"2,405","2,397","2,424","2,397"
02/05/2002,"2,397","2,366","2,406","2,364"
01/05/2002,"2,36","2,36","2,36","2,36"
30/04/2002,"2,36","2,363","2,368","2,355"
29/04/2002,"2,363","2,37","2,376","2,356"
26/04/2002,"2,37","2,363","2,373","2,348"
25/04/2002,"2,363","2,359","2,375","2,355"
24/04/2002,"2,35","2,36","2,362","2,348"
23/04/2002,"2,36","2,34","2,363","2,336"
22/04/2002,"2,342","2,33","2,344","2,32"
19/04/2002,"2,332","2,324","2,333","2,313"
18/04/2002,"2,324","2,323","2,343","2,316"
17/04/2002,"2,322","2,319","2,325","2,309"
16/04/2002,"2,32","2,32","2,327","2,308"
15/04/2002,"2,32","2,291","2,327","2,291"
12/04/2002,"2,293","2,281","2,306","2,281"
11/04/2002,"2,28","2,266","2,284","2,257"
10/04/2002,"2,264","2,278","2,285","2,251"
09/04/2002,"2,278","2,291","2,292","2,272"
08/04/2002,"2,292","2,275","2,299","2,275"
05/04/2002,"2,276","2,3","2,304","2,275"
04/04/2002,"2,3","2,315","2,321","2,296"
03/04/2002,"2,315","2,298","2,322","2,281"
02/04/2002,"2,297","2,301","2,307","2,293"
01/04/2002,"2,302","2,325","2,332","2,288"
29/03/2002,"2,324","2,317","2,325","2,317"
28/03/2002,"2,324","2,322","2,331","2,314"
27/03/2002,"2,322","2,353","2,356","2,316"
26/03/2002,"2,346","2,364","2,364","2,34"
25/03/2002,"2,364","2,36","2,374","2,351"
22/03/2002,"2,361","2,341","2,37","2,337"
21/03/2002,"2,342","2,342","2,353","2,339"
20/03/2002,"2,343","2,34","2,347","2,33"
19/03/2002,"2,341","2,339","2,349","2,336"
18/03/2002,"2,34","2,385","2,385","2,332"
15/03/2002,"2,345","2,354","2,364","2,337"
14/03/2002,"2,342","2,347","2,363","2,333"
13/03/2002,"2,348","2,335","2,361","2,32"
12/03/2002,"2,328","2,355","2,365","2,322"
11/03/2002,"2,355","2,349","2,361","2,333"
08/03/2002,"2,35","2,374","2,377","2,335"
07/03/2002,"2,374","2,366","2,381","2,354"
06/03/2002,"2,366","2,33","2,372","2,327"
05/03/2002,"2,33","2,325","2,341","2,313"
04/03/2002,"2,323","2,341","2,353","2,318"
01/03/2002,"2,343","2,363","2,372","2,34"
28/02/2002,"2,364","2,355","2,368","2,335"
27/02/2002,"2,355","2,392","2,422","2,349"
26/02/2002,"2,393","2,383","2,412","2,367"
25/02/2002,"2,393","2,413","2,419","2,383"
22/02/2002,"2,421","2,42","2,434","2,419"
21/02/2002,"2,421","2,42","2,428","2,416"
20/02/2002,"2,419","2,436","2,436","2,394"
19/02/2002,"2,423","2,434","2,434","2,412"
18/02/2002,"2,429","2,423","2,436","2,422"
15/02/2002,"2,426","2,43","2,443","2,423"
14/02/2002,"2,43","2,41","2,432","2,401"
13/02/2002,"2,409","2,46","2,46","2,407"
12/02/2002,"2,455","2,492","2,492","2,455"
11/02/2002,"2,455","2,408","2,455","2,408"
08/02/2002,"2,458","2,433","2,481","2,433"
07/02/2002,"2,461","2,438","2,467","2,437"
06/02/2002,"2,438","2,419","2,44","2,409"
05/02/2002,"2,419","2,423","2,431","2,412"
04/02/2002,"2,424","2,416","2,43","2,415"
01/02/2002,"2,409","2,411","2,425","2,409"
31/01/2002,"2,412","2,43","2,43","2,403"
30/01/2002,"2,431","2,437","2,469","2,424"
29/01/2002,"2,435","2,426","2,444","2,412"
28/01/2002,"2,427","2,409","2,434","2,404"
25/01/2002,"2,408","2,375","2,411","2,374"
24/01/2002,"2,395","2,378","2,411","2,377"
23/01/2002,"2,377","2,378","2,394","2,373"
22/01/2002,"2,379","2,368","2,385","2,356"
21/01/2002,"2,369","2,36","2,384","2,36"
18/01/2002,"2,364","2,376","2,389","2,36"
17/01/2002,"2,381","2,363","2,392","2,352"
16/01/2002,"2,363","2,373","2,397","2,355"
15/01/2002,"2,374","2,394","2,394","2,349"
14/01/2002,"2,394","2,405","2,418","2,388"
11/01/2002,"2,399","2,421","2,453","2,397"
10/01/2002,"2,422","2,374","2,434","2,373"
09/01/2002,"2,374","2,353","2,392","2,353"
08/01/2002,"2,373","2,325","2,381","2,321"
07/01/2002,"2,326","2,329","2,36","2,322"
04/01/2002,"2,33","2,293","2,341","2,293"
03/01/2002,"2,294","2,31","2,31","2,276"
02/01/2002,"2,301","2,31","2,316","2,279"
31/12/2001,"2,31","2,31","2,31","2,31"
28/12/2001,"2,311","2,329","2,332","2,297"
27/12/2001,"2,33","2,318","2,338","2,306"
26/12/2001,"2,319","2,336","2,357","2,3"
25/12/2001,"2,338","2,338","2,338","2,338"
24/12/2001,"2,338","2,337","2,3425","2,332"
21/12/2001,"2,341","2,333","2,353","2,314"
20/12/2001,"2,334","2,299","2,356","2,299"
19/12/2001,"2,3","2,322","2,322","2,273"
18/12/2001,"2,323","2,353","2,379","2,299"
17/12/2001,"2,354","2,375","2,384","2,342"
14/12/2001,"2,376","2,37","2,394","2,337"
13/12/2001,"2,371","2,354","2,393","2,354"
12/12/2001,"2,355","2,377","2,379","2,34"
11/12/2001,"2,378","2,33","2,393","2,315"
10/12/2001,"2,331","2,365","2,375","2,329"
07/12/2001,"2,388","2,417","2,417","2,384"
06/12/2001,"2,418","2,426","2,455","2,413"
05/12/2001,"2,434","2,433","2,451","2,408"
04/12/2001,"2,436","2,449","2,449","2,414"
03/12/2001,"2,451","2,493","2,495","2,443"
30/11/2001,"2,494","2,547","2,562","2,483"
29/11/2001,"2,545","2,484","2,55","2,472"
28/11/2001,"2,481","2,469","2,493","2,469"
27/11/2001,"2,47","2,454","2,483","2,447"
26/11/2001,"2,453","2,484","2,5","2,45"
23/11/2001,"2,502","2,531","2,531","2,497"
22/11/2001,"2,532","2,533","2,545","2,532"
21/11/2001,"2,543","2,549","2,557","2,526"
20/11/2001,"2,55","2,527","2,556","2,519"
19/11/2001,"2,518","2,512","2,528","2,497"
16/11/2001,"2,525","2,546","2,552","2,523"
15/11/2001,"2,543","2,543","2,543","2,543"
14/11/2001,"2,544","2,529","2,549","2,52"
13/11/2001,"2,53","2,548","2,548","2,507"
12/11/2001,"2,549","2,536","2,574","2,531"
09/11/2001,"2,537","2,5305","2,553","2,519"
08/11/2001,"2,531","2,571","2,576","2,516"
07/11/2001,"2,56","2,621","2,649","2,549"
06/11/2001,"2,607","2,592","2,648","2,585"
05/11/2001,"2,581","2,645","2,65","2,581"
02/11/2001,"2,671","2,671","2,671","2,671"
01/11/2001,"2,672","2,672","2,67","2,667"
31/10/2001,"2,695","2,725","2,727","2,658"
30/10/2001,"2,722","2,694","2,737","2,694"
29/10/2001,"2,722","2,725","2,755","2,703"
26/10/2001,"2,723","2,714","2,743","2,712"
25/10/2001,"2,715","2,76","2,775","2,697"
24/10/2001,"2,757","2,731","2,779","2,726"
23/10/2001,"2,729","2,713","2,738","2,697"
22/10/2001,"2,718","2,776","2,776","2,679"
19/10/2001,"2,732","2,758","2,776","2,718"
18/10/2001,"2,758","2,742","2,76","2,733"
17/10/2001,"2,721","2,712","2,746","2,7"
16/10/2001,"2,707","2,747","2,762","2,71"
15/10/2001,"2,77","2,782","2,786","2,748"
12/10/2001,"2,78","2,78","2,78","2,78"
11/10/2001,"2,78","2,77","2,8","2,77"
10/10/2001,"2,77","2,788","2,792","2,755"
09/10/2001,"2,78","2,7685","2,791","2,758"
08/10/2001,"2,77","2,794","2,806","2,746"
05/10/2001,"2,772","2,735","2,777","2,678"
04/10/2001,"2,745","2,734","2,755","2,696"
03/10/2001,"2,732","2,7045","2,738","2,7045"
02/10/2001,"2,707","2,701","2,708","2,697"
01/10/2001,"2,68","2,693","2,694","2,678"
28/09/2001,"2,669","2,674","2,692","2,663"
27/09/2001,"2,673","2,695","2,718","2,665"
26/09/2001,"2,737","2,72","2,769","2,701"
25/09/2001,"2,71","2,699","2,742","2,67"
24/09/2001,"2,683","2,8295","2,83","2,683"
21/09/2001,"2,829","2,756","2,839","2,73"
20/09/2001,"2,767","2,722","2,776","2,706"
19/09/2001,"2,71","2,6935","2,725","2,693"
18/09/2001,"2,694","2,666","2,696","2,666"
17/09/2001,"2,666","2,664","2,678","2,66"
14/09/2001,"2,686","2,658","2,724","2,653"
13/09/2001,"2,657","2,695","2,732","2,653"
12/09/2001,"2,687","2,66","2,69","2,65"
11/09/2001,"2,66","2,602","2,689","2,6"
10/09/2001,"2,604","2,58","2,607","2,5643"
07/09/2001,"2,581","2,581","2,581","2,5643"
06/09/2001,"2,582","2,576","2,599","2,55"
05/09/2001,"2,577","2,563","2,585","2,559"
04/09/2001,"2,554","2,555","2,569","2,547"
03/09/2001,"2,565","2,5643","2,571","2,55"
31/08/2001,"2,563","2,535","2,567","2,535"
30/08/2001,"2,53","2,544","2,582","2,527"
29/08/2001,"2,544","2,5575","2,559","2,5173"
28/08/2001,"2,557","2,554","2,567","2,546"
27/08/2001,"2,557","2,55","2,562","2,535"
24/08/2001,"2,545","2,527","2,557","2,527"
23/08/2001,"2,528","2,512","2,541","2,509"
22/08/2001,"2,521","2,5475","2,5475","2,499"
21/08/2001,"2,549","2,516","2,563","2,516"
20/08/2001,"2,517","2,542","2,548","2,507"
17/08/2001,"2,518","2,515","2,536","2,514"
16/08/2001,"2,501","2,487","2,516","2,469"
15/08/2001,"2,488","2,513","2,514","2,473"
14/08/2001,"2,516","2,514","2,521","2,5"
13/08/2001,"2,499","2,475","2,506","2,468"
10/08/2001,"2,461","2,476","2,492","2,46"
09/08/2001,"2,475","2,46","2,48","2,455"
08/08/2001,"2,47","2,467","2,49","2,449"
07/08/2001,"2,484","2,442","2,487","2,437"
06/08/2001,"2,455","2,47","2,48","2,449"
03/08/2001,"2,501","2,489","2,509","2,455"
02/08/2001,"2,49","2,471","2,502","2,463"
01/08/2001,"2,5","2,478","2,513","2,476"
31/07/2001,"2,472","2,412","2,479","2,4"
30/07/2001,"2,425","2,407","2,448","2,402"
27/07/2001,"2,454","2,477","2,514","2,45"
26/07/2001,"2,514","2,485","2,519","2,465"
25/07/2001,"2,486","2,505","2,508","2,439"
24/07/2001,"2,468","2,468","2,474","2,428"
23/07/2001,"2,413","2,426","2,429","2,399"
20/07/2001,"2,447","2,499","2,499","2,44"
19/07/2001,"2,504","2,509","2,531","2,478"
18/07/2001,"2,504","2,447","2,526","2,447"
17/07/2001,"2,498","2,533","2,55","2,491"
16/07/2001,"2,577","2,594","2,607","2,571"
13/07/2001,"2,556","2,523","2,601","2,523"
12/07/2001,"2,55","2,585","2,602","2,52"
11/07/2001,"2,499","2,537","2,567","2,49"
10/07/2001,"2,498","2,45","2,506","2,442"
09/07/2001,"2,445","2,431","2,468","2,431"
06/07/2001,"2,429","2,471","2,555","2,42"
05/07/2001,"2,5","2,4185","2,5","2,386"
04/07/2001,"2,418","2,347","2,422","2,347"
03/07/2001,"2,349","2,332","2,352","2,33"
02/07/2001,"2,328","2,317","2,336","2,308"
29/06/2001,"2,31","2,312","2,32","2,297"
28/06/2001,"2,314","2,302","2,314","2,274"
27/06/2001,"2,276","2,331","2,336","2,266"
26/06/2001,"2,333","2,2985","2,335","2,298"
25/06/2001,"2,298","2,28","2,319","2,28"
22/06/2001,"2,295","2,37","2,371","2,295"
21/06/2001,"2,368","2,457","2,457","2,368"
20/06/2001,"2,473","2,478","2,484","2,461"
19/06/2001,"2,478","2,455","2,484","2,452"
18/06/2001,"2,464","2,413","2,476","2,41"
15/06/2001,"2,417","2,413","2,417","2,4"
14/06/2001,"2,423","2,423","2,423","2,423"
13/06/2001,"2,423","2,408","2,426","2,397"
12/06/2001,"2,403","2,38","2,405","2,38"
11/06/2001,"2,381","2,358","2,382","2,358"
08/06/2001,"2,358","2,359","2,374","2,352"
07/06/2001,"2,361","2,385","2,396","2,358"
06/06/2001,"2,386","2,376","2,392","2,37"
05/06/2001,"2,388","2,383","2,392","2,377"
04/06/2001,"2,384","2,375","2,386","2,353"
01/06/2001,"2,38","2,379","2,393","2,37"
31/05/2001,"2,38","2,34","2,385","2,338"
30/05/2001,"2,344","2,344","2,364","2,338"
29/05/2001,"2,346","2,338","2,351","2,33"
28/05/2001,"2,338","2,316","2,34","2,309"
25/05/2001,"2,318","2,351","2,375","2,311"
24/05/2001,"2,353","2,343","2,37","2,333"
23/05/2001,"2,345","2,329","2,351","2,327"
22/05/2001,"2,324","2,317","2,329","2,294"
21/05/2001,"2,319","2,306","2,334","2,305"
18/05/2001,"2,303","2,303","2,306","2,285"
17/05/2001,"2,297","2,3095","2,323","2,295"
16/05/2001,"2,309","2,336","2,338","2,308"
15/05/2001,"2,337","2,312","2,343","2,312"
14/05/2001,"2,313","2,281","2,318","2,279"
11/05/2001,"2,282","2,261","2,296","2,251"
10/05/2001,"2,261","2,258","2,28","2,252"
09/05/2001,"2,262","2,242","2,266","2,239"
08/05/2001,"2,243","2,214","2,249","2,212"
07/05/2001,"2,214","2,2095","2,218","2,191"
04/05/2001,"2,212","2,21","2,23","2,199"
03/05/2001,"2,211","2,241","2,25","2,205"
02/05/2001,"2,239","2,214","2,239","2,211"
01/05/2001,"2,2","2,199","2,2","2,199"
30/04/2001,"2,2","2,2","2,204","2,174"
27/04/2001,"2,201","2,2415","2,248","2,197"
26/04/2001,"2,241","2,286","2,2865","2,237"
25/04/2001,"2,287","2,273","2,31","2,2725"
24/04/2001,"2,269","2,255","2,269","2,246"
23/04/2001,"2,258","2,2335","2,278","2,2265"
20/04/2001,"2,234","2,186","2,271","2,186"
19/04/2001,"2,2","2,179","2,217","2,175"
18/04/2001,"2,18","2,195","2,195","2,165"
17/04/2001,"2,196","2,192","2,2","2,182"
16/04/2001,"2,194","2,157","2,195","2,157"
13/04/2001,"2,153","2,153","2,153","2,153"
12/04/2001,"2,153","2,152","2,171","2,149"
11/04/2001,"2,153","2,135","2,16","2,131"
10/04/2001,"2,137","2,156","2,156","2,132"
09/04/2001,"2,156","2,163","2,17","2,153"
06/04/2001,"2,165","2,151","2,169","2,144"
05/04/2001,"2,153","2,172","2,172","2,146"
04/04/2001,"2,173","2,179","2,179","2,158"
03/04/2001,"2,176","2,164","2,18","2,164"
02/04/2001,"2,166","2,151","2,17","2,149"
30/03/2001,"2,152","2,151","2,172","2,147"
29/03/2001,"2,152","2,124","2,154","2,123"
28/03/2001,"2,126","2,118","2,127","2,107"
27/03/2001,"2,12","2,132","2,132","2,108"
26/03/2001,"2,133","2,148","2,153","2,125"
23/03/2001,"2,171","2,16","2,177","2,148"
22/03/2001,"2,162","2,116","2,163","2,116"
21/03/2001,"2,121","2,083","2,13","2,082"
20/03/2001,"2,082","2,114","2,123","2,077"
19/03/2001,"2,114","2,123","2,176","2,102"
16/03/2001,"2,126","2,094","2,141","2,094"
15/03/2001,"2,102","2,076","2,105","2,072"
14/03/2001,"2,078","2,06","2,084","2,06"
13/03/2001,"2,061","2,067","2,0705","2,052"
12/03/2001,"2,065","2,045","2,067","2,045"
09/03/2001,"2,044","2,05","2,066","2,042"
08/03/2001,"2,052","2,039","2,06","2,029"
07/03/2001,"2,04","2,038","2,049","2,032"
06/03/2001,"2,033","2,019","2,039","2,014"
05/03/2001,"2,021","2,0305","2,032","2,017"
02/03/2001,"2,0255","2,033","2,044","2,022"
01/03/2001,"2,04","2,046","2,048","2,037"
28/02/2001,"2,0455","2,034","2,046","2,032"
27/02/2001,"2,034","2,0315","2,035","2,03"
26/02/2001,"2,031","2,035","2,035","2,026"
23/02/2001,"2,037","2,042","2,05","2,033"
22/02/2001,"2,042","2,043","2,048","2,026"
21/02/2001,"2,046","2,008","2,047","2,005"
20/02/2001,"2,008","2,003","2,011","1,994"
19/02/2001,"2,0015","1,993","2,005","1,993"
16/02/2001,"2,003","1,987","2,007","1,987"
15/02/2001,"1,988","1,985","1,989","1,977"
14/02/2001,"1,985","1,984","1,993","1,975"
13/02/2001,"1,985","1,982","1,987","1,975"
12/02/2001,"1,982","1,982","1,983","1,977"
09/02/2001,"1,983","1,989","1,994","1,977"
08/02/2001,"1,991","2,002","2,009","1,989"
07/02/2001,"2,002","2,002","2,006","1,998"
06/02/2001,"2,002","1,999","2,005","1,994"
05/02/2001,"1,999","1,991","2,005","1,988"
02/02/2001,"1,989","1,988","1,996","1,984"
01/02/2001,"1,989","1,97","1,99","1,97"
31/01/2001,"1,97","1,9645","1,976","1,964"
30/01/2001,"1,964","1,9735","1,98","1,963"
29/01/2001,"1,973","1,973","1,977","1,97"
26/01/2001,"1,973","1,974","1,9783","1,969"
25/01/2001,"1,973","1,968","1,979","1,968"
24/01/2001,"1,968","1,961","1,97","1,957"
23/01/2001,"1,96","1,956","1,961","1,953"
22/01/2001,"1,956","1,956","1,96","1,955"
19/01/2001,"1,957","1,954","1,96","1,949"
18/01/2001,"1,954","1,9555","1,9638","1,95"
17/01/2001,"1,955","1,951","1,96","1,947"
16/01/2001,"1,951","1,947","1,956","1,947"
15/01/2001,"1,947","1,949","1,949","1,944"
12/01/2001,"1,9495","1,954","1,962","1,945"
11/01/2001,"1,954","1,9425","1,957","1,942"
10/01/2001,"1,942","1,941","1,946","1,9385"
09/01/2001,"1,942","1,9485","1,95","1,94"
08/01/2001,"1,949","1,955","1,9575","1,948"
05/01/2001,"1,9544","1,941","1,957","1,94"
04/01/2001,"1,9414","1,9298","1,9414","1,929"
03/01/2001,"1,929","1,941","1,9465","1,929"
02/01/2001,"1,942","1,9498","1,9498","1,934"
29/12/2000,"1,949","1,949","1,949","1,949"
28/12/2000,"1,949","1,958","1,96","1,948"
27/12/2000,"1,958","1,96","1,967","1,956"
26/12/2000,"1,959","1,958","1,961","1,954"
25/12/2000,"1,958","1,958","1,958","1,958"
22/12/2000,"1,958","1,953","1,962","1,948"
21/12/2000,"1,953","1,958","1,963","1,95"
20/12/2000,"1,959","1,953","1,96","1,953"
19/12/2000,"1,954","1,957","1,959","1,949"
18/12/2000,"1,954","1,953","1,96","1,949"
15/12/2000,"1,965","1,963","1,971","1,96"
14/12/2000,"1,963","1,964","1,967","1,96"
13/12/2000,"1,954","1,966","1,967","1,95"
12/12/2000,"1,966","1,966","1,972","1,965"
11/12/2000,"1,966","1,959","1,969","1,959"
08/12/2000,"1,967","1,973","1,973","1,963"
07/12/2000,"1,973","1,974","1,977","1,964"
06/12/2000,"1,974","1,956","1,975","1,956"
05/12/2000,"1,956","1,978","1,978","1,954"
04/12/2000,"1,978","1,974","1,987","1,974"
01/12/2000,"1,971","1,979","1,989","1,97"
30/11/2000,"1,979","1,957","1,984","1,951"
29/11/2000,"1,956","1,966","1,969","1,952"
28/11/2000,"1,966","1,969","1,982","1,965"
27/11/2000,"1,969","1,956","1,971","1,951"
24/11/2000,"1,958","1,952","1,96","1,949"
23/11/2000,"1,952","1,93","1,952","1,93"
22/11/2000,"1,93","1,919","1,937","1,919"
21/11/2000,"1,919","1,914","1,932","1,892"
20/11/2000,"1,916","1,968","1,97","1,913"
17/11/2000,"1,966","1,95","1,971","1,95"
16/11/2000,"1,95","1,946","1,951","1,944"
15/11/2000,"1,943","1,947","1,947","1,943"
14/11/2000,"1,951","1,949","1,952","1,938"
13/11/2000,"1,949","1,95","1,96","1,949"
10/11/2000,"1,951","1,968","1,968","1,94"
09/11/2000,"1,968","1,968","1,98","1,959"
08/11/2000,"1,968","1,952","1,974","1,941"
07/11/2000,"1,953","1,938","1,967","1,938"
06/11/2000,"1,938","1,938","1,952","1,934"
03/11/2000,"1,941","1,916","1,948","1,911"
02/11/2000,"1,917","1,92","1,92","1,917"
01/11/2000,"1,92","1,899","1,924","1,897"
31/10/2000,"1,899","1,911","1,912","1,898"
30/10/2000,"1,914","1,914","1,92","1,909"
27/10/2000,"1,915","1,935","1,936","1,91"
26/10/2000,"1,936","1,93","1,945","1,924"
25/10/2000,"1,928","1,911","1,935","1,908"
24/10/2000,"1,908","1,9","1,911","1,891"
23/10/2000,"1,9","1,886","1,9","1,884"
20/10/2000,"1,884","1,876","1,887","1,875"
19/10/2000,"1,876","1,871","1,877","1,867"
18/10/2000,"1,873","1,87","1,883","1,87"
17/10/2000,"1,87","1,865","1,872","1,861"
16/10/2000,"1,865","1,868","1,874","1,864"
13/10/2000,"1,868","1,868","1,882","1,864"
12/10/2000,"1,859","1,861","1,861","1,859"
11/10/2000,"1,861","1,856","1,862","1,855"
10/10/2000,"1,858","1,853","1,858","1,847"
09/10/2000,"1,853","1,854","1,86","1,851"
06/10/2000,"1,854","1,847","1,857","1,845"
05/10/2000,"1,846","1,852","1,852","1,846"
04/10/2000,"1,852","1,853","1,854","1,845"
03/10/2000,"1,853","1,851","1,855","1,844"
02/10/2000,"1,851","1,842","1,851","1,84"
29/09/2000,"1,843","1,843","1,845","1,84"
28/09/2000,"1,843","1,848","1,849","1,841"
27/09/2000,"1,849","1,85","1,851","1,844"
26/09/2000,"1,85","1,848","1,854","1,844"
25/09/2000,"1,845","1,843","1,848","1,837"
22/09/2000,"1,843","1,855","1,864","1,843"
21/09/2000,"1,855","1,854","1,859","1,848"
20/09/2000,"1,854","1,849","1,862","1,849"
19/09/2000,"1,849","1,857","1,857","1,848"
18/09/2000,"1,857","1,843","1,861","1,843"
15/09/2000,"1,843","1,837","1,848","1,837"
14/09/2000,"1,837","1,83","1,838","1,827"
13/09/2000,"1,83","1,828","1,833","1,827"
12/09/2000,"1,828","1,818","1,829","1,818"
11/09/2000,"1,82","1,815","1,822","1,814"
08/09/2000,"1,815","1,819","1,823","1,815"
07/09/2000,"1,819","1,821","1,825","1,819"
06/09/2000,"1,819","1,821","1,822","1,816"
05/09/2000,"1,82","1,825","1,829","1,82"
04/09/2000,"1,825","1,823","1,827","1,822"
01/09/2000,"1,823","1,823","1,824","1,819"
31/08/2000,"1,823","1,822","1,826","1,817"
30/08/2000,"1,822","1,826","1,83","1,819"
29/08/2000,"1,826","1,831","1,837","1,826"
28/08/2000,"1,831","1,821","1,831","1,821"
25/08/2000,"1,822","1,819","1,823","1,818"
24/08/2000,"1,819","1,821","1,822","1,817"
23/08/2000,"1,821","1,817","1,822","1,814"
22/08/2000,"1,817","1,822","1,822","1,813"
21/08/2000,"1,822","1,816","1,822","1,813"
18/08/2000,"1,816","1,808","1,818","1,808"
17/08/2000,"1,808","1,81","1,814","1,803"
16/08/2000,"1,81","1,803","1,813","1,803"
15/08/2000,"1,803","1,803","1,807","1,799"
14/08/2000,"1,803","1,8","1,805","1,794"
11/08/2000,"1,801","1,795","1,801","1,791"
10/08/2000,"1,795","1,796","1,797","1,792"
09/08/2000,"1,796","1,793","1,797","1,792"
08/08/2000,"1,793","1,797","1,8","1,792"
07/08/2000,"1,797","1,791","1,797","1,791"
04/08/2000,"1,791","1,793","1,794","1,787"
03/08/2000,"1,793","1,792","1,81","1,779"
02/08/2000,"1,795","1,788","1,796","1,779"
01/08/2000,"1,788","1,774","1,79","1,774"
31/07/2000,"1,783","1,78","1,785","1,768"
28/07/2000,"1,784","1,78","1,793","1,77"
27/07/2000,"1,779","1,786","1,79","1,776"
26/07/2000,"1,786","1,791","1,793","1,786"
25/07/2000,"1,791","1,79","1,793","1,785"
24/07/2000,"1,79","1,794","1,796","1,789"
21/07/2000,"1,796","1,795","1,796","1,786"
20/07/2000,"1,795","1,805","1,805","1,795"
19/07/2000,"1,802","1,802","1,807","1,8"
18/07/2000,"1,796","1,795","1,802","1,794"
17/07/2000,"1,798","1,801","1,804","1,79"
14/07/2000,"1,792","1,81","1,813","1,792"
13/07/2000,"1,81","1,802","1,827","1,792"
12/07/2000,"1,802","1,802","1,808","1,798"
11/07/2000,"1,802","1,793","1,803","1,792"
10/07/2000,"1,793","1,805","1,805","1,792"
07/07/2000,"1,799","1,8","1,801","1,793"
06/07/2000,"1,8","1,802","1,802","1,793"
05/07/2000,"1,802","1,808","1,809","1,801"
04/07/2000,"1,808","1,813","1,818","1,806"
03/07/2000,"1,813","1,802","1,815","1,8"
30/06/2000,"1,806","1,812","1,812","1,795"
29/06/2000,"1,812","1,819","1,823","1,808"
28/06/2000,"1,819","1,822","1,822","1,816"
27/06/2000,"1,822","1,821","1,827","1,819"
26/06/2000,"1,821","1,824","1,829","1,821"
23/06/2000,"1,825","1,811","1,826","1,811"
22/06/2000,"1,811","1,81","1,811","1,81"
21/06/2000,"1,81","1,8","1,813","1,8"
20/06/2000,"1,8","1,8","1,803","1,796"
19/06/2000,"1,802","1,802","1,804","1,8"
16/06/2000,"1,802","1,807","1,81","1,801"
15/06/2000,"1,81","1,809","1,811","1,805"
14/06/2000,"1,809","1,811","1,813","1,804"
13/06/2000,"1,811","1,805","1,813","1,805"
12/06/2000,"1,805","1,795","1,806","1,795"
09/06/2000,"1,801","1,802","1,806","1,796"
08/06/2000,"1,802","1,794","1,803","1,785"
07/06/2000,"1,794","1,802","1,806","1,794"
06/06/2000,"1,802","1,79","1,802","1,783"
05/06/2000,"1,79","1,796","1,798","1,789"
02/06/2000,"1,8","1,819","1,819","1,8"
01/06/2000,"1,819","1,823","1,824","1,814"
31/05/2000,"1,823","1,83","1,83","1,82"
30/05/2000,"1,83","1,836","1,836","1,828"
29/05/2000,"1,836","1,836","1,84","1,833"
26/05/2000,"1,835","1,846","1,849","1,835"
25/05/2000,"1,846","1,84","1,847","1,834"
24/05/2000,"1,84","1,854","1,855","1,84"
23/05/2000,"1,854","1,852","1,857","1,846"
22/05/2000,"1,85","1,839","1,859","1,835"
19/05/2000,"1,839","1,834","1,846","1,834"
18/05/2000,"1,834","1,829","1,835","1,825"
17/05/2000,"1,829","1,817","1,832","1,817"
16/05/2000,"1,817","1,823","1,825","1,815"
15/05/2000,"1,823","1,835","1,845","1,822"
12/05/2000,"1,836","1,825","1,837","1,822"
11/05/2000,"1,825","1,819","1,825","1,813"
10/05/2000,"1,819","1,81","1,819","1,81"
09/05/2000,"1,81","1,806","1,81","1,803"
08/05/2000,"1,806","1,803","1,808","1,802"
05/05/2000,"1,799","1,81","1,82","1,799"
04/05/2000,"1,81","1,815","1,817","1,808"
03/05/2000,"1,815","1,802","1,82","1,802"
02/05/2000,"1,802","1,798","1,803","1,795"
01/05/2000,"1,804","1,804","1,804","1,804"
28/04/2000,"1,804","1,804","1,808","1,8"
27/04/2000,"1,804","1,801","1,816","1,801"
26/04/2000,"1,801","1,788","1,803","1,781"
25/04/2000,"1,788","1,792","1,792","1,784"
24/04/2000,"1,792","1,782","1,794","1,782"
21/04/2000,"1,776","1,776","1,776","1,776"
20/04/2000,"1,776","1,775","1,783","1,77"
19/04/2000,"1,775","1,766","1,776","1,76"
18/04/2000,"1,76","1,78","1,78","1,756"
17/04/2000,"1,775","1,785","1,799","1,775"
14/04/2000,"1,785","1,788","1,794","1,772"
13/04/2000,"1,78","1,753","1,785","1,752"
12/04/2000,"1,754","1,744","1,756","1,744"
11/04/2000,"1,742","1,743","1,751","1,741"
10/04/2000,"1,742","1,735","1,742","1,735"
07/04/2000,"1,74","1,745","1,746","1,739"
06/04/2000,"1,745","1,748","1,748","1,738"
05/04/2000,"1,748","1,75","1,758","1,742"
04/04/2000,"1,745","1,739","1,755","1,736"
03/04/2000,"1,741","1,735","1,744","1,735"
31/03/2000,"1,739","1,749","1,75","1,733"
30/03/2000,"1,745","1,752","1,756","1,745"
29/03/2000,"1,744","1,736","1,744","1,735"
28/03/2000,"1,741","1,746","1,749","1,74"
27/03/2000,"1,748","1,73","1,748","1,73"
24/03/2000,"1,732","1,719","1,733","1,708"
23/03/2000,"1,719","1,728","1,728","1,717"
22/03/2000,"1,728","1,733","1,733","1,726"
21/03/2000,"1,733","1,737","1,739","1,733"
20/03/2000,"1,737","1,74","1,74","1,735"
17/03/2000,"1,738","1,738","1,742","1,735"
16/03/2000,"1,738","1,739","1,739","1,731"
15/03/2000,"1,739","1,739","1,745","1,733"
14/03/2000,"1,738","1,744","1,744","1,733"
13/03/2000,"1,744","1,748","1,756","1,743"
10/03/2000,"1,743","1,742","1,745","1,734"
09/03/2000,"1,742","1,74","1,742","1,732"
08/03/2000,"1,74","1,755","1,755","1,74"
07/03/2000,"1,744","1,744","1,744","1,744"
06/03/2000,"1,744","1,744","1,744","1,744"
03/03/2000,"1,744","1,756","1,756","1,742"
02/03/2000,"1,756","1,761","1,761","1,756"
01/03/2000,"1,761","1,767","1,769","1,761"
29/02/2000,"1,767","1,776","1,776","1,766"
28/02/2000,"1,776","1,775","1,779","1,775"
25/02/2000,"1,773","1,776","1,776","1,768"
24/02/2000,"1,776","1,783","1,783","1,775"
23/02/2000,"1,783","1,785","1,791","1,782"
22/02/2000,"1,785","1,777","1,787","1,774"
21/02/2000,"1,777","1,775","1,783","1,775"
18/02/2000,"1,777","1,772","1,779","1,767"
17/02/2000,"1,772","1,773","1,777","1,77"
16/02/2000,"1,773","1,773","1,775","1,768"
15/02/2000,"1,776","1,771","1,781","1,771"
14/02/2000,"1,772","1,775","1,775","1,767"
11/02/2000,"1,772","1,765","1,772","1,762"
10/02/2000,"1,765","1,767","1,775","1,763"
09/02/2000,"1,767","1,764","1,769","1,759"
08/02/2000,"1,764","1,768","1,768","1,761"
07/02/2000,"1,768","1,757","1,771","1,755"
04/02/2000,"1,767","1,783","1,783","1,766"
03/02/2000,"1,783","1,784","1,785","1,77"
02/02/2000,"1,784","1,788","1,793","1,783"
01/02/2000,"1,788","1,783","1,798","1,779"
31/01/2000,"1,783","1,809","1,813","1,78"
28/01/2000,"1,793","1,778","1,799","1,777"
27/01/2000,"1,778","1,777","1,78","1,77"
26/01/2000,"1,777","1,776","1,799","1,766"
25/01/2000,"1,776","1,771","1,78","1,77"
24/01/2000,"1,771","1,768","1,772","1,76"
21/01/2000,"1,772","1,782","1,782","1,769"
20/01/2000,"1,782","1,785","1,787","1,772"
19/01/2000,"1,79","1,792","1,802","1,789"
18/01/2000,"1,792","1,792","1,794","1,784"
17/01/2000,"1,792","1,803","1,803","1,792"
14/01/2000,"1,803","1,795","1,807","1,794"
13/01/2000,"1,811","1,828","1,828","1,81"
12/01/2000,"1,828","1,821","1,835","1,821"
11/01/2000,"1,821","1,813","1,823","1,813"
10/01/2000,"1,813","1,826","1,84","1,813"
07/01/2000,"1,826","1,834","1,834","1,815"
06/01/2000,"1,84","1,837","1,852","1,834"
05/01/2000,"1,837","1,848","1,869","1,835"
04/01/2000,"1,848","1,819","1,855","1,819"
03/01/2000,"1,819","1,8","1,819","1,793"
31/12/1999,"1,804","1,804","1,804","1,804"
30/12/1999,"1,804","1,808","1,808","1,778"
29/12/1999,"1,808","1,828","1,828","1,806"
28/12/1999,"1,828","1,829","1,831","1,827"
27/12/1999,"1,829","1,824","1,832","1,821"
24/12/1999,"1,83","1,83","1,832","1,83"
23/12/1999,"1,83","1,82","1,832","1,82"
22/12/1999,"1,82","1,825","1,825","1,812"
21/12/1999,"1,825","1,81","1,829","1,81"
20/12/1999,"1,81","1,8","1,81","1,794"
17/12/1999,"1,806","1,836","1,836","1,797"
16/12/1999,"1,836","1,849","1,849","1,835"
15/12/1999,"1,847","1,852","1,852","1,847"
14/12/1999,"1,852","1,85","1,852","1,842"
13/12/1999,"1,85","1,862","1,862","1,848"
10/12/1999,"1,862","1,869","1,87","1,861"
09/12/1999,"1,869","1,864","1,869","1,864"
08/12/1999,"1,864","1,859","1,864","1,859"
07/12/1999,"1,859","1,866","1,866","1,857"
06/12/1999,"1,866","1,877","1,877","1,862"
03/12/1999,"1,877","1,883","1,883","1,87"
02/12/1999,"1,883","1,91","1,91","1,881"
01/12/1999,"1,91","1,922","1,922","1,91"
30/11/1999,"1,922","1,92","1,923","1,92"
29/11/1999,"1,92","1,923","1,924","1,917"
26/11/1999,"1,923","1,926","1,928","1,921"
25/11/1999,"1,926","1,93","1,93","1,926"
24/11/1999,"1,93","1,931","1,931","1,926"
23/11/1999,"1,931","1,932","1,932","1,931"
22/11/1999,"1,932","1,931","1,933","1,93"
19/11/1999,"1,931","1,929","1,932","1,928"
18/11/1999,"1,929","1,929","1,929","1,925"
17/11/1999,"1,929","1,931","1,937","1,927"
16/11/1999,"1,931","1,929","1,933","1,929"
15/11/1999,"1,933","1,933","1,933","1,933"
12/11/1999,"1,933","1,93","1,935","1,927"
11/11/1999,"1,93","1,927","1,931","1,921"
10/11/1999,"1,927","1,935","1,943","1,927"
09/11/1999,"1,935","1,921","1,935","1,918"
08/11/1999,"1,925","1,921","1,93","1,92"
05/11/1999,"1,921","1,919","1,923","1,909"
04/11/1999,"1,919","1,941","1,941","1,91"
03/11/1999,"1,941","1,944","1,944","1,934"
02/11/1999,"1,941","1,941","1,941","1,941"
01/11/1999,"1,941","1,947","1,95","1,94"
29/10/1999,"1,947","1,972","1,972","1,945"
28/10/1999,"1,972","1,987","1,987","1,969"
27/10/1999,"1,987","1,995","2,002","1,982"
26/10/1999,"1,995","1,982","1,995","1,981"
25/10/1999,"1,982","1,972","1,985","1,968"
22/10/1999,"1,972","1,986","1,989","1,97"
21/10/1999,"1,992","1,989","1,998","1,985"
20/10/1999,"1,989","2,001","2,008","1,987"
19/10/1999,"2,001","1,996","2,002","1,985"
18/10/1999,"1,996","1,976","1,996","1,97"
15/10/1999,"1,976","1,965","1,985","1,965"
14/10/1999,"1,965","1,958","1,967","1,952"
13/10/1999,"1,958","1,958","1,962","1,953"
12/10/1999,"1,947","1,947","1,947","1,947"
11/10/1999,"1,947","1,955","1,96","1,946"
08/10/1999,"1,953","1,933","1,956","1,93"
07/10/1999,"1,933","1,951","1,951","1,923"
06/10/1999,"1,951","1,951","1,961","1,94"
05/10/1999,"1,951","1,945","1,955","1,945"
04/10/1999,"1,94","1,936","1,943","1,93"
01/10/1999,"1,936","1,936","1,965","1,935"
30/09/1999,"1,936","1,921","1,948","1,916"
29/09/1999,"1,921","1,929","1,929","1,913"
28/09/1999,"1,929","1,923","1,943","1,92"
27/09/1999,"1,923","1,908","1,927","1,904"
24/09/1999,"1,908","1,904","1,916","1,904"
23/09/1999,"1,904","1,888","1,904","1,884"
22/09/1999,"1,888","1,886","1,897","1,882"
21/09/1999,"1,886","1,871","1,886","1,871"
20/09/1999,"1,871","1,876","1,878","1,868"
17/09/1999,"1,876","1,881","1,89","1,876"
16/09/1999,"1,881","1,877","1,883","1,876"
15/09/1999,"1,878","1,878","1,883","1,867"
14/09/1999,"1,878","1,889","1,901","1,876"
13/09/1999,"1,889","1,874","1,894","1,868"
10/09/1999,"1,874","1,872","1,876","1,855"
09/09/1999,"1,872","1,885","1,885","1,868"
08/09/1999,"1,885","1,896","1,905","1,88"
07/09/1999,"1,906","1,903","1,906","1,903"
06/09/1999,"1,903","1,912","1,912","1,9"
03/09/1999,"1,912","1,914","1,914","1,897"
02/09/1999,"1,914","1,931","1,934","1,914"
01/09/1999,"1,931","1,917","1,931","1,91"
31/08/1999,"1,917","1,926","1,926","1,91"
30/08/1999,"1,926","1,93","1,964","1,925"
27/08/1999,"1,937","1,916","1,94","1,91"
26/08/1999,"1,916","1,903","1,918","1,897"
25/08/1999,"1,903","1,914","1,947","1,89"
24/08/1999,"1,914","1,87","1,914","1,87"
23/08/1999,"1,87","1,885","1,885","1,859"
20/08/1999,"1,885","1,935","1,99","1,885"
19/08/1999,"1,935","1,913","1,935","1,904"
18/08/1999,"1,904","1,876","1,904","1,876"
17/08/1999,"1,877","1,881","1,887","1,866"
16/08/1999,"1,881","1,865","1,885","1,863"
13/08/1999,"1,874","1,87","1,885","1,864"
12/08/1999,"1,869","1,85","1,869","1,844"
11/08/1999,"1,855","1,86","1,871","1,855"
10/08/1999,"1,864","1,87","1,881","1,863"
09/08/1999,"1,86","1,838","1,86","1,838"
06/08/1999,"1,843","1,848","1,853","1,842"
05/08/1999,"1,846","1,835","1,852","1,835"
04/08/1999,"1,829","1,815","1,829","1,815"
03/08/1999,"1,817","1,825","1,83","1,816"
02/08/1999,"1,825","1,795","1,825","1,795"
30/07/1999,"1,802","1,79","1,803","1,78"
29/07/1999,"1,79","1,79","1,797","1,785"
28/07/1999,"1,79","1,811","1,811","1,78"
27/07/1999,"1,811","1,823","1,824","1,811"
26/07/1999,"1,823","1,818","1,825","1,813"
23/07/1999,"1,818","1,813","1,818","1,808"
22/07/1999,"1,813","1,811","1,824","1,809"
21/07/1999,"1,811","1,815","1,824","1,808"
20/07/1999,"1,815","1,788","1,815","1,785"
19/07/1999,"1,788","1,796","1,798","1,785"
16/07/1999,"1,796","1,806","1,816","1,795"
15/07/1999,"1,806","1,82","1,835","1,805"
14/07/1999,"1,82","1,824","1,824","1,794"
13/07/1999,"1,824","1,832","1,861","1,82"
12/07/1999,"1,832","1,797","1,835","1,79"
09/07/1999,"1,797","1,801","1,806","1,779"
08/07/1999,"1,801","1,778","1,802","1,772"
07/07/1999,"1,778","1,777","1,786","1,775"
06/07/1999,"1,777","1,767","1,778","1,765"
05/07/1999,"1,767","1,76","1,768","1,76"
02/07/1999,"1,76","1,768","1,78","1,758"
01/07/1999,"1,768","1,752","1,772","1,745"
30/06/1999,"1,752","1,77","1,775","1,75"
29/06/1999,"1,77","1,775","1,775","1,76"
28/06/1999,"1,775","1,795","1,798","1,775"
25/06/1999,"1,792","1,792","1,805","1,78"
24/06/1999,"1,792","1,787","1,814","1,787"
23/06/1999,"1,787","1,773","1,788","1,773"
22/06/1999,"1,773","1,761","1,775","1,758"
21/06/1999,"1,761","1,758","1,767","1,755"
18/06/1999,"1,758","1,748","1,758","1,74"
17/06/1999,"1,748","1,764","1,764","1,748"
16/06/1999,"1,764","1,78","1,78","1,76"
15/06/1999,"1,779","1,788","1,796","1,772"
14/06/1999,"1,788","1,78","1,789","1,773"
11/06/1999,"1,78","1,762","1,782","1,762"
10/06/1999,"1,762","1,749","1,762","1,749"
09/06/1999,"1,749","1,75","1,75","1,74"
08/06/1999,"1,75","1,74","1,752","1,74"
07/06/1999,"1,74","1,735","1,743","1,733"
04/06/1999,"1,735","1,743","1,743","1,729"
03/06/1999,"1,737","1,737","1,737","1,737"
02/06/1999,"1,737","1,741","1,76","1,73"
01/06/1999,"1,741","1,719","1,742","1,719"
31/05/1999,"1,719","1,725","1,732","1,712"
28/05/1999,"1,719","1,72","1,736","1,713"
27/05/1999,"1,72","1,701","1,72","1,69"
26/05/1999,"1,701","1,73","1,73","1,7"
25/05/1999,"1,73","1,724","1,756","1,723"
24/05/1999,"1,724","1,699","1,724","1,685"
21/05/1999,"1,699","1,684","1,704","1,684"
20/05/1999,"1,684","1,67","1,694","1,665"
19/05/1999,"1,67","1,664","1,671","1,656"
18/05/1999,"1,664","1,666","1,669","1,661"
17/05/1999,"1,666","1,654","1,671","1,654"
14/05/1999,"1,654","1,651","1,662","1,651"
13/05/1999,"1,653","1,654","1,655","1,646"
12/05/1999,"1,654","1,654","1,667","1,649"
11/05/1999,"1,654","1,646","1,657","1,642"
10/05/1999,"1,646","1,658","1,658","1,645"
07/05/1999,"1,658","1,677","1,677","1,658"
06/05/1999,"1,677","1,682","1,682","1,665"
05/05/1999,"1,682","1,683","1,688","1,677"
04/05/1999,"1,683","1,673","1,685","1,665"
03/05/1999,"1,673","1,665","1,678","1,665"
30/04/1999,"1,664","1,668","1,668","1,655"
29/04/1999,"1,668","1,68","1,68","1,658"
28/04/1999,"1,68","1,705","1,705","1,68"
27/04/1999,"1,705","1,698","1,71","1,698"
26/04/1999,"1,698","1,687","1,702","1,685"
23/04/1999,"1,687","1,695","1,695","1,68"
22/04/1999,"1,695","1,71","1,71","1,69"
21/04/1999,"1,72","1,72","1,72","1,72"
20/04/1999,"1,72","1,677","1,72","1,675"
19/04/1999,"1,677","1,665","1,678","1,665"
16/04/1999,"1,67","1,655","1,67","1,655"
15/04/1999,"1,655","1,67","1,675","1,65"
14/04/1999,"1,67","1,66","1,672","1,63"
13/04/1999,"1,66","1,685","1,685","1,65"
12/04/1999,"1,685","1,7","1,705","1,685"
09/04/1999,"1,7","1,71","1,71","1,7"
08/04/1999,"1,71","1,725","1,725","1,705"
07/04/1999,"1,725","1,73","1,73","1,72"
06/04/1999,"1,73","1,735","1,74","1,72"
05/04/1999,"1,735","1,71","1,74","1,71"
02/04/1999,"1,715","1,715","1,715","1,715"
01/04/1999,"1,715","1,715","1,715","1,715"
31/03/1999,"1,715","1,74","1,74","1,71"
30/03/1999,"1,74","1,755","1,755","1,72"
29/03/1999,"1,755","1,77","1,775","1,755"
26/03/1999,"1,77","1,785","1,785","1,77"
25/03/1999,"1,785","1,835","1,835","1,785"
24/03/1999,"1,835","1,85","1,85","1,83"
23/03/1999,"1,84","1,84","1,85","1,84"
22/03/1999,"1,84","1,845","1,865","1,84"
19/03/1999,"1,845","1,852","1,855","1,83"
18/03/1999,"1,85","1,87","1,87","1,845"
17/03/1999,"1,87","1,865","1,88","1,86"
16/03/1999,"1,865","1,855","1,87","1,835"
15/03/1999,"1,855","1,91","1,91","1,85"
12/03/1999,"1,91","1,9","1,91","1,88"
11/03/1999,"1,9","1,86","1,9","1,86"
10/03/1999,"1,86","1,87","1,875","1,84"
09/03/1999,"1,87","1,97","1,97","1,87"
08/03/1999,"1,97","1,97","1,99","1,95"
05/03/1999,"1,97","2,06","2,06","1,96"
04/03/1999,"2,06","2,13","2,13","2,05"
03/03/1999,"2,13","2,15","2,18","2,11"
02/03/1999,"2,15","2,13","2,2","2,07"
01/03/1999,"2,13","1,97","2,15","1,97"
26/02/1999,"2,03","2,03","2,08","2,03"
25/02/1999,"2,03","2,02","2,04",2
24/02/1999,"2,02","1,99","2,03","1,97"
23/02/1999,"1,99","1,95","2,05","1,95"
22/02/1999,"1,95","1,92","1,97","1,9"
19/02/1999,"1,92","1,9","1,94","1,89"
18/02/1999,"1,9","1,9","1,91","1,88"
17/02/1999,"1,9","1,85","1,92","1,85"
16/02/1999,"1,89","1,89","1,89","1,89"
15/02/1999,"1,89","1,89","1,89","1,89"
12/02/1999,"1,89","1,9","1,93","1,8"
11/02/1999,"1,9","1,87","1,91","1,84"
10/02/1999,"1,87","1,89","1,92","1,86"
09/02/1999,"1,89","1,9","1,95","1,88"
08/02/1999,"1,9","1,82","1,9","1,82"
05/02/1999,"1,82","1,79","1,84","1,79"
04/02/1999,"1,79","1,77","1,84","1,77"
03/02/1999,"1,77","1,74","1,8","1,72"
02/02/1999,"1,74","1,9","1,9","1,73"
01/02/1999,"1,9","2,07","2,07","1,88"
29/01/1999,"2,07","1,92","2,13","1,92"
28/01/1999,"1,92","1,9","1,95","1,85"
27/01/1999,"1,89","1,82","1,93","1,82"
26/01/1999,"1,82","1,78","1,96","1,76"
25/01/1999,"1,78","1,76","1,79","1,66"
22/01/1999,"1,7","1,73","1,73","1,63"
21/01/1999,"1,7","1,58","1,75","1,5"
20/01/1999,"1,58","1,55","1,58","1,55"
19/01/1999,"1,54","1,56","1,59","1,52"
18/01/1999,"1,57","1,42","1,59","1,4"
15/01/1999,"1,41","1,3","1,53","1,3"
14/01/1999,"1,3195","1,3","1,32","1,3"
13/01/1999,"1,3","1,3","1,32","1,28"
12/01/1999,"1,2108","1,2108","1,211","1,2108"
11/01/1999,"1,2106","1,21","1,2107","1,2097"
08/01/1999,"1,2099","1,21","1,21","1,2097"
07/01/1999,"1,21","1,2093","1,21","1,2093"
06/01/1999,"1,2089","1,209","1,2093","1,2088"
05/01/1999,"1,2078","1,2078","1,2082","1,2077"
04/01/1999,"1,207","1,208","1,2083","1,2067"
31/12/1998,"1,208","1,2078","1,2087","1,206"
30/12/1998,"1,2079","1,2079","1,208","1,2075"
29/12/1998,"1,2079","1,2079","1,208","1,2078"
28/12/1998,"1,2079","1,2076","1,208","1,2075"
25/12/1998,"1,2074","1,2074","1,2074","1,2074"
24/12/1998,"1,2074","1,2074","1,2074","1,2074"
23/12/1998,"1,2074","1,207","1,2074","1,207"
22/12/1998,"1,2069","1,2066","1,2073","1,2066"
21/12/1998,"1,2064","1,2066","1,2066","1,2064"
18/12/1998,"1,2064","1,2062","1,2065","1,2061"
17/12/1998,"1,2063","1,2049","1,2065","1,2048"
16/12/1998,"1,2048","1,2048","1,2052","1,2045"
15/12/1998,"1,2039","1,2047","1,2055","1,2035"
14/12/1998,"1,204","1,2044","1,2045","1,204"
11/12/1998,"1,2044","1,2025","1,2045","1,2025"
10/12/1998,"1,2018","1,2033","1,2035","1,2018"
09/12/1998,"1,2032","1,2033","1,2034","1,2026"
08/12/1998,"1,2034","1,2026","1,2034","1,2026"
07/12/1998,"1,2015","1,2023","1,2028","1,2015"
04/12/1998,"1,2023","1,2021","1,2024","1,202"
03/12/1998,"1,2019","1,2011","1,2024","1,2011"
02/12/1998,"1,2005","1,201","1,2012","1,2"
01/12/1998,"1,201","1,2008","1,2013","1,2008"
30/11/1998,"1,2014","1,1999","1,2015","1,1999"
27/11/1998,"1,2003","1,199","1,2004","1,199"
26/11/1998,"1,1995","1,1985","1,1997","1,1985"
25/11/1998,"1,1992","1,197","1,1993","1,197"
24/11/1998,"1,1972","1,1976","1,1976","1,1972"
23/11/1998,"1,195","1,1955","1,1977","1,195"
20/11/1998,"1,1955","1,194","1,196","1,194"
19/11/1998,"1,193","1,1919","1,1952","1,1919"
18/11/1998,"1,1922","1,1903","1,1925","1,1903"
17/11/1998,"1,19","1,191","1,1915","1,19"
16/11/1998,"1,1905","1,1905","1,191","1,1901"
13/11/1998,"1,1903","1,1916","1,1918","1,1898"
12/11/1998,"1,1908","1,1904","1,1912","1,1904"
11/11/1998,"1,1898","1,1905","1,1906","1,1897"
10/11/1998,"1,191","1,19","1,1913","1,1899"
09/11/1998,"1,1893","1,189","1,1897","1,189"
06/11/1998,"1,188","1,1883","1,1883","1,1877"
05/11/1998,"1,188","1,1915","1,1921","1,1874"
04/11/1998,"1,1903","1,1915","1,192","1,1885"
03/11/1998,"1,191","1,1928","1,1928","1,1905"
02/11/1998,"1,1929","1,1929","1,1929","1,1929"
30/10/1998,"1,1929","1,1923","1,1929","1,1923"
29/10/1998,"1,1908","1,1919","1,1919","1,1908"
28/10/1998,"1,1919","1,1919","1,1919","1,1919"
27/10/1998,"1,1919","1,1915","1,192","1,1913"
26/10/1998,"1,1907","1,1907","1,1909","1,1907"
23/10/1998,"1,19","1,1908","1,1909","1,19"
22/10/1998,"1,1899","1,19","1,1906","1,1899"
21/10/1998,"1,19","1,189","1,19","1,189"
20/10/1998,"1,1878","1,1892","1,1894","1,187"
19/10/1998,"1,1894","1,189","1,1898","1,189"
16/10/1998,"1,1882","1,1882","1,1884","1,1881"
15/10/1998,"1,1875","1,1875","1,1884","1,1875"
14/10/1998,"1,1875","1,188","1,1884","1,1875"
13/10/1998,"1,1874","1,1862","1,1874","1,1862"
12/10/1998,"1,1862","1,1862","1,1862","1,1862"
09/10/1998,"1,1862","1,1853","1,1868","1,1853"
08/10/1998,"1,184","1,183","1,185","1,183"
07/10/1998,"1,182","1,183","1,1845","1,1815"
06/10/1998,"1,1825","1,185","1,1852","1,1821"
05/10/1998,"1,1847","1,185","1,1859","1,1845"
02/10/1998,"1,1845","1,182","1,1848","1,1818"
01/10/1998,"1,179","1,1845","1,1845","1,1759"
30/09/1998,"1,184","1,1845","1,1854","1,1835"
29/09/1998,"1,1845","1,1845","1,1846","1,1844"
28/09/1998,"1,1844","1,1845","1,1847","1,1843"
25/09/1998,"1,1844","1,1843","1,1845","1,1841"
24/09/1998,"1,1834","1,1829","1,2","1,1827"
23/09/1998,"1,1834","1,1833","1,1835","1,1833"
22/09/1998,"1,1834","1,1815","1,1839","1,1815"
21/09/1998,"1,1814","1,1805","1,1814","1,1805"
18/09/1998,"1,1809","1,18","1,1809","1,18"
17/09/1998,"1,1788","1,1796","1,18","1,1785"
16/09/1998,"1,18","1,1792","1,18","1,1784"
15/09/1998,"1,1794","1,1795","1,1795","1,1787"
14/09/1998,"1,1798","1,1788","1,1799","1,1788"
11/09/1998,"1,1789","1,178","1,1789","1,178"
10/09/1998,"1,1788","1,1791","1,1791","1,1788"
09/09/1998,"1,1789","1,1775","1,179","1,1775"
08/09/1998,"1,1758","1,1765","1,177","1,1755"
07/09/1998,"1,1779","1,1779","1,1779","1,1779"
04/09/1998,"1,1779","1,1778","1,178","1,1778"
03/09/1998,"1,1779","1,177","1,1779","1,1767"
02/09/1998,"1,1769","1,177","1,1773","1,1768"
01/09/1998,"1,1769","1,1767","1,177","1,1758"
31/08/1998,"1,1765","1,174","1,177","1,174"
28/08/1998,"1,1761","1,175","1,1761","1,175"
27/08/1998,"1,1761","1,1735","1,1762","1,1735"
26/08/1998,"1,172","1,1727","1,173","1,1714"
25/08/1998,"1,1747","1,174","1,1749","1,172"
24/08/1998,"1,1747","1,1747","1,175","1,1742"
21/08/1998,"1,1749","1,174","1,1749","1,174"
20/08/1998,"1,1739","1,1738","1,174","1,1731"
19/08/1998,"1,1739","1,1738","1,1742","1,1738"
18/08/1998,"1,1739","1,1729","1,1739","1,1725"
17/08/1998,"1,1729","1,172","1,1729","1,172"
14/08/1998,"1,1715","1,1716","1,1718","1,1708"
13/08/1998,"1,1714","1,1717","1,1717","1,1708"
12/08/1998,"1,171","1,1689","1,1718","1,1689"
11/08/1998,"1,1687","1,1702","1,1705","1,168"
10/08/1998,"1,1687","1,168","1,1697","1,168"
07/08/1998,"1,1677","1,1684","1,1692","1,1673"
06/08/1998,"1,167","1,168","1,1685","1,166"
05/08/1998,"1,1669","1,1669","1,1679","1,1665"
04/08/1998,"1,1652","1,1645","1,1663","1,1645"
03/08/1998,"1,164","1,1634","1,1651","1,1634"
31/07/1998,"1,1629","1,1627","1,163","1,1627"
30/07/1998,"1,1619","1,162","1,1621","1,1619"
29/07/1998,"1,162","1,1629","1,1638","1,1618"
28/07/1998,"1,1655","1,164","1,1655","1,1621"
27/07/1998,"1,1645","1,165","1,1663","1,1645"
24/07/1998,"1,166","1,1653","1,1665","1,165"
23/07/1998,"1,165","1,163","1,1655","1,163"
22/07/1998,"1,1623","1,1608","1,164","1,1608"
21/07/1998,"1,1605","1,1606","1,1606","1,1603"
20/07/1998,"1,16","1,1605","1,1605","1,16"
17/07/1998,"1,1614","1,1618","1,1621","1,161"
16/07/1998,"1,1614","1,1613","1,1621","1,1612"
15/07/1998,"1,1618","1,1616","1,163","1,1607"
14/07/1998,"1,1624","1,1625","1,1636","1,1622"
13/07/1998,"1,1636","1,16","1,164","1,16"
10/07/1998,"1,1594","1,161","1,1622","1,1594"
09/07/1998,"1,161","1,16","1,1615","1,159"
08/07/1998,"1,1608","1,1587","1,163","1,1586"
07/07/1998,"1,1582","1,1585","1,1587","1,1582"
06/07/1998,"1,158","1,1576","1,1581","1,1575"
03/07/1998,"1,1567","1,1571","1,1572","1,1567"
02/07/1998,"1,1565","1,1567","1,1568","1,1565"
01/07/1998,"1,1565","1,1567","1,1568","1,1565"
30/06/1998,"1,1565","1,1565","1,1566","1,1564"
29/06/1998,"1,1563","1,1563","1,1563","1,1559"
26/06/1998,"1,1563","1,1558","1,1565","1,1557"
25/06/1998,"1,1554","1,1558","1,1558","1,1554"
24/06/1998,"1,1555","1,1553","1,1556","1,1552"
23/06/1998,"1,1545","1,1549","1,1553","1,1545"
22/06/1998,"1,1549","1,155","1,1551","1,1546"
19/06/1998,"1,1546","1,1561","1,1563","1,1544"
18/06/1998,"1,155","1,1553","1,1555","1,155"
17/06/1998,"1,155","1,1547","1,1551","1,1547"
16/06/1998,"1,1544","1,1545","1,1545","1,1543"
15/06/1998,"1,1538","1,1547","1,155","1,1538"
12/06/1998,"1,1545","1,155","1,1555","1,1543"
11/06/1998,"1,1535","1,1535","1,1535","1,1535"
10/06/1998,"1,1535","1,1537","1,1552","1,1533"
09/06/1998,"1,1534","1,1528","1,1535","1,1528"
08/06/1998,"1,1524","1,152","1,1527","1,1519"
05/06/1998,"1,152","1,151","1,152","1,151"
04/06/1998,"1,151","1,1515","1,1515","1,1509"
03/06/1998,"1,1512","1,1515","1,162","1,151"
02/06/1998,"1,1509","1,1504","1,1514","1,1504"
01/06/1998,"1,1514","1,1515","1,152","1,1504"
29/05/1998,"1,1504","1,1496","1,1504","1,1454"
28/05/1998,"1,1496","1,15","1,15","1,1492"
27/05/1998,"1,1508","1,154","1,155","1,1505"
26/05/1998,"1,1535","1,1515","1,1539","1,1515"
25/05/1998,"1,152","1,1506","1,153","1,1506"
22/05/1998,"1,1514","1,1504","1,1517","1,1504"
21/05/1998,"1,1493","1,149","1,1499","1,1489"
20/05/1998,"1,1484","1,1483","1,1488","1,1482"
19/05/1998,"1,1477","1,1483","1,1492","1,1477"
18/05/1998,"1,149","1,1471","1,149","1,1467"
15/05/1998,"1,1464","1,1468","1,1469","1,1464"
14/05/1998,"1,1465","1,1468","1,1473","1,1464"
13/05/1998,"1,1468","1,146","1,1476","1,146"
12/05/1998,"1,146","1,1454","1,146","1,1454"
11/05/1998,"1,1454","1,1455","1,1455","1,1454"
08/05/1998,"1,1448","1,1453","1,1454","1,1447"
07/05/1998,"1,1446","1,1448","1,1448","1,1446"
06/05/1998,"1,1445","1,1448","1,1448","1,1445"
05/05/1998,"1,1444","1,1442","1,1445","1,1442"
04/05/1998,"1,1435","1,1438","1,144","1,1435"
01/05/1998,"1,1435","1,1435","1,1435","1,1435"
30/04/1998,"1,1435","1,1441","1,1443","1,1434"
29/04/1998,"1,1438","1,1442","1,1451","1,1438"
28/04/1998,"1,1465","1,1439","1,1465","1,1439"
27/04/1998,"1,1438","1,1429","1,1443","1,1429"
24/04/1998,"1,1429","1,1428","1,1436","1,1427"
23/04/1998,"1,1432","1,1422","1,1435","1,1422"
22/04/1998,"1,1422","1,1419","1,1424","1,1412"
21/04/1998,"1,1412","1,1412","1,1412","1,1412"
20/04/1998,"1,1412","1,1412","1,1417","1,1412"
17/04/1998,"1,141","1,141","1,1411","1,1409"
16/04/1998,"1,1407","1,1405","1,1408","1,1404"
15/04/1998,"1,1404","1,1401","1,1405","1,1401"
14/04/1998,"1,1397","1,1398","1,14","1,139"
13/04/1998,"1,1392","1,1392","1,1393","1,139"
10/04/1998,"1,139","1,139","1,139","1,139"
09/04/1998,"1,139","1,139","1,139","1,139"
08/04/1998,"1,139","1,1389","1,139","1,1388"
07/04/1998,"1,1381","1,1386","1,1386","1,138"
06/04/1998,"1,1388","1,1382","1,1391","1,1382"
03/04/1998,"1,138","1,1379","1,138","1,1378"
02/04/1998,"1,137","1,1371","1,1372","1,1369"
01/04/1998,"1,137","1,1371","1,1371","1,1369"
31/03/1998,"1,137","1,1368","1,137","1,1368"
30/03/1998,"1,136","1,1363","1,1363","1,1359"
27/03/1998,"1,136","1,1357","1,136","1,1356"
26/03/1998,"1,1354","1,1355","1,1358","1,1354"
25/03/1998,"1,1355","1,1351","1,1355","1,1349"
24/03/1998,"1,1342","1,135","1,135","1,1342"
23/03/1998,"1,1342","1,1348","1,1348","1,1341"
20/03/1998,"1,134","1,1341","1,1344","1,134"
19/03/1998,"1,134","1,134","1,1341","1,1338"
18/03/1998,"1,134","1,133","1,134","1,133"
17/03/1998,"1,133","1,1331","1,1332","1,1329"
16/03/1998,"1,133","1,1331","1,1331","1,1329"
13/03/1998,"1,133","1,1325","1,133","1,1325"
12/03/1998,"1,1321","1,1326","1,1327","1,132"
11/03/1998,"1,132","1,1321","1,1321","1,1319"
10/03/1998,"1,132","1,132","1,132","1,1319"
09/03/1998,"1,1319","1,1314","1,132","1,1314"
06/03/1998,"1,131","1,131","1,1311","1,1309"
05/03/1998,"1,131","1,1309","1,1311","1,1309"
04/03/1998,"1,1299","1,1308","1,131","1,1299"
03/03/1998,"1,13","1,1301","1,1302","1,1299"
02/03/1998,"1,13","1,1301","1,1301","1,1299"
27/02/1998,"1,1299","1,1301","1,1301","1,129"
26/02/1998,"1,1295","1,1293","1,1295","1,1293"
25/02/1998,"1,1289","1,1294","1,1294","1,1289"
24/02/1998,"1,129","1,129","1,129","1,129"
23/02/1998,"1,129","1,129","1,129","1,129"
20/02/1998,"1,129","1,1291","1,1292","1,1289"
19/02/1998,"1,1289","1,1281","1,129","1,128"
18/02/1998,"1,128","1,1283","1,1283","1,1279"
17/02/1998,"1,128","1,1275","1,128","1,1275"
16/02/1998,"1,127","1,127","1,127","1,1269"
13/02/1998,"1,1271","1,1271","1,1272","1,127"
12/02/1998,"1,126","1,1263","1,1265","1,126"
11/02/1998,"1,126","1,126","1,126","1,1259"
10/02/1998,"1,126","1,1256","1,126","1,1255"
09/02/1998,"1,125","1,1251","1,1251","1,1249"
06/02/1998,"1,125","1,1249","1,125","1,1248"
05/02/1998,"1,124","1,1244","1,1244","1,1239"
04/02/1998,"1,124","1,1243","1,1243","1,1239"
03/02/1998,"1,124","1,1235","1,124","1,1235"
02/02/1998,"1,1229","1,1233","1,1233","1,1229"
30/01/1998,"1,123","1,1232","1,1237","1,1229"
29/01/1998,"1,1228","1,1223","1,1237","1,1223"
28/01/1998,"1,122","1,1222","1,1227","1,122"
27/01/1998,"1,122","1,1215","1,122","1,1215"
26/01/1998,"1,121","1,1214","1,1214","1,1169"
23/01/1998,"1,121","1,1209","1,1211","1,1208"
22/01/1998,"1,12","1,1203","1,1204","1,1199"
21/01/1998,"1,12","1,1204","1,1204","1,12"
20/01/1998,"1,12","1,12","1,12","1,1199"
19/01/1998,"1,1193","1,1206","1,1206","1,119"
16/01/1998,"1,1206","1,116","1,1212","1,116"
15/01/1998,"1,1165","1,1204","1,121","1,1165"
14/01/1998,"1,1185","1,1184","1,1205","1,1181"
13/01/1998,"1,118","1,1184","1,1184","1,1179"
12/01/1998,"1,118","1,117","1,1192","1,117"
09/01/1998,"1,117","1,1188","1,1188","1,117"
08/01/1998,"1,1175","1,1173","1,119","1,1173"
07/01/1998,"1,117","1,117","1,1171","1,1169"
06/01/1998,"1,1157","1,116","1,117","1,1157"
05/01/1998,"1,116","1,116","1,1165","1,1159"
02/01/1998,"1,116","1,116","1,1162","1,1156"
31/12/1997,"1,116","1,1149","1,117","1,1149"
30/12/1997,"1,116","1,115","1,1162","1,115"
29/12/1997,"1,1145","1,1156","1,1158","1,1144"
26/12/1997,"1,1147","1,1147","1,1148","1,1145"
25/12/1997,"1,1144","1,1144","1,1144","1,1144"
24/12/1997,"1,1144","1,1147","1,1147","1,1144"
23/12/1997,"1,1145","1,1146","1,1147","1,1144"
22/12/1997,"1,1145","1,1146","1,1148","1,1144"
19/12/1997,"1,1136","1,1135","1,115","1,1135"
18/12/1997,"1,1136","1,1134","1,1143","1,1134"
17/12/1997,"1,1135","1,113","1,114","1,113"
16/12/1997,"1,1128","1,113","1,1132","1,1125"
15/12/1997,"1,1124","1,1138","1,1141","1,1124"
12/12/1997,"1,1158","1,1145","1,1164","1,1145"
11/12/1997,"1,115","1,1132","1,1158","1,1132"
10/12/1997,"1,1133","1,1115","1,1138","1,1115"
09/12/1997,"1,1115","1,1118","1,1118","1,1114"
08/12/1997,"1,1114","1,1108","1,1116","1,1106"
05/12/1997,"1,11","1,1105","1,1105","1,1099"
04/12/1997,"1,11","1,1104","1,1105","1,1099"
03/12/1997,"1,11","1,11","1,11","1,1098"
02/12/1997,"1,109","1,1095","1,1096","1,1089"
01/12/1997,"1,1089","1,1096","1,1096","1,1088"
28/11/1997,"1,109","1,1088","1,1103","1,1088"
27/11/1997,"1,1078","1,109","1,109","1,1075"
26/11/1997,"1,1098","1,1092","1,1102","1,1092"
25/11/1997,"1,1096","1,1095","1,1108","1,109"
24/11/1997,"1,1083","1,1095","1,11","1,108"
21/11/1997,"1,109","1,1085","1,1099","1,1085"
20/11/1997,"1,108","1,1074","1,109","1,1073"
19/11/1997,"1,1074","1,1065","1,1088","1,1065"
18/11/1997,"1,1055","1,1065","1,1069","1,1054"
17/11/1997,"1,1055","1,1067","1,1074","1,1054"
14/11/1997,"1,1067","1,107","1,1083","1,1065"
13/11/1997,"1,107","1,1063","1,1077","1,1056"
12/11/1997,"1,1061","1,105","1,1065","1,105"
11/11/1997,"1,1044","1,1045","1,1046","1,1044"
10/11/1997,"1,1048","1,1055","1,1058","1,104"
07/11/1997,"1,1055","1,1075","1,1084","1,1055"
06/11/1997,"1,1038","1,1035","1,108","1,1035"
05/11/1997,"1,1035","1,1039","1,104","1,1033"
04/11/1997,"1,1035","1,1024","1,105","1,1024"
03/11/1997,"1,1025","1,1024","1,1036","1,1023"
31/10/1997,"1,1025","1,1015","1,1054","1,1015"
30/10/1997,"1,106","1,1027","1,1062","1,1025"
29/10/1997,"1,1027","1,1014","1,1028","1,1014"
28/10/1997,"1,1014","1,105","1,1073","1,1008"
27/10/1997,"1,1051","1,1006","1,1051","1,1006"
24/10/1997,"1,1007","1,1003","1,1009","1,1003"
23/10/1997,"1,1005","1,1003","1,1005","1,1003"
22/10/1997,"1,1004","1,1001","1,1005","1,1"
21/10/1997,"1,0996","1,0995","1,1001","1,0995"
20/10/1997,"1,0995","1,0992","1,1","1,0992"
17/10/1997,"1,0993","1,099","1,0999","1,099"
16/10/1997,"1,099","1,099","1,0993","1,099"
15/10/1997,"1,099","1,098","1,0991","1,098"
14/10/1997,"1,0981","1,0978","1,0985","1,0978"
13/10/1997,"1,098","1,098","1,098","1,0978"
10/10/1997,"1,0982","1,0974","1,0982","1,0974"
09/10/1997,"1,0975","1,0971","1,0978","1,0971"
08/10/1997,"1,0972","1,0972","1,0975","1,0972"
07/10/1997,"1,0972","1,0968","1,0973","1,0968"
06/10/1997,"1,097","1,0964","1,097","1,0964"
03/10/1997,"1,0965","1,0961","1,0968","1,0961"
02/10/1997,"1,0962","1,0958","1,0967","1,0958"
01/10/1997,"1,096","1,0958","1,0964","1,0958"
30/09/1997,"1,0959","1,0954","1,096","1,0954"
29/09/1997,"1,0955","1,0954","1,096","1,0954"
26/09/1997,"1,0955","1,0949","1,0957","1,0949"
25/09/1997,"1,095","1,0949","1,0953","1,0949"
24/09/1997,"1,095","1,0949","1,095","1,0948"
23/09/1997,"1,0946","1,0946","1,0949","1,0946"
22/09/1997,"1,0945","1,0942","1,0946","1,0941"
19/09/1997,"1,0942","1,0934","1,0945","1,0934"
18/09/1997,"1,0934","1,0934","1,0942","1,0934"
17/09/1997,"1,0934","1,0925","1,0935","1,0925"
16/09/1997,"1,0925","1,092","1,0929","1,092"
15/09/1997,"1,092","1,092","1,0922","1,0919"
12/09/1997,"1,092","1,0916","1,0923","1,0915"
11/09/1997,"1,0916","1,0914","1,0921","1,0914"
10/09/1997,"1,0914","1,0908","1,0915","1,0908"
09/09/1997,"1,0908","1,0911","1,0914","1,0907"
08/09/1997,"1,0911","1,091","1,0915","1,0907"
05/09/1997,"1,091","1,0916","1,0931","1,0908"
04/09/1997,"1,0916","1,0921","1,0925","1,0915"
03/09/1997,"1,0921","1,0918","1,0926","1,0915"
02/09/1997,"1,0918","1,0922","1,0924","1,0912"
01/09/1997,"1,0922","1,0915","1,0923","1,0899"
29/08/1997,"1,0915","1,093","1,093","1,0909"
28/08/1997,"1,093","1,0915","1,093","1,0906"
27/08/1997,"1,0915","1,092","1,0932","1,0904"
26/08/1997,"1,092","1,092","1,0926","1,0917"
25/08/1997,"1,092","1,09","1,0924","1,09"
22/08/1997,"1,092","1,0905","1,0923","1,09"
21/08/1997,"1,0905","1,0886","1,0915","1,088"
20/08/1997,"1,0886","1,0885","1,0893","1,088"
19/08/1997,"1,0885","1,0898","1,0898","1,0879"
18/08/1997,"1,0898","1,0873","1,0905","1,0865"
15/08/1997,"1,0873","1,0859","1,0888","1,0859"
14/08/1997,"1,0859","1,0858","1,086","1,0858"
13/08/1997,"1,0858","1,0853","1,086","1,0853"
12/08/1997,"1,0853","1,0852","1,0856","1,0852"
11/08/1997,"1,0852","1,085","1,0859","1,085"
08/08/1997,"1,0854","1,085","1,0861","1,085"
07/08/1997,"1,085","1,084","1,085","1,084"
06/08/1997,"1,084","1,0839","1,0841","1,0839"
05/08/1997,"1,0839","1,0829","1,084","1,0829"
04/08/1997,"1,0829","1,083","1,0832","1,0829"
01/08/1997,"1,083","1,0829","1,0831","1,0829"
31/07/1997,"1,0829","1,0829","1,083","1,0829"
30/07/1997,"1,0829","1,0829","1,0831","1,0828"
29/07/1997,"1,0829","1,0824","1,0832","1,0824"
28/07/1997,"1,0824","1,0819","1,0824","1,0819"
25/07/1997,"1,0819","1,0815","1,0822","1,0815"
24/07/1997,"1,0815","1,0817","1,0823","1,0814"
23/07/1997,"1,0817","1,0813","1,082","1,0813"
22/07/1997,"1,0813","1,0809","1,0815","1,0809"
21/07/1997,"1,0809","1,0809","1,0812","1,0809"
18/07/1997,"1,0809","1,0809","1,0814","1,0808"
17/07/1997,"1,0809","1,0805","1,0809","1,0802"
16/07/1997,"1,0805","1,0806","1,081","1,0802"
15/07/1997,"1,0806","1,0799","1,0807","1,0799"
14/07/1997,"1,0799","1,0799","1,0804","1,0799"
11/07/1997,"1,0799","1,079","1,08","1,079"
10/07/1997,"1,079","1,0798","1,0798","1,079"
09/07/1997,"1,0798","1,0787","1,0798","1,0787"
08/07/1997,"1,0789","1,0773","1,079","1,0773"
07/07/1997,"1,0773","1,0775","1,0779","1,0773"
04/07/1997,"1,0774","1,0776","1,0776","1,0773"
03/07/1997,"1,0776","1,0766","1,0776","1,0766"
02/07/1997,"1,0766","1,0763","1,0771","1,0763"
01/07/1997,"1,0763","1,0764","1,0768","1,0763"
30/06/1997,"1,0764","1,0763","1,0765","1,0763"
27/06/1997,"1,0763","1,0763","1,0771","1,0738"
26/06/1997,"1,0763","1,0764","1,0765","1,0762"
25/06/1997,"1,0764","1,0762","1,0769","1,0755"
24/06/1997,"1,0762","1,0776","1,0776","1,0757"
23/06/1997,"1,0776","1,0755","1,0776","1,0755"
20/06/1997,"1,0755","1,0763","1,0782","1,0755"
19/06/1997,"1,0763","1,0744","1,0766","1,0744"
18/06/1997,"1,0744","1,0737","1,075","1,0737"
17/06/1997,"1,0737","1,0732","1,0738","1,0732"
16/06/1997,"1,0732","1,0746","1,0746","1,0731"
13/06/1997,"1,0746","1,0736","1,0746","1,0736"
12/06/1997,"1,0736","1,0729","1,0739","1,0729"
11/06/1997,"1,0729","1,0723","1,0731","1,0723"
10/06/1997,"1,0723","1,0722","1,0727","1,0722"
09/06/1997,"1,0722","1,0722","1,0732","1,0722"
06/06/1997,"1,0722","1,0718","1,0728","1,0718"
05/06/1997,"1,0718","1,0715","1,0731","1,071"
04/06/1997,"1,0715","1,0709","1,0732","1,0709"
03/06/1997,"1,0709","1,0706","1,0716","1,0706"
02/06/1997,"1,0706","1,0702","1,0708","1,0702"
30/05/1997,"1,0702","1,074","1,074","1,07"
29/05/1997,"1,074","1,074","1,074","1,074"
28/05/1997,"1,074","1,071","1,074","1,071"
27/05/1997,"1,071","1,0738","1,0738","1,07"
26/05/1997,"1,0738","1,071","1,074","1,071"
23/05/1997,"1,0724","1,0703","1,0727","1,07"
22/05/1997,"1,0703","1,0692","1,0705","1,069"
21/05/1997,"1,0692","1,0679","1,0693","1,0679"
20/05/1997,"1,0679","1,0673","1,0683","1,0673"
19/05/1997,"1,0673","1,0671","1,0677","1,0671"
16/05/1997,"1,067","1,0669","1,0676","1,0669"
15/05/1997,"1,0669","1,0675","1,0681","1,0668"
14/05/1997,"1,0675","1,068","1,0691","1,067"
13/05/1997,"1,068","1,0665","1,068","1,0665"
12/05/1997,"1,0665","1,0659","1,0685","1,0659"
09/05/1997,"1,0659","1,065","1,0659","1,0648"
08/05/1997,"1,0645","1,0648","1,0649","1,0644"
07/05/1997,"1,0648","1,0645","1,065","1,0645"
06/05/1997,"1,0645","1,0641","1,0646","1,0641"
05/05/1997,"1,0641","1,0644","1,0644","1,0641"
02/05/1997,"1,064","1,0635","1,0642","1,0635"
01/05/1997,"1,0635","1,0635","1,0635","1,0635"
30/04/1997,"1,0634","1,0627","1,0634","1,0627"
29/04/1997,"1,0627","1,0627","1,0631","1,0627"
28/04/1997,"1,0627","1,0625","1,0628","1,0625"
25/04/1997,"1,0625","1,0625","1,0627","1,0625"
24/04/1997,"1,0625","1,0626","1,0628","1,0624"
23/04/1997,"1,0626","1,0625","1,0633","1,0623"
22/04/1997,"1,0625","1,0619","1,0629","1,0619"
21/04/1997,"1,0619","1,0621","1,0621","1,0619"
18/04/1997,"1,0621","1,0609","1,0622","1,0609"
17/04/1997,"1,0609","1,0606","1,0611","1,0606"
16/04/1997,"1,0606","1,0599","1,061","1,0599"
15/04/1997,"1,0599","1,0597","1,0605","1,0597"
14/04/1997,"1,0597","1,059","1,0598","1,059"
11/04/1997,"1,059","1,0586","1,0594","1,0586"
10/04/1997,"1,0586","1,0582","1,0587","1,0582"
09/04/1997,"1,0582","1,0581","1,0589","1,0581"
08/04/1997,"1,058","1,0583","1,0586","1,058"
07/04/1997,"1,058","1,058","1,058","1,058"
04/04/1997,"1,058","1,0575","1,0582","1,0575"
03/04/1997,"1,0575","1,06","1,06","1,0575"
02/04/1997,"1,06","1,0588","1,0605","1,0588"
01/04/1997,"1,0588","1,0605","1,0605","1,0584"
31/03/1997,"1,0605","1,06","1,0607","1,058"
27/03/1997,"1,0585","1,0585","1,0585","1,0585"
26/03/1997,"1,0585","1,0613","1,0613","1,0585"
25/03/1997,"1,0613","1,0613","1,0615","1,06"
24/03/1997,"1,0613","1,0614","1,0615","1,06"
21/03/1997,"1,0614","1,0614","1,0615","1,0595"
20/03/1997,"1,0614","1,0613","1,0615","1,0585"
19/03/1997,"1,0613","1,0614","1,0614","1,0592"
18/03/1997,"1,0614","1,0589","1,0614","1,0574"
17/03/1997,"1,0589","1,058","1,06","1,0558"
14/03/1997,"1,058","1,057","1,0583","1,0545"
13/03/1997,"1,057","1,057","1,057","1,0543"
12/03/1997,"1,057","1,0534","1,057","1,0534"
11/03/1997,"1,0534","1,0526","1,0535","1,0526"
10/03/1997,"1,0526","1,0525","1,053","1,0522"
07/03/1997,"1,0525","1,0525","1,0529","1,0525"
06/03/1997,"1,0525","1,0525","1,0527","1,0524"
05/03/1997,"1,0525","1,051","1,0525","1,051"
04/03/1997,"1,051","1,0509","1,0514","1,0509"
03/03/1997,"1,0509","1,0509","1,0512","1,0509"
28/02/1997,"1,0509","1,0506","1,0511","1,0506"
27/02/1997,"1,0506","1,051","1,0516","1,0505"
26/02/1997,"1,051","1,0507","1,0518","1,0507"
25/02/1997,"1,0507","1,0499","1,051","1,0499"
24/02/1997,"1,0499","1,05","1,0505","1,0499"
21/02/1997,"1,05","1,0505","1,0505","1,0405"
20/02/1997,"1,0505","1,05","1,0505","1,05"
19/02/1997,"1,05","1,0491","1,051","1,0491"
18/02/1997,"1,049","1,0485","1,0491","1,0485"
17/02/1997,"1,0485","1,0491","1,0491","1,0484"
14/02/1997,"1,0491","1,0485","1,0493","1,0485"
13/02/1997,"1,0485","1,047","1,0486","1,047"
12/02/1997,"1,047","1,047","1,0473","1,0469"
11/02/1997,"1,047","1,047","1,047","1,047"
10/02/1997,"1,047","1,047","1,047","1,047"
07/02/1997,"1,047","1,0469","1,0478","1,0466"
06/02/1997,"1,0469","1,0467","1,0469","1,0466"
05/02/1997,"1,0467","1,046","1,0468","1,046"
04/02/1997,"1,046","1,045","1,046","1,045"
03/02/1997,"1,045","1,0456","1,0456","1,0445"
31/01/1997,"1,0456","1,0453","1,0462","1,0452"
30/01/1997,"1,0453","1,0452","1,0454","1,045"
29/01/1997,"1,0452","1,0444","1,0454","1,0444"
28/01/1997,"1,0444","1,0435","1,0446","1,0324"
27/01/1997,"1,0435","1,0435","1,044","1,0435"
24/01/1997,"1,0434","1,0431","1,0438","1,0431"
23/01/1997,"1,0431","1,043","1,0436","1,043"
22/01/1997,"1,043","1,0429","1,0434","1,0429"
21/01/1997,"1,0429","1,0425","1,0431","1,0425"
20/01/1997,"1,0425","1,0431","1,0431","1,0424"
17/01/1997,"1,0431","1,0428","1,0436","1,0428"
16/01/1997,"1,0428","1,0423","1,0434","1,0423"
15/01/1997,"1,0423","1,0415","1,0425","1,0415"
14/01/1997,"1,0415","1,0415","1,0419","1,0415"
13/01/1997,"1,0415","1,0412","1,0416","1,0412"
10/01/1997,"1,0412","1,0404","1,0415","1,0404"
09/01/1997,"1,0404","1,0415","1,0415","1,0403"
08/01/1997,"1,0415","1,04","1,0417","1,04"
07/01/1997,"1,04","1,04","1,0403","1,0399"
06/01/1997,"1,04","1,0391","1,0401","1,0391"
03/01/1997,"1,0391","1,039","1,0396","1,039"
02/01/1997,"1,039","1,0389","1,0395","1,0389"
31/12/1996,"1,0389","1,0385","1,039","1,0385"
30/12/1996,"1,0385","1,039","1,0393","1,0385"
27/12/1996,"1,039","1,0385","1,0402","1,0385"
26/12/1996,"1,0385","1,0385","1,0387","1,0384"
25/12/1996,"1,0387","1,0387","1,0387","1,0387"
24/12/1996,"1,0387","1,0385","1,0395","1,0385"
23/12/1996,"1,0385","1,0379","1,0385","1,0379"
20/12/1996,"1,0379","1,038","1,0388","1,0379"
19/12/1996,"1,038","1,0375","1,0381","1,0375"
18/12/1996,"1,0375","1,0385","1,0385","1,0374"
17/12/1996,"1,0385","1,0385","1,0416","1,038"
16/12/1996,"1,0385","1,0388","1,0393","1,0378"
13/12/1996,"1,0388","1,038","1,039","1,037"
12/12/1996,"1,038","1,0367","1,0385","1,0361"
11/12/1996,"1,0367","1,036","1,0369","1,036"
10/12/1996,"1,036","1,0345","1,036","1,0345"
09/12/1996,"1,0345","1,0345","1,0348","1,0344"
06/12/1996,"1,0345","1,0344","1,0348","1,0344"
05/12/1996,"1,0344","1,0335","1,0345","1,0335"
04/12/1996,"1,0335","1,0324","1,0335","1,0324"
03/12/1996,"1,0324","1,0324","1,033","1,0324"
02/12/1996,"1,0324","1,0326","1,0328","1,0324"
29/11/1996,"1,0326","1,0325","1,0332","1,0325"
28/11/1996,"1,0325","1,0319","1,0325","1,0317"
27/11/1996,"1,0319","1,0315","1,0321","1,0315"
26/11/1996,"1,0315","1,0304","1,032","1,0304"
25/11/1996,"1,0304","1,0304","1,0308","1,0304"
22/11/1996,"1,0304","1,0302","1,0308","1,0302"
21/11/1996,"1,0302","1,0304","1,031","1,0302"
20/11/1996,"1,0304","1,0295","1,0305","1,0295"
19/11/1996,"1,0295","1,0294","1,0301","1,0294"
18/11/1996,"1,0294","1,0295","1,0302","1,0294"
15/11/1996,"1,0295","1,0295","1,0295","1,0295"
14/11/1996,"1,0295","1,03","1,0306","1,0295"
13/11/1996,"1,03","1,03","1,0312","1,0295"
12/11/1996,"1,03","1,0294","1,0318","1,0294"
11/11/1996,"1,0294","1,0294","1,0295","1,0287"
08/11/1996,"1,0294","1,0284","1,0298","1,0284"
07/11/1996,"1,0284","1,0275","1,0289","1,0275"
06/11/1996,"1,0275","1,0275","1,0277","1,0274"
05/11/1996,"1,0275","1,0274","1,0278","1,0274"
04/11/1996,"1,0274","1,0275","1,0277","1,0274"
01/11/1996,"1,0275","1,0273","1,0279","1,0272"
31/10/1996,"1,0273","1,0274","1,0278","1,0269"
30/10/1996,"1,0274","1,0274","1,0274","1,0267"
29/10/1996,"1,0274","1,029","1,0291","1,027"
28/10/1996,"1,029","1,0265","1,029","1,0265"
25/10/1996,"1,0265","1,0253","1,0278","1,0253"
24/10/1996,"1,0253","1,0256","1,026","1,0253"
23/10/1996,"1,0256","1,0273","1,028","1,0256"
22/10/1996,"1,0273","1,0255","1,0275","1,0255"
21/10/1996,"1,0255","1,0246","1,0255","1,0245"
18/10/1996,"1,0246","1,0245","1,025","1,0245"
17/10/1996,"1,0245","1,0245","1,0247","1,0244"
16/10/1996,"1,0245","1,0245","1,0252","1,0244"
15/10/1996,"1,0245","1,0246","1,0248","1,0244"
14/10/1996,"1,0245","1,025","1,025","1,0237"
11/10/1996,"1,025","1,027","1,0271","1,0235"
10/10/1996,"1,027","1,0235","1,0283","1,0234"
09/10/1996,"1,0235","1,022","1,0235","1,022"
08/10/1996,"1,022","1,0219","1,0223","1,0219"
07/10/1996,"1,0219","1,0216","1,0225","1,0215"
04/10/1996,"1,0217","1,0208","1,0222","1,0208"
03/10/1996,"1,0208","1,0209","1,0209","1,0208"
02/10/1996,"1,0209","1,021","1,0214","1,0209"
01/10/1996,"1,0209","1,021","1,0212","1,0209"
30/09/1996,"1,021","1,0204","1,021","1,0204"
27/09/1996,"1,0204","1,0199","1,0205","1,0199"
26/09/1996,"1,0199","1,0201","1,0205","1,0199"
25/09/1996,"1,02","1,0194","1,0201","1,0194"
24/09/1996,"1,0194","1,0195","1,0198","1,0193"
23/09/1996,"1,0195","1,0194","1,0198","1,0194"
20/09/1996,"1,0194","1,019","1,0198","1,019"
19/09/1996,"1,019","1,0191","1,0192","1,0186"
18/09/1996,"1,0191","1,019","1,0195","1,019"
17/09/1996,"1,019","1,0184","1,0192","1,0184"
16/09/1996,"1,0184","1,0183","1,019","1,0183"
13/09/1996,"1,0183","1,0204","1,0205","1,0182"
12/09/1996,"1,0204","1,0183","1,0204","1,0182"
11/09/1996,"1,0183","1,0185","1,0186","1,0181"
10/09/1996,"1,0185","1,0189","1,0206","1,0184"
09/09/1996,"1,0189","1,0179","1,0193","1,0178"
06/09/1996,"1,0179","1,017","1,0185","1,017"
05/09/1996,"1,017","1,0164","1,0176","1,0164"
04/09/1996,"1,0164","1,0169","1,017","1,0163"
03/09/1996,"1,0169","1,016","1,0173","1,016"
02/09/1996,"1,016","1,0163","1,0165","1,0159"
30/08/1996,"1,0163","1,016","1,0166","1,016"
29/08/1996,"1,016","1,0154","1,0168","1,0154"
28/08/1996,"1,0154","1,0151","1,0162","1,0149"
27/08/1996,"1,0151","1,0149","1,0155","1,0149"
26/08/1996,"1,0149","1,015","1,0153","1,0147"
23/08/1996,"1,015","1,0143","1,0151","1,0143"
22/08/1996,"1,0143","1,0145","1,0153","1,0142"
21/08/1996,"1,0145","1,014","1,0147","1,014"
20/08/1996,"1,014","1,013","1,0142","1,013"
19/08/1996,"1,013","1,0129","1,0131","1,0129"
16/08/1996,"1,0129","1,0124","1,0131","1,0124"
15/08/1996,"1,0124","1,0123","1,0127","1,0123"
14/08/1996,"1,0123","1,0123","1,0128","1,0123"
13/08/1996,"1,0123","1,0119","1,0124","1,0119"
12/08/1996,"1,0119","1,0114","1,012","1,0114"
09/08/1996,"1,0114","1,0109","1,012","1,0109"
08/08/1996,"1,0109","1,0109","1,0113","1,0108"
07/08/1996,"1,0109","1,0109","1,0118","1,0109"
06/08/1996,"1,0109","1,0095","1,0109","1,0095"
05/08/1996,"1,0095","1,0094","1,0098","1,0085"
02/08/1996,"1,0094","1,0096","1,01","1,0093"
01/08/1996,"1,0096","1,014","1,014","1,0095"
31/07/1996,"1,014","1,01","1,0163","1,01"
30/07/1996,"1,01","1,01","1,0105","1,01"
29/07/1996,"1,01","1,0093","1,0101","1,0091"
26/07/1996,"1,0093","1,0082","1,0094","1,0082"
25/07/1996,"1,0082","1,0083","1,0084","1,0081"
24/07/1996,"1,0083","1,0074","1,0086","1,0074"
23/07/1996,"1,0074","1,007","1,0077","1,007"
22/07/1996,"1,007","1,0068","1,0075","1,0068"
19/07/1996,"1,0068","1,0069","1,0073","1,0068"
18/07/1996,"1,0069","1,0064","1,0071","1,0064"
17/07/1996,"1,0064","1,0059","1,0064","1,0059"
16/07/1996,"1,0059","1,006","1,0062","1,0059"
15/07/1996,"1,006","1,005","1,006","1,005"
12/07/1996,"1,005","1,0049","1,0054","1,0049"
11/07/1996,"1,0049","1,0053","1,0054","1,0049"
10/07/1996,"1,0053","1,005","1,0056","1,005"
09/07/1996,"1,005","1,004","1,0052","1,004"
08/07/1996,"1,004","1,004","1,0045","1,0039"
05/07/1996,"1,004","1,0042","1,0048","1,0039"
04/07/1996,"1,0042","1,0046","1,0046","1,0041"
03/07/1996,"1,0046","1,005","1,0052","1,0046"
02/07/1996,"1,0049","1,0039","1,0053","1,0039"
01/07/1996,"1,0039","1,0039","1,0042","1,0039"
28/06/1996,"1,0039","1,003","1,004","1,003"
27/06/1996,"1,003","1,004","1,004","1,0029"
26/06/1996,"1,004","1,0025","1,0041","1,0025"
25/06/1996,"1,0025","1,002","1,0027","1,002"
24/06/1996,"1,002","1,0022","1,003","1,002"
21/06/1996,"1,0022","1,002","1,004","1,002"
20/06/1996,"1,002","1,0016","1,0026","1,0016"
19/06/1996,"1,0015","1,001","1,002","1,001"
18/06/1996,"1,001","1,001","1,0013","1,0009"
17/06/1996,"1,001","1,001","1,0012","1,0009"
14/06/1996,"1,001","1,001","1,0012","1,0009"
13/06/1996,"1,001","1,0008","1,001","0,9997"
12/06/1996,"1,0008","0,999","1,0019","0,999"
11/06/1996,"0,999","0,999","0,9995","0,9989"
10/06/1996,"0,999","0,999","0,9995","0,9989"
07/06/1996,"0,999","0,9979","0,9991","0,9979"
06/06/1996,"0,9979","0,9979","0,9979","0,9979"
05/06/1996,"0,9979","0,9979","0,9985","0,9972"
04/06/1996,"0,9979","0,9979","0,9982","0,9979"
03/06/1996,"0,998","0,9982","0,9983","0,9979"
31/05/1996,"0,998","0,9969","0,9981","0,9969"
30/05/1996,"0,9969","0,9962","0,9971","0,9962"
29/05/1996,"0,9962","0,9959","0,9967","0,9959"
28/05/1996,"0,996","0,996","0,9985","0,9958"
27/05/1996,"0,996","0,9962","0,9975","0,996"
24/05/1996,"0,9962","0,9955","0,9967","0,9954"
23/05/1996,"0,9955","0,9949","0,9999","0,9949"
22/05/1996,"0,9949","0,9999","0,9999","0,9945"
21/05/1996,"0,995","0,9951","0,9955","0,9949"
20/05/1996,"0,995","0,995","0,9954","0,9949"
17/05/1996,"0,995","0,9954","0,9957","0,9941"
16/05/1996,"0,9953","0,9953","0,9966","0,9953"
15/05/1996,"0,9954","0,997","0,997","0,9948"
14/05/1996,"0,997","0,9965","0,9975","0,9947"
13/05/1996,"0,9965","0,9941","0,998","0,994"
10/05/1996,"0,994","0,9941","0,9942","0,9939"
09/05/1996,"0,994","0,993","0,994","0,993"
08/05/1996,"0,993","0,9919","0,993","0,9919"
07/05/1996,"0,9921","0,9919","0,9926","0,9919"
06/05/1996,"0,9919","0,9919","0,9924","0,9919"
03/05/1996,"0,9919","0,9919","0,9923","0,9919"
02/05/1996,"0,9919","0,9921","0,9923","0,9919"
01/05/1996,"0,992","0,992","0,992","0,992"
30/04/1996,"0,992","0,9915","0,9924","0,9915"
29/04/1996,"0,9916","0,9917","0,9924","0,9916"
26/04/1996,"0,9918","0,9908","0,9923","0,9908"
25/04/1996,"0,9908","0,9909","0,9915","0,9908"
24/04/1996,"0,9909","0,991","0,9913","0,9909"
23/04/1996,"0,9909","0,9909","0,9913","0,9909"
22/04/1996,"0,9909","0,9909","0,9915","0,9909"
19/04/1996,"0,9909","0,9889","0,9912","0,9889"
18/04/1996,"0,9889","0,9889","0,9894","0,9889"
17/04/1996,"0,989","0,9893","0,9901","0,9889"
16/04/1996,"0,9893","0,9889","0,9904","0,9889"
15/04/1996,"0,9889","0,989","0,9898","0,9889"
12/04/1996,"0,989","0,9925","0,9925","0,989"
11/04/1996,"0,9925","0,9905","0,9934","0,9894"
10/04/1996,"0,9905","0,9889","0,992","0,9889"
09/04/1996,"0,9889","0,9867","0,989","0,9867"
08/04/1996,"0,9867","0,9867","0,9874","0,9867"
05/04/1996,"0,9868","0,9868","0,9868","0,9868"
04/04/1996,"0,9868","0,9868","0,9868","0,9868"
03/04/1996,"0,9868","0,9868","0,987","0,9867"
02/04/1996,"0,9864","0,9871","0,9873","0,9864"
01/04/1996,"0,9871","0,9876","0,9882","0,987"
29/03/1996,"0,9876","0,9876","0,9897","0,9873"
28/03/1996,"0,9873","0,9877","0,9881","0,9872"
27/03/1996,"0,9877","0,9877","0,9882","0,9873"
26/03/1996,"0,9873","0,9873","0,988","0,9873"
25/03/1996,"0,9873","0,9873","0,9883","0,987"
22/03/1996,"0,9867","0,9862","0,9873","0,9862"
20/03/1996,"0,9877","0,9865","0,9895","0,9865"
19/03/1996,"0,9864","0,9859","0,9868","0,9859"
18/03/1996,"0,9859","0,986","0,9863","0,9858"
15/03/1996,"0,986","0,986","0,987","0,9856"
14/03/1996,"0,9878","0,9875","0,988","0,986"
13/03/1996,"0,9873","0,9839","0,9873","0,9839"
12/03/1996,"0,9839","0,9832","0,9839","0,9823"
11/03/1996,"0,9832","0,9831","0,984","0,9831"
08/03/1996,"0,9831","0,983","0,9842","0,983"
07/03/1996,"0,983","0,9832","0,9846","0,983"
06/03/1996,"0,9832","0,983","0,9839","0,983"
05/03/1996,"0,983","0,983","0,9836","0,9829"
04/03/1996,"0,983","0,983","0,9837","0,9829"
01/03/1996,"0,9832","0,9844","0,9844","0,9832"
29/02/1996,"0,9844","0,9825","0,9847","0,9825"
28/02/1996,"0,9825","0,987","0,987","0,9825"
27/02/1996,"0,987","0,9829","0,987","0,9829"
26/02/1996,"0,9829","0,9808","0,9833","0,9808"
23/02/1996,"0,9808","0,9815","0,982","0,9808"
22/02/1996,"0,9815","0,9835","0,9835","0,9813"
21/02/1996,"0,9835","0,9835","0,984","0,9805"
20/02/1996,"0,984","0,984","0,984","0,984"
19/02/1996,"0,984","0,984","0,984","0,984"
16/02/1996,"0,984","0,9845","0,9845","0,9805"
15/02/1996,"0,9845","0,9845","0,985","0,981"
14/02/1996,"0,9845","0,978","0,985","0,978"
13/02/1996,"0,978","0,978","0,9801","0,978"
12/02/1996,"0,978","0,978","0,9785","0,9779"
09/02/1996,"0,978","0,9779","0,9786","0,9779"
08/02/1996,"0,9779","0,9779","0,9783","0,9779"
07/02/1996,"0,9779","0,9781","0,9784","0,9779"
06/02/1996,"0,978","0,978","0,9782","0,9779"
05/02/1996,"0,978","0,9779","0,9781","0,9779"
02/02/1996,"0,9779","0,978","0,9781","0,9779"
01/02/1996,"0,9779","0,978","0,9782","0,9779"
31/01/1996,"0,978","0,9779","0,978","0,9778"
30/01/1996,"0,9779","0,978","0,9783","0,9779"
29/01/1996,"0,978","0,978","0,9784","0,978"
26/01/1996,"0,978","0,9759","0,9785","0,9759"
25/01/1996,"0,9759","0,979","0,979","0,9759"
24/01/1996,"0,979","0,976","0,979","0,976"
23/01/1996,"0,976","0,974","0,9761","0,974"
22/01/1996,"0,974","0,9739","0,9741","0,9739"
19/01/1996,"0,9739","0,9739","0,9739","0,9723"
18/01/1996,"0,9721","0,9721","0,9728","0,972"
17/01/1996,"0,9721","0,9721","0,9724","0,972"
16/01/1996,"0,972","0,972","0,9722","0,9719"
15/01/1996,"0,9719","0,9719","0,9722","0,9719"
12/01/1996,"0,9727","0,9727","0,973","0,9726"
11/01/1996,"0,9727","0,9727","0,973","0,972"
10/01/1996,"0,972","0,972","0,9722","0,9719"
09/01/1996,"0,972","0,972","0,9722","0,9719"
08/01/1996,"0,9719","0,9719","0,9722","0,9719"
05/01/1996,"0,972","0,972","0,9723","0,972"
04/01/1996,"0,9719","0,9719","0,9728","0,9719"
03/01/1996,"0,9728","0,9721","0,973","0,972"
02/01/1996,"0,972","0,972","0,9721","0,9719"
29/12/1995,"0,9717","0,9719","0,972","0,9717"
28/12/1995,"0,9719","0,9712","0,9723","0,9705"
27/12/1995,"0,9712","0,9712","0,9713","0,9698"
26/12/1995,"0,969","0,969","0,97","0,9688"
25/12/1995,"0,9684","0,9684","0,9684","0,9684"
22/12/1995,"0,9684","0,9684","0,9704","0,968"
21/12/1995,"0,9685","0,9692","0,97","0,9685"
20/12/1995,"0,9692","0,9669","0,9694","0,9669"
19/12/1995,"0,9669","0,9664","0,9676","0,9664"
18/12/1995,"0,9664","0,9675","0,9682","0,9664"
15/12/1995,"0,9676","0,9665","0,9677","0,9665"
14/12/1995,"0,9667","0,9662","0,9669","0,9662"
13/12/1995,"0,9662","0,966","0,9668","0,966"
12/12/1995,"0,966","0,966","0,9664","0,966"
11/12/1995,"0,966","0,966","0,9662","0,9659"
08/12/1995,"0,966","0,966","0,9662","0,9659"
07/12/1995,"0,966","0,966","0,9662","0,9659"
06/12/1995,"0,966","0,966","0,9665","0,9659"
05/12/1995,"0,966","0,966","0,9663","0,9659"
04/12/1995,"0,966","0,966","0,9662","0,9659"
01/12/1995,"0,966","0,966","0,9662","0,9659"
30/11/1995,"0,966","0,9653","0,966","0,9653"
29/11/1995,"0,9653","0,964","0,9656","0,9639"
28/11/1995,"0,964","0,964","0,9646","0,964"
27/11/1995,"0,9639","0,965","0,965","0,9639"
24/11/1995,"0,9648","0,9655","0,9657","0,9644"
23/11/1995,"0,9655","0,9645","0,9655","0,964"
22/11/1995,"0,9645","0,964","0,9647","0,964"
21/11/1995,"0,964","0,964","0,964","0,962"
20/11/1995,"0,961","0,9612","0,9625","0,961"
17/11/1995,"0,9613","0,961","0,9622","0,961"
16/11/1995,"0,9611","0,9611","0,9625","0,961"
15/11/1995,"0,962","0,962","0,962","0,962"
14/11/1995,"0,962","0,9625","0,9628","0,9615"
13/11/1995,"0,9625","0,961","0,963","0,961"
10/11/1995,"0,961","0,961","0,962","0,9609"
09/11/1995,"0,961","0,961","0,9615","0,9609"
08/11/1995,"0,961","0,961","0,9615","0,9609"
07/11/1995,"0,961","0,9607","0,9617","0,9607"
06/11/1995,"0,9609","0,961","0,9623","0,9609"
03/11/1995,"0,9611","0,9611","0,9628","0,9611"
02/11/1995,"0,962","0,9621","0,9621","0,962"
01/11/1995,"0,9622","0,9613","0,9628","0,9613"
31/10/1995,"0,9614","0,9607","0,9619","0,9607"
30/10/1995,"0,9609","0,9617","0,9618","0,9608"
27/10/1995,"0,9609","0,962","0,9624","0,9609"
26/10/1995,"0,9622","0,9628","0,9628","0,961"
25/10/1995,"0,9609","0,9605","0,9613","0,9605"
24/10/1995,"0,9609","0,9605","0,9612","0,9605"
23/10/1995,"0,9609","0,9609","0,9612","0,9609"
20/10/1995,"0,9609","0,9609","0,9612","0,959"
19/10/1995,"0,96","0,96","0,96","0,9585"
18/10/1995,"0,9584","0,958","0,9585","0,958"
17/10/1995,"0,958","0,9579","0,9585","0,9579"
16/10/1995,"0,958","0,9578","0,9591","0,9578"
13/10/1995,"0,9579","0,9579","0,9584","0,9576"
12/10/1995,"0,9577","0,9577","0,9577","0,9577"
11/10/1995,"0,9578","0,9579","0,9584","0,9574"
10/10/1995,"0,958","0,9579","0,9584","0,9579"
09/10/1995,"0,958","0,9594","0,9594","0,9579"
06/10/1995,"0,9585","0,9577","0,9589","0,9576"
05/10/1995,"0,9579","0,9578","0,9585","0,9578"
04/10/1995,"0,9579","0,9579","0,9583","0,9579"
03/10/1995,"0,958","0,9578","0,9582","0,9578"
02/10/1995,"0,958","0,953","0,958","0,9529"
29/09/1995,"0,9529","0,953","0,9534","0,9528"
28/09/1995,"0,9534","0,9534","0,9554","0,9534"
27/09/1995,"0,9547","0,954","0,955","0,954"
26/09/1995,"0,954","0,953","0,9542","0,953"
25/09/1995,"0,953","0,9532","0,9535","0,9529"
22/09/1995,"0,9531","0,9527","0,9539","0,9527"
21/09/1995,"0,953","0,9523","0,9539","0,9523"
20/09/1995,"0,9524","0,952","0,9531","0,952"
19/09/1995,"0,9523","0,9515","0,9526","0,9515"
18/09/1995,"0,9517","0,951","0,9522","0,951"
15/09/1995,"0,9512","0,951","0,9525","0,951"
14/09/1995,"0,9513","0,952","0,9533","0,9512"
13/09/1995,"0,9523","0,951","0,9523","0,9508"
12/09/1995,"0,951","0,951","0,9525","0,9507"
11/09/1995,"0,9513","0,9505","0,952","0,95"
08/09/1995,"0,9509","0,9509","0,951","0,948"
07/09/1995,"0,9479","0,9479","0,9479","0,9479"
06/09/1995,"0,948","0,9479","0,9484","0,9479"
05/09/1995,"0,948","0,9477","0,9483","0,9477"
04/09/1995,"0,9478","0,9495","0,9495","0,9477"
01/09/1995,"0,9495","0,949","0,9497","0,9488"
31/08/1995,"0,949","0,9483","0,95","0,9483"
30/08/1995,"0,9483","0,9495","0,95","0,9483"
29/08/1995,"0,9495","0,949","0,951","0,948"
28/08/1995,"0,949","0,949","0,949","0,9465"
25/08/1995,"0,9464","0,946","0,9485","0,946"
24/08/1995,"0,9463","0,946","0,9468","0,946"
23/08/1995,"0,9459","0,9455","0,9462","0,9455"
22/08/1995,"0,9455","0,941","0,946","0,941"
21/08/1995,"0,9409","0,941","0,9416","0,9409"
18/08/1995,"0,9412","0,9412","0,9427","0,9411"
17/08/1995,"0,9415","0,941","0,9416","0,941"
16/08/1995,"0,941","0,9409","0,9415","0,9409"
15/08/1995,"0,9409","0,9405","0,9412","0,9405"
14/08/1995,"0,9409","0,9409","0,941","0,9353"
11/08/1995,"0,935","0,9349","0,9362","0,9349"
10/08/1995,"0,9349","0,9351","0,9362","0,9349"
09/08/1995,"0,9351","0,935","0,9361","0,935"
08/08/1995,"0,935","0,9346","0,9351","0,9346"
07/08/1995,"0,9346","0,9348","0,9352","0,9346"
04/08/1995,"0,9348","0,9349","0,9355","0,934"
03/08/1995,"0,935","0,9347","0,9352","0,9347"
02/08/1995,"0,9349","0,9348","0,942","0,93"
01/08/1995,"0,935","0,9346","0,9355","0,9346"
31/07/1995,"0,935","0,9351","0,9365","0,935"
28/07/1995,"0,9354","0,936","0,937","0,935"
27/07/1995,"0,9363","0,935","0,9364","0,935"
26/07/1995,"0,935","0,9349","0,9353","0,9349"
25/07/1995,"0,935","0,933","0,9355","0,933"
24/07/1995,"0,933","0,933","0,9333","0,9328"
21/07/1995,"0,933","0,928","0,933","0,928"
20/07/1995,"0,928","0,927","0,9284","0,927"
19/07/1995,"0,9275","0,928","0,9282","0,927"
18/07/1995,"0,928","0,927","0,9281","0,927"
17/07/1995,"0,927","0,924","0,928","0,924"
14/07/1995,"0,9245","0,925","0,926","0,924"
13/07/1995,"0,925","0,923","0,9265","0,923"
12/07/1995,"0,9239","0,923","0,9245","0,922"
11/07/1995,"0,924","0,923","0,9245","0,923"
10/07/1995,"0,9238","0,921","0,9241","0,921"
07/07/1995,"0,9235","0,922","0,9245","0,922"
06/07/1995,"0,9235","0,921","0,926","0,921"
05/07/1995,"0,923","0,918","0,924","0,918"
04/07/1995,"0,918","0,919","0,919","0,917"
03/07/1995,"0,919","0,919","0,92","0,917"
30/06/1995,"0,919","0,919","0,922","0,919"
29/06/1995,"0,919","0,919","0,919","0,918"
28/06/1995,"0,916","0,916","0,918","0,915"
27/06/1995,"0,916","0,915","0,918","0,915"
26/06/1995,"0,917","0,918","0,92","0,915"
23/06/1995,"0,918","0,918","0,926","0,916"
22/06/1995,"0,918","0,916","0,92","0,916"
21/06/1995,"0,918","0,917","0,919","0,917"
20/06/1995,"0,917","0,908","0,917","0,908"
19/06/1995,"0,909","0,909","0,911","0,906"
16/06/1995,"0,906","0,906","0,909","0,906"
15/06/1995,"0,904","0,904","0,904","0,904"
14/06/1995,"0,906","0,907","0,907","0,905"
13/06/1995,"0,907","0,913","0,916","0,907"
12/06/1995,"0,915","0,91","0,919","0,91"
09/06/1995,"0,912","0,909","0,921","0,908"
08/06/1995,"0,909","0,909","0,913","0,909"
07/06/1995,"0,909","0,908","0,911","0,907"
06/06/1995,"0,908","0,901","0,908","0,9"
05/06/1995,"0,903","0,9","0,904","0,9"
02/06/1995,"0,901","0,906","0,906","0,901"
01/06/1995,"0,906","0,905","0,907","0,901"
31/05/1995,"0,905","0,907","0,907","0,901"
30/05/1995,"0,907","0,9","0,907","0,9"
29/05/1995,"0,901","0,902","0,909","0,9"
26/05/1995,"0,902","0,892","0,903","0,892"
25/05/1995,"0,892","0,893","0,893","0,892"
24/05/1995,"0,886","0,886","0,886","0,886"
23/05/1995,"0,888","0,886","0,888","0,886"
22/05/1995,"0,888","0,888","0,888","0,886"
19/05/1995,"0,888","0,888","0,89","0,886"
18/05/1995,"0,887","0,887","0,89","0,887"
17/05/1995,"0,889","0,889","0,89","0,886"
16/05/1995,"0,887","0,887","0,89","0,887"
15/05/1995,"0,889","0,891","0,891","0,886"
12/05/1995,"0,893","0,896","0,899","0,893"
11/05/1995,"0,896","0,893","0,898","0,893"
10/05/1995,"0,894","0,893","0,894","0,889"
09/05/1995,"0,893","0,898","0,898","0,893"
08/05/1995,"0,9","0,899","0,9","0,896"
05/05/1995,"0,899","0,9","0,902","0,897"
04/05/1995,"0,9","0,9","0,905","0,9"
03/05/1995,"0,902","0,906","0,906","0,9"
02/05/1995,"0,908","0,908","0,913","0,908"
01/05/1995,"0,915","0,917","0,917","0,915"
28/04/1995,"0,917","0,914","0,917","0,908"
27/04/1995,"0,914","0,919","0,921","0,914"
26/04/1995,"0,919","0,915","0,919","0,912"
25/04/1995,"0,915","0,915","0,922","0,915"
24/04/1995,"0,919","0,919","0,919","0,909"
21/04/1995,"0,905","0,915","0,915","0,905"
20/04/1995,"0,915","0,913","0,92","0,912"
19/04/1995,"0,914","0,907","0,916","0,907"
18/04/1995,"0,907","0,901","0,908","0,9"
17/04/1995,"0,903","0,903","0,905","0,903"
14/04/1995,"0,906","0,906","0,906","0,906"
13/04/1995,"0,906","0,906","0,906","0,906"
12/04/1995,"0,908","0,901","0,909","0,901"
11/04/1995,"0,901","0,893","0,902","0,893"
10/04/1995,"0,894","0,894","0,897","0,894"
07/04/1995,"0,894","0,895","0,901","0,894"
06/04/1995,"0,895","0,892","0,895","0,89"
05/04/1995,"0,893","0,895","0,902","0,893"
04/04/1995,"0,895","0,904","0,904","0,895"
03/04/1995,"0,904","0,899","0,906","0,896"
31/03/1995,"0,899","0,895","0,902","0,891"
30/03/1995,"0,895","0,906","0,906","0,895"
29/03/1995,"0,907","0,908","0,908","0,903"
28/03/1995,"0,908","0,907","0,911","0,907"
27/03/1995,"0,908","0,906","0,911","0,906"
24/03/1995,"0,902","0,906","0,909","0,902"
23/03/1995,"0,906","0,902","0,92","0,902"
22/03/1995,"0,906","0,9","0,906","0,897"
21/03/1995,"0,9","0,909","0,909","0,896"
20/03/1995,"0,909","0,896","0,912","0,891"
17/03/1995,"0,896","0,89","0,896","0,885"
16/03/1995,"0,891","0,89","0,9","0,888"
15/03/1995,"0,892","0,879","0,892","0,879"
14/03/1995,"0,879","0,879","0,881","0,879"
13/03/1995,"0,879","0,879","0,881","0,878"
10/03/1995,"0,879","0,886","0,886","0,871"
09/03/1995,"0,887","0,885","0,888","0,884"
08/03/1995,"0,885","0,884","0,891","0,879"
07/03/1995,"0,885","0,879","0,899","0,876"
06/03/1995,"0,879","0,856","0,879","0,856"
03/03/1995,"0,856","0,853","0,858","0,853"
02/03/1995,"0,853","0,85","0,853","0,85"
01/03/1995,"0,85","0,85","0,85","0,845"
28/02/1995,"0,849","0,849","0,849","0,849"
27/02/1995,"0,849","0,849","0,849","0,849"
24/02/1995,"0,848","0,845","0,852","0,84"
23/02/1995,"0,845","0,845","0,845","0,842"
22/02/1995,"0,845","0,845","0,848","0,843"
21/02/1995,"0,845","0,841","0,845","0,84"
20/02/1995,"0,841","0,841","0,841","0,839"
17/02/1995,"0,841","0,842","0,852","0,841"
16/02/1995,"0,842","0,839","0,846","0,839"
15/02/1995,"0,839","0,833","0,839","0,833"
14/02/1995,"0,833","0,832","0,834","0,832"
13/02/1995,"0,832","0,834","0,834","0,832"
10/02/1995,"0,834","0,832","0,835","0,832"
09/02/1995,"0,832","0,832","0,834","0,832"
08/02/1995,"0,834","0,835","0,835","0,834"
07/02/1995,"0,835","0,835","0,836","0,835"
06/02/1995,"0,835","0,838","0,838","0,835"
03/02/1995,"0,838","0,838","0,839","0,838"
02/02/1995,"0,838","0,839","0,84","0,837"
01/02/1995,"0,84","0,84","0,843","0,839"
31/01/1995,"0,84","0,842","0,843","0,84"
30/01/1995,"0,842","0,844","0,847","0,842"
27/01/1995,"0,844","0,843","0,844","0,842"
26/01/1995,"0,843","0,848","0,848","0,842"
25/01/1995,"0,848","0,85","0,852","0,848"
24/01/1995,"0,849","0,85","0,8555","0,849"
23/01/1995,"0,85","0,848","0,853","0,848"
20/01/1995,"0,848","0,847","0,848","0,846"
19/01/1995,"0,847","0,845","0,851","0,845"
18/01/1995,"0,845","0,843","0,845","0,843"
17/01/1995,"0,843","0,846","0,846","0,843"
16/01/1995,"0,846","0,845","0,85","0,844"
13/01/1995,"0,845","0,843","0,847","0,843"
12/01/1995,"0,843","0,848","0,848","0,843"
11/01/1995,"0,848","0,848","0,851","0,847"
10/01/1995,"0,848","0,844","0,85","0,844"
09/01/1995,"0,844","0,841","0,845","0,84"
06/01/1995,"0,841","0,839","0,844","0,837"
05/01/1995,"0,839","0,844","0,844","0,839"
04/01/1995,"0,844","0,842","0,845","0,842"
03/01/1995,"0,843","0,841","0,846","0,841"
02/01/1995,"0,841","0,841","0,846","0,841"
30/12/1994,"0,846","0,846","0,846","0,846"
29/12/1994,"0,846","0,85","0,851","0,845"
28/12/1994,"0,85","0,854","0,857","0,85"
27/12/1994,"0,854","0,85","0,854","0,849"
26/12/1994,"0,85","0,85","0,851","0,847"
23/12/1994,"0,851","0,859","0,859","0,851"
22/12/1994,"0,859","0,856","0,859","0,856"
21/12/1994,"0,856","0,853","0,857","0,85"
20/12/1994,"0,853","0,847","0,854","0,846"
19/12/1994,"0,847","0,848","0,848","0,845"
16/12/1994,"0,848","0,847","0,851","0,846"
15/12/1994,"0,847","0,846","0,853","0,846"
14/12/1994,"0,846","0,842","0,849","0,842"
13/12/1994,"0,842","0,841","0,843","0,84"
12/12/1994,"0,841","0,844","0,844","0,84"
09/12/1994,"0,844","0,846","0,849","0,844"
08/12/1994,"0,846","0,843","0,849","0,841"
07/12/1994,"0,843","0,845","0,847","0,842"
06/12/1994,"0,845","0,848","0,848","0,843"
05/12/1994,"0,848","0,855","0,866","0,848"
02/12/1994,"0,855","0,853","0,858","0,853"
01/12/1994,"0,853","0,848","0,853","0,845"
30/11/1994,"0,848","0,847","0,848","0,842"
29/11/1994,"0,847","0,855","0,855","0,846"
28/11/1994,"0,855","0,863","0,863","0,85"
25/11/1994,"0,863","0,851","0,867","0,851"
24/11/1994,"0,851","0,851","0,857","0,85"
23/11/1994,"0,851","0,837","0,851","0,837"
22/11/1994,"0,837","0,832","0,839","0,832"
21/11/1994,"0,832","0,833","0,835","0,831"
18/11/1994,"0,833","0,833","0,837","0,832"
17/11/1994,"0,833","0,83","0,833","0,83"
16/11/1994,"0,83","0,834","0,834","0,83"
15/11/1994,"0,833","0,833","0,833","0,832"
14/11/1994,"0,833","0,835","0,838","0,833"
11/11/1994,"0,835","0,839","0,839","0,833"
10/11/1994,"0,839","0,828","0,839","0,828"
09/11/1994,"0,828","0,829","0,83","0,828"
08/11/1994,"0,829","0,835","0,835","0,828"
07/11/1994,"0,835","0,84","0,842","0,834"
04/11/1994,"0,84","0,844","0,844","0,84"
03/11/1994,"0,844","0,844","0,845","0,842"
02/11/1994,"0,843","0,843","0,843","0,843"
01/11/1994,"0,843","0,844","0,845","0,841"
31/10/1994,"0,844","0,847","0,847","0,844"
28/10/1994,"0,847","0,849","0,85","0,846"
27/10/1994,"0,849","0,852","0,853","0,849"
26/10/1994,"0,852","0,853","0,855","0,852"
25/10/1994,"0,853","0,851","0,853","0,85"
24/10/1994,"0,85","0,852","0,853","0,849"
21/10/1994,"0,852","0,848","0,852","0,848"
20/10/1994,"0,848","0,858","0,864","0,848"
19/10/1994,"0,858","0,845","0,864","0,845"
18/10/1994,"0,845","0,842","0,85","0,84"
17/10/1994,"0,842","0,824","0,845","0,822"
14/10/1994,"0,823","0,829","0,829","0,823"
13/10/1994,"0,829","0,836","0,836","0,829"
12/10/1994,"0,836","0,836","0,836","0,836"
11/10/1994,"0,836","0,832","0,838","0,832"
10/10/1994,"0,832","0,841","0,841","0,83"
07/10/1994,"0,841","0,843","0,843","0,841"
06/10/1994,"0,843","0,843","0,846","0,842"
05/10/1994,"0,843","0,845","0,848","0,843"
04/10/1994,"0,845","0,852","0,852","0,843"
03/10/1994,"0,852","0,852","0,852","0,852"
30/09/1994,"0,852","0,854","0,855","0,85"
29/09/1994,"0,854","0,854","0,862","0,854"
28/09/1994,"0,86","0,86","0,864","0,859"
27/09/1994,"0,864","0,864","0,876","0,862"
26/09/1994,"0,868","0,858","0,869","0,857"
23/09/1994,"0,857","0,857","0,857","0,854"
22/09/1994,"0,853","0,853","0,855","0,852"
21/09/1994,"0,853","0,853","0,857","0,853"
20/09/1994,"0,856","0,856","0,856","0,85"
19/09/1994,"0,852","0,852","0,854","0,851"
16/09/1994,"0,854","0,854","0,856","0,854"
15/09/1994,"0,856","0,856","0,857","0,854"
14/09/1994,"0,855","0,855","0,855","0,852"
13/09/1994,"0,856","0,856","0,865","0,855"
12/09/1994,"0,852","0,855","0,855","0,848"
09/09/1994,"0,862","0,879","0,879","0,862"
08/09/1994,"0,875","0,88","0,882","0,875"
07/09/1994,"0,883","0,883","0,883","0,883"
06/09/1994,"0,883","0,884","0,885","0,883"
05/09/1994,"0,89","0,893","0,896","0,888"
02/09/1994,"0,884","0,884","0,885","0,883"
01/09/1994,"0,883","0,883","0,885","0,883"
31/08/1994,"0,885","0,885","0,891","0,885"
30/08/1994,"0,887","0,887","0,888","0,887"
29/08/1994,"0,888","0,888","0,897","0,887"
26/08/1994,"0,892","0,892","0,892","0,883"
25/08/1994,"0,886","0,886","0,889","0,883"
24/08/1994,"0,885","0,885","0,895","0,882"
23/08/1994,"0,884","0,884","0,887","0,884"
22/08/1994,"0,883","0,883","0,894","0,883"
19/08/1994,"0,891","0,891","0,895","0,891"
18/08/1994,"0,894","0,894","0,897","0,894"
17/08/1994,"0,897","0,894","0,903","0,894"
16/08/1994,"0,895","0,894","0,896","0,893"
15/08/1994,"0,894","0,912","0,912","0,892"
12/08/1994,"0,902","0,902","0,909","0,899"
11/08/1994,"0,897","0,897","0,9","0,89"
10/08/1994,"0,897","0,897","0,897","0,887"
09/08/1994,"0,893","0,893","0,893","0,882"
08/08/1994,"0,898","0,898","0,907","0,898"
05/08/1994,"0,91","0,91","0,913","0,91"
04/08/1994,"0,909","0,909","0,911","0,907"
03/08/1994,"0,909","0,909","0,912","0,906"
02/08/1994,"0,916","0,916","0,922","0,915"
01/08/1994,"0,926","0,938","0,938","0,925"
29/07/1994,"0,936","0,936","0,94","0,935"
28/07/1994,"0,938","0,938","0,94","0,937"
27/07/1994,"0,935","0,935","0,937","0,933"
26/07/1994,"0,932","0,932","0,935","0,931"
25/07/1994,"0,932","0,933","0,935","0,932"
22/07/1994,"0,934","0,934","0,937","0,934"
21/07/1994,"0,931","0,931","0,933","0,93"
20/07/1994,"0,925","0,925","0,929","0,925"
19/07/1994,"0,93","0,93","0,932","0,928"
18/07/1994,"0,93","0,93","0,934","0,93"
15/07/1994,"0,93","0,92","0,933","0,92"
14/07/1994,"0,922","0,922","0,926","0,92"
13/07/1994,"0,917","0,917","0,921","0,917"
12/07/1994,"0,915","0,915","0,92","0,915"
11/07/1994,"0,92","0,92","0,927","0,916"
08/07/1994,"0,915","0,915","0,928","0,912"
07/07/1994,"0,908","0,908","0,91","0,902"
06/07/1994,"0,91","0,91","0,917","0,9"
05/07/1994,"0,925","0,935","0,937","0,91"
04/07/1994,"0,935","0,935","0,945","0,93"
01/07/1994,"0,9625","0,9625","0,9625","0,9625"