Dia,Cidade,Operacao,Pedidos,Horas_Operacionais,Receita,Pedidos_Cancelados,Taxa_Cancelamento_Pct,Meta_Pedidos,Pedidos_Por_Hora,Receita_Por_Hora,Atingimento_Meta_Pct
2025-01-01,São Paulo,Operação A,18653,121.4,831751.34,880,4.72,18227,153.65,6851.33,102.34
2025-01-01,São Paulo,Operação B,15398,100.9,743982.88,633,4.11,15149,152.61,7373.47,101.64
2025-01-01,São Paulo,Operação C,14002,86.9,562128.9,437,3.13,13055,161.13,6468.69,107.25
2025-01-01,Rio de Janeiro,Operação A,14171,105.4,497406.76,432,3.05,15835,134.45,4719.23,89.49
2025-01-01,Rio de Janeiro,Operação B,13183,83.1,505804.07,312,2.37,12483,158.64,6086.69,105.61
2025-01-01,Rio de Janeiro,Operação C,13692,89.6,578762.38,323,2.36,13463,152.81,6459.4,101.7
2025-01-01,Curitiba,Operação A,12679,81.1,474144.21,481,3.8,12175,156.34,5846.41,104.14
2025-01-01,Curitiba,Operação B,10581,69.6,418935.37,527,4.98,10453,152.03,6019.19,101.22
2025-01-01,Curitiba,Operação C,9320,64.8,422104.47,235,2.52,9740,143.83,6513.96,95.69
2025-01-01,Belo Horizonte,Operação A,10930,81.6,400991.71,399,3.66,12259,133.95,4914.11,89.16
2025-01-01,Belo Horizonte,Operação B,11760,74.9,488479.9,383,3.26,11245,157.01,6521.76,104.58
2025-01-01,Belo Horizonte,Operação C,7514,51.0,301743.04,326,4.35,7658,147.33,5916.53,98.12
2025-01-01,Campinas,Operação A,9949,73.1,430755.25,317,3.19,10984,136.1,5892.68,90.58
2025-01-01,Campinas,Operação B,9187,56.8,423741.17,389,4.25,8525,161.74,7460.23,107.77
2025-01-01,Campinas,Operação C,7326,48.2,317399.34,313,4.28,7246,151.99,6585.05,101.1
2025-01-02,São Paulo,Operação A,17568,114.5,660111.63,446,2.54,17225,153.43,5765.17,101.99
2025-01-02,São Paulo,Operação B,18411,108.2,767958.89,792,4.3,16272,170.16,7097.59,113.15
2025-01-02,São Paulo,Operação C,13762,92.7,597898.11,651,4.73,13948,148.46,6449.82,98.67
2025-01-02,Rio de Janeiro,Operação A,17844,103.5,562461.07,741,4.16,15564,172.41,5434.41,114.65
2025-01-02,Rio de Janeiro,Operação B,13818,90.8,585427.8,263,1.91,13658,152.18,6447.44,101.17
2025-01-02,Rio de Janeiro,Operação C,12400,77.8,594103.54,382,3.09,11707,159.38,7636.29,105.92
2025-01-02,Curitiba,Operação A,11879,79.2,542414.25,447,3.76,11914,149.99,6848.66,99.71
2025-01-02,Curitiba,Operação B,11285,70.1,478352.08,482,4.27,10542,160.98,6823.85,107.05
2025-01-02,Curitiba,Operação C,9116,60.0,368574.17,212,2.33,9029,151.93,6142.9,100.96
2025-01-02,Belo Horizonte,Operação A,13013,82.2,546812.17,431,3.31,12368,158.31,6652.22,105.22
2025-01-02,Belo Horizonte,Operação B,9019,59.8,366434.23,257,2.86,8993,150.82,6127.66,100.29
2025-01-02,Belo Horizonte,Operação C,9622,60.2,476719.52,350,3.64,9055,159.83,7918.93,106.26
2025-01-02,Campinas,Operação A,11214,72.5,384919.6,390,3.48,10909,154.68,5309.24,102.8
2025-01-02,Campinas,Operação B,11283,61.9,465204.36,422,3.74,9313,182.28,7515.42,121.15
2025-01-02,Campinas,Operação C,7688,53.9,358040.09,315,4.1,8103,142.63,6642.67,94.88
2025-01-03,São Paulo,Operação A,17985,123.4,856287.02,427,2.38,18588,145.75,6939.12,96.76
2025-01-03,São Paulo,Operação B,19136,106.6,727892.39,583,3.05,16057,179.51,6828.26,119.18
2025-01-03,São Paulo,Operação C,13648,90.9,488562.18,485,3.55,13690,150.14,5374.72,99.69
2025-01-03,Rio de Janeiro,Operação A,15484,96.3,593382.54,733,4.74,14503,160.79,6161.81,106.76
2025-01-03,Rio de Janeiro,Operação B,12888,84.7,583234.44,324,2.52,12760,152.16,6885.88,101.0
2025-01-03,Rio de Janeiro,Operação C,13754,81.0,489230.7,501,3.65,12195,169.8,6039.89,112.78
2025-01-03,Curitiba,Operação A,14230,86.7,527252.77,347,2.44,13057,164.13,6081.35,108.98
2025-01-03,Curitiba,Operação B,12305,77.5,529139.26,464,3.78,11666,158.77,6827.6,105.48
2025-01-03,Curitiba,Operação C,9519,60.2,410957.03,278,2.93,9064,158.12,6826.53,105.02
2025-01-03,Belo Horizonte,Operação A,14989,93.2,558112.21,603,4.03,14040,160.83,5988.33,106.76
2025-01-03,Belo Horizonte,Operação B,10325,62.9,481500.0,293,2.84,9470,164.15,7655.01,109.03
2025-01-03,Belo Horizonte,Operação C,10902,68.1,493732.4,547,5.02,10254,160.09,7250.11,106.32
2025-01-03,Campinas,Operação A,10173,69.0,391069.88,289,2.85,10393,147.43,5667.68,97.88
2025-01-03,Campinas,Operação B,9714,61.0,418739.1,404,4.16,9181,159.25,6864.58,105.81
2025-01-03,Campinas,Operação C,9295,54.2,380550.06,527,5.68,8165,171.49,7021.22,113.84
2025-01-04,São Paulo,Operação A,15761,122.3,594448.65,612,3.89,16226,128.87,4860.58,97.13
2025-01-04,São Paulo,Operação B,14535,100.9,637984.04,500,3.44,13396,144.05,6322.93,108.5
2025-01-04,São Paulo,Operação C,10332,84.3,415490.43,432,4.19,11185,122.56,4928.71,92.37
2025-01-04,Rio de Janeiro,Operação A,13173,105.2,562391.25,501,3.81,13966,125.22,5345.92,94.32
2025-01-04,Rio de Janeiro,Operação B,11646,84.0,491843.59,301,2.59,11150,138.64,5855.28,104.45
2025-01-04,Rio de Janeiro,Operação C,11670,81.9,540696.83,506,4.34,10867,142.49,6601.91,107.39
2025-01-04,Curitiba,Operação A,9640,75.2,424739.76,377,3.91,9984,128.19,5648.14,96.55
2025-01-04,Curitiba,Operação B,13479,77.4,596898.13,594,4.41,10273,174.15,7711.86,131.21
2025-01-04,Curitiba,Operação C,10270,71.6,418388.74,421,4.11,9506,143.44,5843.42,108.04
2025-01-04,Belo Horizonte,Operação A,10081,74.7,403830.2,359,3.57,9920,134.95,5406.03,101.62
2025-01-04,Belo Horizonte,Operação B,10241,85.9,458233.96,226,2.21,11401,119.22,5334.5,89.83
2025-01-04,Belo Horizonte,Operação C,8565,58.0,361932.23,225,2.64,7702,147.67,6240.21,111.2
2025-01-04,Campinas,Operação A,9442,65.7,368979.51,346,3.67,8722,143.71,5616.13,108.25
2025-01-04,Campinas,Operação B,8091,61.8,409208.61,324,4.01,8205,130.92,6621.5,98.61
2025-01-04,Campinas,Operação C,6252,45.0,246034.04,261,4.18,5972,138.93,5467.42,104.69
2025-01-05,São Paulo,Operação A,15302,112.3,673593.26,641,4.19,14929,136.26,5998.16,102.5
2025-01-05,São Paulo,Operação B,12620,94.1,506064.76,375,2.98,12506,134.11,5377.95,100.91
2025-01-05,São Paulo,Operação C,14484,102.6,535277.43,613,4.23,13630,141.17,5217.13,106.27
2025-01-05,Rio de Janeiro,Operação A,17463,118.6,627314.97,543,3.11,15760,147.24,5289.33,110.81
2025-01-05,Rio de Janeiro,Operação B,12931,99.1,566058.12,532,4.12,13166,130.48,5711.99,98.22
2025-01-05,Rio de Janeiro,Operação C,9968,72.9,289420.19,267,2.68,9687,136.74,3970.1,102.9
2025-01-05,Curitiba,Operação A,10416,83.1,505484.78,245,2.36,11044,125.34,6082.85,94.31
2025-01-05,Curitiba,Operação B,9801,70.7,468145.68,230,2.35,9399,138.63,6621.58,104.28
2025-01-05,Curitiba,Operação C,10044,73.1,382414.91,388,3.87,9713,137.4,5231.39,103.41
2025-01-05,Belo Horizonte,Operação A,10729,81.5,453613.63,342,3.19,10838,131.64,5565.81,98.99
2025-01-05,Belo Horizonte,Operação B,10130,70.5,489725.4,254,2.51,9369,143.69,6946.46,108.12
2025-01-05,Belo Horizonte,Operação C,9043,76.3,374315.63,359,3.97,10136,118.52,4905.84,89.22
2025-01-05,Campinas,Operação A,9548,72.7,393067.4,296,3.11,9661,131.33,5406.7,98.83
2025-01-05,Campinas,Operação B,8348,57.4,362537.46,245,2.95,7625,145.44,6315.98,109.48
2025-01-05,Campinas,Operação C,8476,60.4,383551.28,339,4.0,8029,140.33,6350.19,105.57
2025-01-06,São Paulo,Operação A,16827,112.1,757032.84,671,3.99,16949,150.11,6753.19,99.28
2025-01-06,São Paulo,Operação B,16127,102.4,759753.61,488,3.03,15479,157.49,7419.47,104.19
2025-01-06,São Paulo,Operação C,14486,94.0,595798.68,634,4.38,14220,154.11,6338.28,101.87
2025-01-06,Rio de Janeiro,Operação A,18088,109.5,854150.0,636,3.52,16561,165.19,7800.46,109.22
2025-01-06,Rio de Janeiro,Operação B,14519,95.0,628624.29,493,3.4,14363,152.83,6617.1,101.09
2025-01-06,Rio de Janeiro,Operação C,13032,80.1,504691.79,674,5.17,12107,162.7,6300.77,107.64
2025-01-06,Curitiba,Operação A,11129,77.8,518972.46,459,4.13,11770,143.05,6670.6,94.55
2025-01-06,Curitiba,Operação B,12753,78.2,535001.27,354,2.78,11822,163.08,6841.45,107.88
2025-01-06,Curitiba,Operação C,9747,65.5,447391.97,329,3.38,9902,148.81,6830.41,98.43
2025-01-06,Belo Horizonte,Operação A,11361,74.4,495927.26,346,3.05,11248,152.7,6665.69,101.0
2025-01-06,Belo Horizonte,Operação B,10163,63.9,436804.38,314,3.09,9670,159.05,6835.75,105.1
2025-01-06,Belo Horizonte,Operação C,9217,58.0,333726.03,218,2.37,8777,158.91,5753.9,105.01
2025-01-06,Campinas,Operação A,10113,65.7,437322.83,473,4.68,9935,153.93,6656.36,101.79
2025-01-06,Campinas,Operação B,10431,67.5,437308.57,281,2.7,10209,154.53,6478.65,102.17
2025-01-06,Campinas,Operação C,8267,54.0,357885.66,234,2.84,8165,153.09,6627.51,101.25
2025-01-07,São Paulo,Operação A,21055,121.5,875150.22,804,3.82,18401,173.29,7202.88,114.42
2025-01-07,São Paulo,Operação B,16324,107.3,700240.34,572,3.51,16254,152.13,6526.01,100.43
2025-01-07,São Paulo,Operação C,13452,90.9,566302.84,524,3.9,13763,147.99,6229.95,97.74
2025-01-07,Rio de Janeiro,Operação A,19019,113.9,962603.51,548,2.89,17247,166.98,8451.3,110.27
2025-01-07,Rio de Janeiro,Operação B,15264,96.3,774788.61,435,2.85,14584,158.5,8045.57,104.66
2025-01-07,Rio de Janeiro,Operação C,11019,73.5,369185.17,339,3.08,11130,149.92,5022.93,99.0
2025-01-07,Curitiba,Operação A,12580,79.6,545557.16,629,5.0,12048,158.04,6853.73,104.42
2025-01-07,Curitiba,Operação B,12081,80.5,463987.01,470,3.89,12183,150.07,5763.81,99.16
2025-01-07,Curitiba,Operação C,9834,55.7,459422.46,307,3.12,8435,176.55,8248.16,116.59
2025-01-07,Belo Horizonte,Operação A,11677,68.2,485084.07,524,4.49,10322,171.22,7112.67,113.13
2025-01-07,Belo Horizonte,Operação B,8776,58.5,368776.07,310,3.54,8865,150.02,6303.86,99.0
2025-01-07,Belo Horizonte,Operação C,9502,58.2,358505.88,321,3.39,8811,163.26,6159.89,107.84
2025-01-07,Campinas,Operação A,11602,71.6,520308.62,301,2.6,10838,162.04,7266.88,107.05
2025-01-07,Campinas,Operação B,8654,50.8,374971.38,251,2.9,7687,170.35,7381.33,112.58
2025-01-07,Campinas,Operação C,10250,65.0,478851.18,364,3.55,9840,157.69,7366.94,104.17
2025-01-08,São Paulo,Operação A,23279,132.3,954535.45,995,4.28,20062,175.96,7214.93,116.04
2025-01-08,São Paulo,Operação B,18376,107.0,700866.27,744,4.05,16228,171.74,6550.15,113.24
2025-01-08,São Paulo,Operação C,13412,97.6,499824.55,250,1.87,14802,137.42,5121.15,90.61
2025-01-08,Rio de Janeiro,Operação A,16760,101.8,804638.02,596,3.56,15444,164.64,7904.11,108.52
2025-01-08,Rio de Janeiro,Operação B,14382,101.6,506051.82,496,3.46,15407,141.56,4980.83,93.35
2025-01-08,Rio de Janeiro,Operação C,12830,82.1,432758.87,439,3.43,12444,156.27,5271.12,103.1
2025-01-08,Curitiba,Operação A,12424,75.7,540026.47,341,2.75,11485,164.12,7133.77,108.18
2025-01-08,Curitiba,Operação B,10185,70.2,425216.45,434,4.26,10646,145.09,6057.21,95.67
2025-01-08,Curitiba,Operação C,9416,58.0,375500.38,269,2.87,8802,162.34,6474.14,106.98
2025-01-08,Belo Horizonte,Operação A,11541,79.4,459163.33,293,2.54,12041,145.35,5782.91,95.85
2025-01-08,Belo Horizonte,Operação B,13109,83.5,513887.19,481,3.67,12655,156.99,6154.34,103.59
2025-01-08,Belo Horizonte,Operação C,9341,60.5,415269.72,383,4.11,9182,154.4,6863.96,101.73
2025-01-08,Campinas,Operação A,10077,67.0,412147.22,167,1.66,10162,150.4,6151.45,99.16
2025-01-08,Campinas,Operação B,8738,50.9,424490.91,288,3.3,7717,171.67,8339.7,113.23
2025-01-08,Campinas,Operação C,9311,58.2,505731.84,409,4.4,8819,159.98,8689.55,105.58
2025-01-09,São Paulo,Operação A,17127,117.0,609279.58,627,3.66,17763,146.38,5207.52,96.42
2025-01-09,São Paulo,Operação B,13734,97.2,541307.87,361,2.63,14760,141.3,5569.01,93.05
2025-01-09,São Paulo,Operação C,16994,102.0,713206.05,795,4.68,15490,166.61,6992.22,109.71
2025-01-09,Rio de Janeiro,Operação A,15375,104.3,739422.13,604,3.93,15833,147.41,7089.38,97.11
2025-01-09,Rio de Janeiro,Operação B,12840,82.9,494308.25,307,2.39,12594,154.89,5962.71,101.95
2025-01-09,Rio de Janeiro,Operação C,15273,85.9,556024.71,603,3.95,13037,177.8,6472.93,117.15
2025-01-09,Curitiba,Operação A,12172,80.3,482381.52,341,2.81,12196,151.58,6007.24,99.8
2025-01-09,Curitiba,Operação B,10956,74.1,472004.5,379,3.46,11258,147.85,6369.83,97.32
2025-01-09,Curitiba,Operação C,9297,63.3,369025.03,381,4.1,9607,146.87,5829.78,96.77
2025-01-09,Belo Horizonte,Operação A,12229,83.7,518476.94,501,4.1,12704,146.11,6194.47,96.26
2025-01-09,Belo Horizonte,Operação B,9449,58.0,371813.47,373,3.96,8809,162.91,6410.58,107.27
2025-01-09,Belo Horizonte,Operação C,7676,56.0,272419.94,271,3.54,8502,137.07,4864.64,90.28
2025-01-09,Campinas,Operação A,10662,72.5,475038.69,231,2.17,11015,147.06,6552.26,96.8
2025-01-09,Campinas,Operação B,8765,61.0,345276.63,310,3.54,9268,143.69,5660.27,94.57
2025-01-09,Campinas,Operação C,7343,48.1,337962.83,223,3.04,7303,152.66,7026.25,100.55
2025-01-10,São Paulo,Operação A,17902,123.7,789822.22,833,4.65,18813,144.72,6384.98,95.16
2025-01-10,São Paulo,Operação B,12639,85.2,560012.46,421,3.34,12954,148.35,6572.92,97.57
2025-01-10,São Paulo,Operação C,13964,92.8,591324.56,471,3.38,14110,150.47,6372.03,98.97
2025-01-10,Rio de Janeiro,Operação A,17896,111.9,775798.95,567,3.17,17015,159.93,6932.97,105.18
2025-01-10,Rio de Janeiro,Operação B,13223,86.8,576229.36,418,3.16,13196,152.34,6638.59,100.2
2025-01-10,Rio de Janeiro,Operação C,14648,81.4,666256.94,474,3.24,12377,179.95,8184.97,118.35
2025-01-10,Curitiba,Operação A,14237,93.3,481886.88,383,2.69,14183,152.59,5164.92,100.38
2025-01-10,Curitiba,Operação B,9303,60.7,391411.38,450,4.84,9230,153.26,6448.29,100.79
2025-01-10,Curitiba,Operação C,10401,67.2,471348.59,180,1.73,10223,154.78,7014.12,101.74
2025-01-10,Belo Horizonte,Operação A,13546,81.8,488816.28,598,4.42,12438,165.6,5975.75,108.91
2025-01-10,Belo Horizonte,Operação B,10994,72.1,489575.22,584,5.32,10958,152.48,6790.22,100.33
2025-01-10,Belo Horizonte,Operação C,10008,62.6,401946.86,282,2.82,9520,159.87,6420.88,105.13
2025-01-10,Campinas,Operação A,11305,76.5,478046.23,352,3.12,11637,147.78,6248.97,97.15
2025-01-10,Campinas,Operação B,10427,64.9,481207.72,322,3.09,9861,160.66,7414.6,105.74
2025-01-10,Campinas,Operação C,7644,52.2,307463.29,290,3.8,7941,146.44,5890.1,96.26
2025-01-11,São Paulo,Operação A,15953,123.2,725517.29,731,4.58,16503,129.49,5888.94,96.67
2025-01-11,São Paulo,Operação B,16509,105.4,642280.06,413,2.5,14121,156.63,6093.74,116.91
2025-01-11,São Paulo,Operação C,11891,77.7,530546.25,410,3.46,10417,153.04,6828.14,114.15
2025-01-11,Rio de Janeiro,Operação A,13480,105.7,698034.95,485,3.6,14161,127.53,6603.93,95.19
2025-01-11,Rio de Janeiro,Operação B,13234,91.0,581290.7,486,3.68,12188,145.43,6387.81,108.58
2025-01-11,Rio de Janeiro,Operação C,10561,73.8,523066.24,483,4.58,9894,143.1,7087.62,106.74
2025-01-11,Curitiba,Operação A,12818,96.0,487616.98,435,3.4,12865,133.52,5079.34,99.63
2025-01-11,Curitiba,Operação B,11058,74.2,389574.9,522,4.72,9940,149.03,5250.34,111.25
2025-01-11,Curitiba,Operação C,8574,63.8,325396.87,186,2.18,8553,134.39,5100.26,100.25
2025-01-11,Belo Horizonte,Operação A,11956,85.9,440460.91,294,2.46,11511,139.19,5127.6,103.87
2025-01-11,Belo Horizonte,Operação B,10414,67.3,426574.46,239,2.3,9024,154.74,6338.4,115.4
2025-01-11,Belo Horizonte,Operação C,8096,59.6,252696.02,279,3.46,7987,135.84,4239.87,101.36
2025-01-11,Campinas,Operação A,10034,69.1,495637.7,441,4.4,9259,145.21,7172.76,108.37
2025-01-11,Campinas,Operação B,7614,59.6,398162.25,270,3.55,7988,127.75,6680.57,95.32
2025-01-11,Campinas,Operação C,7493,54.2,320643.0,253,3.38,7264,138.25,5915.92,103.15
2025-01-12,São Paulo,Operação A,15180,113.9,635571.22,465,3.07,15276,133.27,5580.08,99.37
2025-01-12,São Paulo,Operação B,13619,97.5,558107.86,640,4.7,13082,139.68,5724.18,104.1
2025-01-12,São Paulo,Operação C,10691,71.6,502309.59,196,1.84,9612,149.32,7015.5,111.23
2025-01-12,Rio de Janeiro,Operação A,13683,101.3,497650.07,393,2.88,13595,135.07,4912.64,100.65
2025-01-12,Rio de Janeiro,Operação B,12829,82.4,586833.27,579,4.52,11058,155.69,7121.76,116.02
2025-01-12,Rio de Janeiro,Operação C,10779,84.4,430102.78,419,3.89,11327,127.71,5096.0,95.16
2025-01-12,Curitiba,Operação A,11108,76.3,455857.86,355,3.2,10238,145.58,5974.55,108.5
2025-01-12,Curitiba,Operação B,11261,78.8,456702.64,498,4.43,10569,142.91,5795.72,106.55
2025-01-12,Curitiba,Operação C,8297,57.4,368157.84,269,3.25,7697,144.55,6413.9,107.8
2025-01-12,Belo Horizonte,Operação A,10428,82.4,476519.02,349,3.35,11060,126.55,5783.0,94.29
2025-01-12,Belo Horizonte,Operação B,9828,66.0,385086.84,233,2.37,8860,148.91,5834.65,110.93
2025-01-12,Belo Horizonte,Operação C,7289,50.4,268805.8,357,4.9,6767,144.62,5333.45,107.71
2025-01-12,Campinas,Operação A,8709,56.2,373129.0,298,3.42,7533,154.96,6639.31,115.61
2025-01-12,Campinas,Operação B,8220,57.7,344002.57,360,4.38,7739,142.46,5961.92,106.22
2025-01-12,Campinas,Operação C,7694,54.9,311957.47,265,3.45,7368,140.15,5682.29,104.42
2025-01-13,São Paulo,Operação A,16668,120.0,610169.78,682,4.09,18324,138.9,5084.75,90.96
2025-01-13,São Paulo,Operação B,16147,103.7,679364.61,610,3.78,15830,155.71,6551.25,102.0
2025-01-13,São Paulo,Operação C,12890,86.4,551477.78,350,2.72,13193,149.19,6382.84,97.7
2025-01-13,Rio de Janeiro,Operação A,14810,106.6,682987.18,574,3.88,16272,138.93,6407.01,91.02
2025-01-13,Rio de Janeiro,Operação B,15510,92.0,754746.03,668,4.31,14043,168.59,8203.76,110.45
2025-01-13,Rio de Janeiro,Operação C,9549,66.5,377192.43,336,3.52,10150,143.59,5672.07,94.08
2025-01-13,Curitiba,Operação A,13250,88.5,566398.64,383,2.9,13509,149.72,6399.98,98.08
2025-01-13,Curitiba,Operação B,9886,69.5,378703.66,239,2.42,10613,142.24,5448.97,93.15
2025-01-13,Curitiba,Operação C,9843,58.1,376026.27,551,5.61,8871,169.41,6472.05,110.96
2025-01-13,Belo Horizonte,Operação A,13360,83.6,515249.36,542,4.06,12763,159.81,6163.27,104.68
2025-01-13,Belo Horizonte,Operação B,10448,65.7,545807.05,357,3.42,10025,159.03,8307.57,104.22
2025-01-13,Belo Horizonte,Operação C,10406,69.4,435595.64,511,4.92,10591,149.94,6276.59,98.25
2025-01-13,Campinas,Operação A,11792,66.3,528647.24,359,3.05,10127,177.86,7973.56,116.44
2025-01-13,Campinas,Operação B,11108,65.9,494164.26,249,2.24,10064,168.56,7498.7,110.37
2025-01-13,Campinas,Operação C,7600,49.0,316937.22,303,4.0,7485,155.1,6468.11,101.54
2025-01-14,São Paulo,Operação A,17057,119.1,742334.14,680,3.99,18209,143.22,6232.86,93.67
2025-01-14,São Paulo,Operação B,18081,106.4,819714.59,699,3.87,16267,169.93,7704.08,111.15
2025-01-14,São Paulo,Operação C,12522,89.7,547442.72,459,3.67,13713,139.6,6103.04,91.31
2025-01-14,Rio de Janeiro,Operação A,15194,105.6,572445.71,659,4.34,16147,143.88,5420.89,94.1
2025-01-14,Rio de Janeiro,Operação B,14881,89.9,626687.62,524,3.52,13746,165.53,6970.94,108.26
2025-01-14,Rio de Janeiro,Operação C,13085,85.9,554600.96,409,3.13,13137,152.33,6456.36,99.6
2025-01-14,Curitiba,Operação A,12645,81.8,542325.53,394,3.12,12508,154.58,6629.9,101.1
2025-01-14,Curitiba,Operação B,12228,82.6,504435.73,384,3.15,12625,148.04,6106.97,96.86
2025-01-14,Curitiba,Operação C,12021,75.1,554497.21,277,2.31,11475,160.07,7383.45,104.76
2025-01-14,Belo Horizonte,Operação A,13763,82.0,582575.9,599,4.35,12538,167.84,7104.58,109.77
2025-01-14,Belo Horizonte,Operação B,11467,66.1,587059.86,368,3.21,10101,173.48,8881.39,113.52
2025-01-14,Belo Horizonte,Operação C,10131,58.2,489512.58,312,3.08,8899,174.07,8410.87,113.84
2025-01-14,Campinas,Operação A,10495,67.8,384349.97,290,2.77,10361,154.79,5668.88,101.29
2025-01-14,Campinas,Operação B,8141,54.5,340792.52,300,3.69,8326,149.38,6253.07,97.78
2025-01-14,Campinas,Operação C,9545,65.0,438471.43,317,3.33,9932,146.85,6745.71,96.1
2025-01-15,São Paulo,Operação A,19467,117.5,730189.88,740,3.81,17989,165.68,6214.38,108.22
2025-01-15,São Paulo,Operação B,16961,103.7,731980.36,926,5.46,15867,163.56,7058.63,106.89
2025-01-15,São Paulo,Operação C,13056,85.7,515809.11,398,3.06,13123,152.35,6018.78,99.49
2025-01-15,Rio de Janeiro,Operação A,17007,99.3,810928.06,517,3.04,15194,171.27,8166.45,111.93
2025-01-15,Rio de Janeiro,Operação B,13785,84.4,548520.42,552,4.01,12914,163.33,6499.06,106.74
2025-01-15,Rio de Janeiro,Operação C,11423,80.8,550474.61,563,4.94,12367,141.37,6812.8,92.37
2025-01-15,Curitiba,Operação A,12399,80.6,534935.78,467,3.77,12333,153.83,6636.92,100.54
2025-01-15,Curitiba,Operação B,14146,78.4,584119.62,404,2.86,12001,180.43,7450.51,117.87
2025-01-15,Curitiba,Operação C,8297,55.3,347374.58,409,4.94,8462,150.04,6281.64,98.05
2025-01-15,Belo Horizonte,Operação A,12294,76.5,515540.39,547,4.45,11714,160.71,6739.09,104.95
2025-01-15,Belo Horizonte,Operação B,13308,87.4,532882.16,576,4.34,13376,152.27,6097.05,99.49
2025-01-15,Belo Horizonte,Operação C,11807,66.1,523471.76,379,3.21,10118,178.62,7919.39,116.69
2025-01-15,Campinas,Operação A,12759,74.9,577752.13,498,3.91,11458,170.35,7713.65,111.35
2025-01-15,Campinas,Operação B,11801,69.0,560885.43,474,4.02,10556,171.03,8128.77,111.79
2025-01-15,Campinas,Operação C,8460,53.0,396148.26,240,2.85,8104,159.62,7474.5,104.39
2025-01-16,São Paulo,Operação A,18551,120.5,781274.98,839,4.52,18461,153.95,6483.61,100.49
2025-01-16,São Paulo,Operação B,16498,103.8,603176.37,675,4.1,15914,158.94,5810.95,103.67
2025-01-16,São Paulo,Operação C,17272,94.7,704160.22,634,3.68,14516,182.39,7435.69,118.99
2025-01-16,Rio de Janeiro,Operação A,18548,105.5,771945.83,690,3.72,16165,175.81,7317.02,114.74
2025-01-16,Rio de Janeiro,Operação B,15154,94.5,609406.98,553,3.66,14476,160.36,6448.75,104.68
2025-01-16,Rio de Janeiro,Operação C,12772,86.9,543217.15,375,2.94,13317,146.97,6251.06,95.91
2025-01-16,Curitiba,Operação A,13191,93.2,524531.05,501,3.8,14289,141.53,5628.02,92.32
2025-01-16,Curitiba,Operação B,13361,84.8,531489.92,668,5.0,12990,157.56,6267.57,102.86
2025-01-16,Curitiba,Operação C,7344,54.8,321373.86,227,3.1,8400,134.01,5864.49,87.43
2025-01-16,Belo Horizonte,Operação A,12135,73.0,521504.09,369,3.05,11189,166.23,7143.89,108.45
2025-01-16,Belo Horizonte,Operação B,10206,60.7,455195.81,349,3.42,9308,168.14,7499.11,109.65
2025-01-16,Belo Horizonte,Operação C,10880,74.3,390569.14,320,2.95,11381,146.43,5256.65,95.6
2025-01-16,Campinas,Operação A,11340,70.4,465337.53,428,3.78,10790,161.08,6609.91,105.1
2025-01-16,Campinas,Operação B,9196,52.7,383210.15,404,4.39,8082,174.5,7271.54,113.78
2025-01-16,Campinas,Operação C,9237,56.5,409005.76,356,3.86,8662,163.49,7239.04,106.64
2025-01-17,São Paulo,Operação A,21211,122.4,907535.64,862,4.07,18779,173.29,7414.51,112.95
2025-01-17,São Paulo,Operação B,17783,101.9,698772.86,878,4.94,15633,174.51,6857.44,113.75
2025-01-17,São Paulo,Operação C,12830,89.9,545434.32,379,2.96,13799,142.71,6067.12,92.98
2025-01-17,Rio de Janeiro,Operação A,16588,109.6,667090.84,329,1.99,16821,151.35,6086.6,98.61
2025-01-17,Rio de Janeiro,Operação B,11459,87.0,408678.23,470,4.11,13356,131.71,4697.45,85.8
2025-01-17,Rio de Janeiro,Operação C,13860,84.9,528510.84,479,3.46,13025,163.25,6225.1,106.41
2025-01-17,Curitiba,Operação A,12363,84.8,593592.05,519,4.2,13020,145.79,6999.91,94.95
2025-01-17,Curitiba,Operação B,11479,72.3,491686.11,214,1.87,11088,158.77,6800.64,103.53
2025-01-17,Curitiba,Operação C,9545,63.2,362648.15,312,3.28,9700,151.03,5738.1,98.4
2025-01-17,Belo Horizonte,Operação A,15365,92.7,610225.34,608,3.96,14231,165.75,6582.8,107.97
2025-01-17,Belo Horizonte,Operação B,13422,79.5,566925.44,400,2.98,12199,168.83,7131.14,110.03
2025-01-17,Belo Horizonte,Operação C,10790,66.2,491816.54,432,4.01,10162,162.99,7429.25,106.18
2025-01-17,Campinas,Operação A,11916,78.1,563264.27,435,3.66,11981,152.57,7212.09,99.46
2025-01-17,Campinas,Operação B,11474,76.0,561581.79,419,3.66,11667,150.97,7389.23,98.35
2025-01-17,Campinas,Operação C,7592,49.6,309135.69,291,3.84,7605,153.06,6232.57,99.83
2025-01-18,São Paulo,Operação A,16299,121.5,682970.18,849,5.21,16433,134.15,5621.15,99.18
2025-01-18,São Paulo,Operação B,16500,114.6,695508.23,593,3.6,15495,143.98,6069.01,106.49
2025-01-18,São Paulo,Operação C,12258,94.5,502216.31,265,2.17,12777,129.71,5314.46,95.94
2025-01-18,Rio de Janeiro,Operação A,15558,106.5,623366.34,740,4.76,14404,146.08,5853.21,108.01
2025-01-18,Rio de Janeiro,Operação B,10235,81.6,439059.06,443,4.34,11036,125.43,5380.63,92.74
2025-01-18,Rio de Janeiro,Operação C,12328,91.2,570967.91,427,3.47,12327,135.18,6260.61,100.01
2025-01-18,Curitiba,Operação A,12412,83.7,553690.53,277,2.24,11312,148.29,6615.18,109.72
2025-01-18,Curitiba,Operação B,12891,84.1,509165.48,492,3.82,11376,153.28,6054.29,113.32
2025-01-18,Curitiba,Operação C,9732,68.4,387321.72,288,2.96,9249,142.28,5662.6,105.22
2025-01-18,Belo Horizonte,Operação A,12092,80.0,534156.85,387,3.2,10814,151.15,6676.96,111.82
2025-01-18,Belo Horizonte,Operação B,8401,75.1,391445.12,177,2.11,10155,111.86,5212.32,82.73
2025-01-18,Belo Horizonte,Operação C,7571,58.8,278773.87,335,4.43,7950,128.76,4741.05,95.23
2025-01-18,Campinas,Operação A,9653,67.5,403614.3,374,3.88,9120,143.01,5979.47,105.84
2025-01-18,Campinas,Operação B,7889,62.0,362776.2,244,3.1,8388,127.24,5851.23,94.05
2025-01-18,Campinas,Operação C,6099,45.0,292770.54,254,4.18,6084,135.53,6506.01,100.25
2025-01-19,São Paulo,Operação A,15755,115.4,641440.56,813,5.16,15628,136.53,5558.41,100.81
2025-01-19,São Paulo,Operação B,15157,105.2,699058.03,559,3.69,14239,144.08,6645.04,106.45
2025-01-19,São Paulo,Operação C,12195,88.4,508697.29,423,3.47,11966,137.95,5754.49,101.91
2025-01-19,Rio de Janeiro,Operação A,15280,108.8,686538.96,524,3.44,14733,140.44,6310.1,103.71
2025-01-19,Rio de Janeiro,Operação B,10920,90.8,498665.19,412,3.78,12286,120.26,5491.91,88.88
2025-01-19,Rio de Janeiro,Operação C,9632,86.4,485004.9,326,3.39,11692,111.48,5613.48,82.38
2025-01-19,Curitiba,Operação A,12015,92.6,534079.91,319,2.66,12541,129.75,5767.6,95.81
2025-01-19,Curitiba,Operação B,11015,69.4,454228.53,404,3.67,9400,158.72,6545.08,117.18
2025-01-19,Curitiba,Operação C,10282,71.0,438030.43,389,3.79,9617,144.82,6169.44,106.91
2025-01-19,Belo Horizonte,Operação A,13513,97.0,578415.81,586,4.34,13130,139.31,5963.05,102.92
2025-01-19,Belo Horizonte,Operação B,11734,77.4,522807.44,303,2.59,10484,151.6,6754.62,111.92
2025-01-19,Belo Horizonte,Operação C,9363,72.8,404580.3,271,2.9,9852,128.61,5557.42,95.04
2025-01-19,Campinas,Operação A,10058,70.3,435364.84,385,3.84,9514,143.07,6192.96,105.72
2025-01-19,Campinas,Operação B,10507,72.8,431032.58,448,4.27,9856,144.33,5920.78,106.61
2025-01-19,Campinas,Operação C,7985,62.4,354450.96,324,4.06,8454,127.96,5680.3,94.45
2025-01-20,São Paulo,Operação A,20207,115.8,836565.31,727,3.6,17837,174.5,7224.23,113.29
2025-01-20,São Paulo,Operação B,16141,101.3,607142.1,378,2.35,15603,159.34,5993.51,103.45
2025-01-20,São Paulo,Operação C,15178,101.4,577286.59,269,1.78,15614,149.68,5693.16,97.21
2025-01-20,Rio de Janeiro,Operação A,14336,99.3,696271.72,617,4.31,15290,144.37,7011.8,93.76
2025-01-20,Rio de Janeiro,Operação B,15734,85.4,722616.39,509,3.24,13153,184.24,8461.55,119.62
2025-01-20,Rio de Janeiro,Operação C,11430,61.9,416528.75,249,2.18,9532,184.65,6729.06,119.91
2025-01-20,Curitiba,Operação A,17151,92.0,815308.65,677,3.95,14176,186.42,8862.05,120.99
2025-01-20,Curitiba,Operação B,13152,78.0,592309.72,489,3.72,12010,168.62,7593.71,109.51
2025-01-20,Curitiba,Operação C,10408,65.7,405746.95,340,3.28,10117,158.42,6175.75,102.88
2025-01-20,Belo Horizonte,Operação A,10798,68.3,410816.77,282,2.62,10522,158.1,6014.89,102.62
2025-01-20,Belo Horizonte,Operação B,12396,71.0,566165.81,278,2.24,10931,174.59,7974.17,113.4
2025-01-20,Belo Horizonte,Operação C,9231,54.4,351424.64,306,3.32,8381,169.69,6460.01,110.14
2025-01-20,Campinas,Operação A,11066,74.6,469436.34,269,2.43,11488,148.34,6292.71,96.33
2025-01-20,Campinas,Operação B,9323,57.3,332160.08,359,3.85,8825,162.71,5796.86,105.64
2025-01-20,Campinas,Operação C,8925,54.0,382843.73,409,4.59,8316,165.28,7089.7,107.32
2025-01-21,São Paulo,Operação A,18358,118.8,780016.55,722,3.93,18316,154.53,6565.8,100.23
2025-01-21,São Paulo,Operação B,16438,102.8,644238.64,488,2.97,15862,159.9,6266.91,103.63
2025-01-21,São Paulo,Operação C,14380,80.4,532412.99,423,2.95,12398,178.86,6622.05,115.99
2025-01-21,Rio de Janeiro,Operação A,16717,98.7,682391.3,751,4.5,15224,169.37,6913.79,109.81
2025-01-21,Rio de Janeiro,Operação B,13891,85.5,537006.78,724,5.22,13185,162.47,6280.78,105.35
2025-01-21,Rio de Janeiro,Operação C,11572,71.1,515360.26,443,3.83,10961,162.76,7248.39,105.57
2025-01-21,Curitiba,Operação A,13199,83.6,556671.07,446,3.38,12890,157.88,6658.74,102.4
2025-01-21,Curitiba,Operação B,14824,80.5,589550.97,356,2.4,12423,184.15,7323.61,119.33
2025-01-21,Curitiba,Operação C,12104,64.3,469457.29,582,4.81,9921,188.24,7301.05,122.0
2025-01-21,Belo Horizonte,Operação A,14079,91.9,623360.85,676,4.8,14174,153.2,6783.03,99.33
2025-01-21,Belo Horizonte,Operação B,10533,67.0,417878.62,283,2.69,10341,157.21,6236.99,101.86
2025-01-21,Belo Horizonte,Operação C,8276,56.8,348720.3,238,2.88,8759,145.7,6139.44,94.49
2025-01-21,Campinas,Operação A,10277,72.4,445235.82,428,4.17,11161,141.95,6149.67,92.08
2025-01-21,Campinas,Operação B,7776,47.5,364777.42,196,2.53,7333,163.71,7679.52,106.04
2025-01-21,Campinas,Operação C,10799,65.8,423104.31,373,3.46,10153,164.12,6430.16,106.36
2025-01-22,São Paulo,Operação A,19538,121.8,862700.86,539,2.76,18807,160.41,7082.93,103.89
2025-01-22,São Paulo,Operação B,14909,103.7,619544.92,414,2.78,16012,143.77,5974.4,93.11
2025-01-22,São Paulo,Operação C,14747,85.1,683748.2,588,3.99,13135,173.29,8034.64,112.27
2025-01-22,Rio de Janeiro,Operação A,14993,96.1,702457.9,541,3.61,14838,156.01,7309.66,101.04
2025-01-22,Rio de Janeiro,Operação B,17453,106.4,746433.33,567,3.25,16437,164.03,7015.35,106.18
2025-01-22,Rio de Janeiro,Operação C,12679,80.3,568430.44,540,4.27,12402,157.9,7078.83,102.23
2025-01-22,Curitiba,Operação A,11485,79.4,398014.73,448,3.91,12257,144.65,5012.78,93.7
2025-01-22,Curitiba,Operação B,8955,66.1,390028.89,492,5.49,10204,135.48,5900.59,87.76
2025-01-22,Curitiba,Operação C,10965,64.9,464119.04,375,3.42,10023,168.95,7151.29,109.4
2025-01-22,Belo Horizonte,Operação A,13537,86.6,583032.76,508,3.76,13372,156.32,6732.48,101.23
2025-01-22,Belo Horizonte,Operação B,11097,65.0,458307.89,321,2.9,10041,170.72,7050.89,110.52
2025-01-22,Belo Horizonte,Operação C,9734,65.1,409925.26,339,3.49,10052,149.52,6296.85,96.84
2025-01-22,Campinas,Operação A,12915,78.3,541137.11,536,4.15,12096,164.94,6911.07,106.77
2025-01-22,Campinas,Operação B,11811,71.2,496551.1,289,2.45,11000,165.88,6974.03,107.37
2025-01-22,Campinas,Operação C,7287,46.7,288287.94,244,3.35,7206,156.04,6173.19,101.12
2025-01-23,São Paulo,Operação A,19598,118.3,817589.46,762,3.89,18288,165.66,6911.15,107.16
2025-01-23,São Paulo,Operação B,14175,103.0,542089.68,479,3.38,15919,137.62,5263.01,89.04
2025-01-23,São Paulo,Operação C,13607,81.7,654809.71,608,4.48,12638,166.55,8014.81,107.67
2025-01-23,Rio de Janeiro,Operação A,18040,102.2,768407.84,582,3.23,15808,176.52,7518.67,114.12
2025-01-23,Rio de Janeiro,Operação B,13435,85.9,543409.38,488,3.64,13283,156.4,6326.07,101.14
2025-01-23,Rio de Janeiro,Operação C,12865,80.5,562814.84,572,4.45,12447,159.81,6991.49,103.36
2025-01-23,Curitiba,Operação A,13102,91.5,416438.1,556,4.25,14151,143.19,4551.24,92.59
2025-01-23,Curitiba,Operação B,10101,64.2,376964.75,207,2.06,9932,157.34,5871.73,101.7
2025-01-23,Curitiba,Operação C,11566,68.7,459100.32,165,1.43,10628,168.36,6682.68,108.83
2025-01-23,Belo Horizonte,Operação A,12530,76.3,452136.95,456,3.65,11802,164.22,5925.78,106.17
2025-01-23,Belo Horizonte,Operação B,11570,69.6,491474.18,314,2.72,10760,166.24,7061.41,107.53
2025-01-23,Belo Horizonte,Operação C,11015,69.7,461426.96,303,2.75,10779,158.03,6620.19,102.19
2025-01-23,Campinas,Operação A,10135,67.6,418658.77,493,4.87,10456,149.93,6193.18,96.93
2025-01-23,Campinas,Operação B,7355,51.9,352191.83,245,3.33,8024,141.71,6785.97,91.66
2025-01-23,Campinas,Operação C,8474,49.4,335380.06,420,4.96,7644,171.54,6789.07,110.86
2025-01-24,São Paulo,Operação A,18946,122.6,959221.45,571,3.02,18983,154.54,7823.99,99.81
2025-01-24,São Paulo,Operação B,17589,107.7,830323.31,835,4.75,16673,163.31,7709.59,105.49
2025-01-24,São Paulo,Operação C,13702,90.4,600694.15,405,2.96,13999,151.57,6644.85,97.88
2025-01-24,Rio de Janeiro,Operação A,19029,117.8,771411.18,694,3.65,18241,161.54,6548.48,104.32
2025-01-24,Rio de Janeiro,Operação B,12042,80.8,563585.54,358,2.97,12504,149.03,6975.07,96.31
2025-01-24,Rio de Janeiro,Operação C,11959,72.0,558997.34,487,4.08,11154,166.1,7763.85,107.22
2025-01-24,Curitiba,Operação A,13914,91.8,505255.71,654,4.7,14218,151.57,5503.87,97.86
2025-01-24,Curitiba,Operação B,11244,71.5,531984.86,443,3.94,11075,157.26,7440.35,101.53
2025-01-24,Curitiba,Operação C,12552,68.1,494874.24,532,4.24,10548,184.32,7266.88,119.0
2025-01-24,Belo Horizonte,Operação A,13129,80.6,631687.05,512,3.91,12471,162.89,7837.31,105.28
2025-01-24,Belo Horizonte,Operação B,12635,73.5,512225.29,357,2.83,11374,171.9,6969.05,111.09
2025-01-24,Belo Horizonte,Operação C,7452,54.0,374275.42,195,2.62,8363,138.0,6931.03,89.11
2025-01-24,Campinas,Operação A,10852,69.2,469127.91,450,4.15,10709,156.82,6779.31,101.34
2025-01-24,Campinas,Operação B,10361,67.5,428235.81,386,3.73,10453,153.5,6344.23,99.12
2025-01-24,Campinas,Operação C,9322,52.4,409831.47,381,4.09,8109,177.9,7821.21,114.96
2025-01-25,São Paulo,Operação A,18687,122.5,798385.0,460,2.46,16711,152.55,6517.43,111.82
2025-01-25,São Paulo,Operação B,14165,105.3,564978.58,562,3.97,14363,134.52,5365.42,98.62
2025-01-25,São Paulo,Operação C,13956,98.9,603392.29,678,4.86,13486,141.11,6101.03,103.49
2025-01-25,Rio de Janeiro,Operação A,17564,105.4,777418.45,367,2.09,14379,166.64,7375.89,122.15
2025-01-25,Rio de Janeiro,Operação B,13816,95.5,651548.9,557,4.04,13023,144.67,6822.5,106.09
2025-01-25,Rio de Janeiro,Operação C,10104,78.4,415920.12,284,2.82,10695,128.88,5305.1,94.47
2025-01-25,Curitiba,Operação A,11859,80.8,577291.59,452,3.82,11022,146.77,7144.7,107.59
2025-01-25,Curitiba,Operação B,9509,65.4,444893.08,286,3.01,8924,145.4,6802.65,106.56
2025-01-25,Curitiba,Operação C,9031,64.0,350948.33,362,4.02,8730,141.11,5483.57,103.45
2025-01-25,Belo Horizonte,Operação A,11506,79.3,442406.06,362,3.15,10818,145.09,5578.89,106.36
2025-01-25,Belo Horizonte,Operação B,10262,74.8,501892.41,326,3.18,10197,137.19,6709.79,100.64
2025-01-25,Belo Horizonte,Operação C,9446,62.9,343140.47,197,2.09,8581,150.17,5455.33,110.08
2025-01-25,Campinas,Operação A,9211,60.0,366529.34,510,5.55,8190,153.52,6108.82,112.47
2025-01-25,Campinas,Operação B,8216,57.6,395751.9,419,5.1,7850,142.64,6870.69,104.66
2025-01-25,Campinas,Operação C,10479,68.6,483042.6,416,3.97,9350,152.76,7041.44,112.07
2025-01-26,São Paulo,Operação A,16732,123.3,647983.59,585,3.5,16842,135.7,5255.34,99.35
2025-01-26,São Paulo,Operação B,13843,101.3,619966.37,590,4.26,13835,136.65,6120.1,100.06
2025-01-26,São Paulo,Operação C,14142,90.8,529380.93,473,3.35,12403,155.75,5830.19,114.02
2025-01-26,Rio de Janeiro,Operação A,12110,98.7,504614.95,412,3.4,13481,122.7,5112.61,89.83
2025-01-26,Rio de Janeiro,Operação B,14852,100.8,562939.11,740,4.98,13765,147.34,5584.71,107.9
2025-01-26,Rio de Janeiro,Operação C,12913,87.9,530647.64,352,2.73,12007,146.91,6036.95,107.55
2025-01-26,Curitiba,Operação A,12494,82.3,618932.09,591,4.73,11234,151.81,7520.44,111.22
2025-01-26,Curitiba,Operação B,9153,70.4,389584.13,190,2.09,9611,130.01,5533.87,95.23
2025-01-26,Curitiba,Operação C,9386,67.2,376715.13,208,2.22,9178,139.67,5605.88,102.27
2025-01-26,Belo Horizonte,Operação A,11378,83.8,424630.74,136,1.2,11437,135.78,5067.19,99.48
2025-01-26,Belo Horizonte,Operação B,11025,69.5,536311.53,345,3.13,9492,158.63,7716.71,116.15
2025-01-26,Belo Horizonte,Operação C,8325,57.1,316403.76,311,3.74,7800,145.8,5541.22,106.73
2025-01-26,Campinas,Operação A,11659,76.1,485007.21,389,3.34,10391,153.21,6373.29,112.2
2025-01-26,Campinas,Operação B,7359,55.4,302411.37,279,3.79,7559,132.83,5458.69,97.35
2025-01-26,Campinas,Operação C,8059,60.5,386596.31,264,3.28,8264,133.21,6390.02,97.52
2025-01-27,São Paulo,Operação A,17913,117.7,578644.34,753,4.21,18292,152.19,4916.26,97.93
2025-01-27,São Paulo,Operação B,16944,107.7,716188.36,662,3.91,16727,157.33,6649.85,101.3
2025-01-27,São Paulo,Operação C,12254,79.3,553599.68,305,2.5,12315,154.53,6981.08,99.5
2025-01-27,Rio de Janeiro,Operação A,15371,105.8,674259.98,533,3.47,16436,145.28,6372.97,93.52
2025-01-27,Rio de Janeiro,Operação B,13699,78.9,535105.32,390,2.85,12258,173.62,6782.07,111.76
2025-01-27,Rio de Janeiro,Operação C,14012,80.8,531569.22,497,3.55,12551,173.42,6578.83,111.64
2025-01-27,Curitiba,Operação A,14793,87.9,631746.4,474,3.21,13653,168.29,7187.1,108.35
2025-01-27,Curitiba,Operação B,10984,68.0,414222.5,127,1.16,10566,161.53,6091.51,103.96
2025-01-27,Curitiba,Operação C,11608,68.0,377820.32,312,2.69,10565,170.71,5556.18,109.87
2025-01-27,Belo Horizonte,Operação A,15519,84.5,653088.79,452,2.92,13127,183.66,7728.86,118.22
2025-01-27,Belo Horizonte,Operação B,12042,68.4,474649.2,344,2.86,10630,176.05,6939.32,113.28
2025-01-27,Belo Horizonte,Operação C,8684,58.0,368989.08,416,4.8,9005,149.72,6361.88,96.44
2025-01-27,Campinas,Operação A,11511,73.0,470025.84,258,2.25,11340,157.68,6438.71,101.51
2025-01-27,Campinas,Operação B,10807,67.7,446092.21,654,6.05,10516,159.63,6589.25,102.77
2025-01-27,Campinas,Operação C,8550,56.2,344518.57,377,4.42,8734,152.14,6130.22,97.89
2025-01-28,São Paulo,Operação A,17155,118.7,783587.49,508,2.97,18460,144.52,6601.41,92.93
2025-01-28,São Paulo,Operação B,19989,115.6,803771.93,904,4.52,17985,172.92,6953.04,111.14
2025-01-28,São Paulo,Operação C,15445,90.7,678636.79,435,2.82,14105,170.29,7482.21,109.5
2025-01-28,Rio de Janeiro,Operação A,17100,99.2,695301.37,543,3.18,15435,172.38,7009.09,110.79
2025-01-28,Rio de Janeiro,Operação B,13822,83.5,694556.88,365,2.65,12991,165.53,8318.05,106.4
2025-01-28,Rio de Janeiro,Operação C,14050,79.5,585624.15,542,3.86,12374,176.73,7366.34,113.54
2025-01-28,Curitiba,Operação A,12820,77.4,528843.24,549,4.29,12045,165.63,6832.6,106.43
2025-01-28,Curitiba,Operação B,15591,82.1,690970.24,586,3.76,12773,189.9,8416.2,122.06
2025-01-28,Curitiba,Operação C,10394,66.3,450620.8,339,3.26,10314,156.77,6796.69,100.78
2025-01-28,Belo Horizonte,Operação A,14280,81.3,542266.29,630,4.41,12652,175.65,6669.94,112.87
2025-01-28,Belo Horizonte,Operação B,12581,78.9,421621.77,379,3.01,12276,159.46,5343.75,102.48
2025-01-28,Belo Horizonte,Operação C,11300,70.4,429431.54,349,3.1,10953,160.51,6099.88,103.17
2025-01-28,Campinas,Operação A,12786,76.6,524792.06,409,3.21,11917,166.92,6851.07,107.29
2025-01-28,Campinas,Operação B,8835,58.8,428157.38,286,3.24,9140,150.26,7281.59,96.66
2025-01-28,Campinas,Operação C,11141,62.6,512410.73,351,3.15,9744,177.97,8185.47,114.34
2025-01-29,São Paulo,Operação A,19392,120.7,744365.65,729,3.76,18798,160.66,6167.07,103.16
2025-01-29,São Paulo,Operação B,16428,94.2,659445.07,601,3.66,14678,174.39,7000.48,111.92
2025-01-29,São Paulo,Operação C,14566,92.2,645955.13,454,3.12,14357,157.98,7006.02,101.46
2025-01-29,Rio de Janeiro,Operação A,16010,109.8,680513.35,808,5.05,17105,145.81,6197.75,93.6
2025-01-29,Rio de Janeiro,Operação B,12754,83.2,561885.52,464,3.64,12957,153.29,6753.43,98.43
2025-01-29,Rio de Janeiro,Operação C,13620,81.8,606619.63,597,4.39,12744,166.5,7415.89,106.87
2025-01-29,Curitiba,Operação A,13881,87.7,620345.98,696,5.02,13664,158.28,7073.5,101.59
2025-01-29,Curitiba,Operação B,10927,72.9,507322.28,371,3.4,11349,149.89,6959.15,96.28
2025-01-29,Curitiba,Operação C,8479,49.7,337961.81,290,3.43,7746,170.6,6800.04,109.46
2025-01-29,Belo Horizonte,Operação A,13450,82.5,603068.51,423,3.15,12845,163.03,7309.92,104.71
2025-01-29,Belo Horizonte,Operação B,11581,73.3,520626.66,462,3.99,11414,157.99,7102.68,101.46
2025-01-29,Belo Horizonte,Operação C,9487,54.8,378115.26,393,4.15,8532,173.12,6899.91,111.19
2025-01-29,Campinas,Operação A,13313,73.3,547245.99,428,3.22,11415,181.62,7465.84,116.63
2025-01-29,Campinas,Operação B,9666,61.4,436900.95,213,2.21,9557,157.43,7115.65,101.14
2025-01-29,Campinas,Operação C,6960,46.7,318776.56,338,4.87,7280,149.04,6826.05,95.6
2025-01-30,São Paulo,Operação A,18651,117.1,788568.17,826,4.43,18265,159.27,6734.14,102.11
2025-01-30,São Paulo,Operação B,15727,96.0,721881.73,613,3.9,14970,163.82,7519.6,105.06
2025-01-30,São Paulo,Operação C,15780,91.5,492131.98,637,4.04,14271,172.46,5378.49,110.57
2025-01-30,Rio de Janeiro,Operação A,13928,99.2,613456.12,640,4.6,15460,140.4,6184.03,90.09
2025-01-30,Rio de Janeiro,Operação B,15337,89.2,743064.05,698,4.55,13914,171.94,8330.31,110.23
2025-01-30,Rio de Janeiro,Operação C,15399,90.9,651404.41,341,2.22,14166,169.41,7166.17,108.7
2025-01-30,Curitiba,Operação A,12606,83.1,638919.62,423,3.36,12964,151.7,7688.56,97.24
2025-01-30,Curitiba,Operação B,12494,74.7,526927.08,606,4.86,11641,167.26,7053.91,107.33
2025-01-30,Curitiba,Operação C,9894,60.6,386163.98,241,2.44,9446,163.27,6372.34,104.74
2025-01-30,Belo Horizonte,Operação A,12193,75.9,491168.07,359,2.95,11830,160.65,6471.25,103.07
2025-01-30,Belo Horizonte,Operação B,9588,59.9,344986.96,393,4.11,9333,160.07,5759.38,102.73
2025-01-30,Belo Horizonte,Operação C,8957,61.9,365115.66,259,2.9,9653,144.7,5898.48,92.79
2025-01-30,Campinas,Operação A,12858,73.0,443592.13,461,3.59,11376,176.14,6076.6,113.03
2025-01-30,Campinas,Operação B,10185,60.4,436455.63,295,2.9,9414,168.63,7226.09,108.19
2025-01-30,Campinas,Operação C,7894,51.9,365524.0,277,3.52,8090,152.1,7042.85,97.58
2025-01-31,São Paulo,Operação A,21071,131.2,825274.64,482,2.29,20478,160.6,6290.2,102.9
2025-01-31,São Paulo,Operação B,12890,89.9,555153.05,503,3.91,14030,143.38,6175.23,91.87
2025-01-31,São Paulo,Operação C,13564,79.1,543479.04,490,3.62,12352,171.48,6870.78,109.81
2025-01-31,Rio de Janeiro,Operação A,19717,115.0,806935.52,549,2.79,17954,171.45,7016.83,109.82
2025-01-31,Rio de Janeiro,Operação B,11510,75.1,473699.56,311,2.71,11729,153.26,6307.58,98.13
2025-01-31,Rio de Janeiro,Operação C,12723,78.5,522922.63,379,2.98,12247,162.08,6661.43,103.89
2025-01-31,Curitiba,Operação A,14310,86.1,538605.56,662,4.63,13432,166.2,6255.58,106.54
2025-01-31,Curitiba,Operação B,11808,73.1,529386.38,435,3.69,11412,161.53,7241.95,103.47
2025-01-31,Curitiba,Operação C,11784,71.6,466060.15,446,3.79,11179,164.58,6509.22,105.41
2025-01-31,Belo Horizonte,Operação A,11726,72.1,490933.38,390,3.33,11262,162.64,6809.06,104.12
2025-01-31,Belo Horizonte,Operação B,9636,68.8,383561.95,344,3.57,10739,140.06,5575.03,89.73
2025-01-31,Belo Horizonte,Operação C,9349,62.5,439990.41,262,2.81,9749,149.58,7039.85,95.9
2025-01-31,Campinas,Operação A,12877,77.5,507548.12,633,4.92,12099,166.15,6549.01,106.43
2025-01-31,Campinas,Operação B,9124,53.1,419725.25,270,2.96,8296,171.83,7904.43,109.98
2025-01-31,Campinas,Operação C,10121,63.9,436769.47,375,3.71,9969,158.39,6835.2,101.52
2025-02-01,São Paulo,Operação A,17560,116.9,793254.65,368,2.1,16081,150.21,6785.75,109.2
2025-02-01,São Paulo,Operação B,14017,111.6,646606.8,616,4.4,15352,125.6,5793.97,91.3
2025-02-01,São Paulo,Operação C,11395,82.6,428191.98,379,3.33,11354,137.95,5183.92,100.36
2025-02-01,Rio de Janeiro,Operação A,15222,101.6,719106.08,702,4.62,13969,149.82,7077.82,108.97
2025-02-01,Rio de Janeiro,Operação B,12079,86.3,425981.0,344,2.86,11863,139.97,4936.05,101.82
2025-02-01,Rio de Janeiro,Operação C,13624,86.1,504940.92,412,3.03,11845,158.23,5864.59,115.02
2025-02-01,Curitiba,Operação A,12270,84.7,475604.66,471,3.84,11646,144.86,5615.17,105.36
2025-02-01,Curitiba,Operação B,10006,70.5,442116.48,350,3.51,9693,141.93,6271.16,103.23
2025-02-01,Curitiba,Operação C,8727,61.9,363449.43,279,3.2,8511,140.99,5871.56,102.54
2025-02-01,Belo Horizonte,Operação A,12379,78.3,547692.49,404,3.26,10774,158.1,6994.8,114.9
2025-02-01,Belo Horizonte,Operação B,10350,74.6,483267.36,392,3.8,10256,138.74,6478.11,100.92
2025-02-01,Belo Horizonte,Operação C,8879,60.6,317126.76,230,2.6,8332,146.52,5233.11,106.57
2025-02-01,Campinas,Operação A,8951,62.4,437972.97,473,5.29,8577,143.45,7018.8,104.36
2025-02-01,Campinas,Operação B,9703,66.0,337623.35,297,3.07,9072,147.02,5115.51,106.96
2025-02-01,Campinas,Operação C,6607,48.6,273050.3,206,3.12,6684,135.95,5618.32,98.85
2025-02-02,São Paulo,Operação A,15573,104.0,587242.69,574,3.69,14321,149.74,5646.56,108.74
2025-02-02,São Paulo,Operação B,15576,117.0,496544.97,509,3.27,16111,133.13,4243.97,96.68
2025-02-02,São Paulo,Operação C,15838,97.9,587301.57,617,3.9,13479,161.78,5998.99,117.5
2025-02-02,Rio de Janeiro,Operação A,14188,100.5,745967.77,325,2.3,13833,141.17,7422.56,102.57
2025-02-02,Rio de Janeiro,Operação B,13513,92.0,626234.92,483,3.58,12663,146.88,6806.9,106.71
2025-02-02,Rio de Janeiro,Operação C,11281,81.5,485946.08,363,3.23,11225,138.42,5962.53,100.5
2025-02-02,Curitiba,Operação A,12365,89.2,537981.39,429,3.48,12284,138.62,6031.18,100.66
2025-02-02,Curitiba,Operação B,11579,81.7,404198.23,522,4.51,11246,141.73,4947.35,102.96
2025-02-02,Curitiba,Operação C,7956,58.6,315195.67,365,4.6,8068,135.77,5378.77,98.61
2025-02-02,Belo Horizonte,Operação A,11314,65.2,522980.91,416,3.68,8977,173.53,8021.18,126.03
2025-02-02,Belo Horizonte,Operação B,10058,69.3,443401.8,403,4.02,9543,145.14,6398.29,105.4
2025-02-02,Belo Horizonte,Operação C,9337,65.2,384783.8,315,3.38,8980,143.21,5901.59,103.98
2025-02-02,Campinas,Operação A,10651,69.4,472629.89,122,1.15,9549,153.47,6810.23,111.54
2025-02-02,Campinas,Operação B,9531,66.1,399588.75,303,3.19,9099,144.19,6045.22,104.75
2025-02-02,Campinas,Operação C,9404,62.0,365895.43,359,3.83,8534,151.68,5901.54,110.19
2025-02-03,São Paulo,Operação A,16241,111.1,641407.94,680,4.19,17397,146.18,5773.25,93.36
2025-02-03,São Paulo,Operação B,18304,109.2,821856.61,716,3.91,17099,167.62,7526.16,107.05
2025-02-03,São Paulo,Operação C,14291,85.7,645976.61,586,4.1,13424,166.76,7537.65,106.46
2025-02-03,Rio de Janeiro,Operação A,19034,112.1,826185.86,829,4.36,17550,169.79,7370.08,108.46
2025-02-03,Rio de Janeiro,Operação B,13669,90.0,565182.15,396,2.9,14098,151.88,6279.8,96.96
2025-02-03,Rio de Janeiro,Operação C,11959,74.6,464371.8,389,3.25,11692,160.31,6224.82,102.28
2025-02-03,Curitiba,Operação A,11763,71.6,494102.72,334,2.85,11216,164.29,6900.88,104.88
2025-02-03,Curitiba,Operação B,13524,78.4,481045.44,390,2.89,12282,172.5,6135.78,110.11
2025-02-03,Curitiba,Operação C,9005,59.6,408087.68,301,3.34,9328,151.09,6847.11,96.54
2025-02-03,Belo Horizonte,Operação A,10895,78.3,485281.52,273,2.51,12264,139.14,6197.72,88.84
2025-02-03,Belo Horizonte,Operação B,11569,70.1,548863.84,283,2.45,10982,165.04,7829.73,105.35
2025-02-03,Belo Horizonte,Operação C,7376,45.0,362914.28,331,4.49,7048,163.91,8064.76,104.65
2025-02-03,Campinas,Operação A,11282,72.2,510267.83,307,2.72,11307,156.26,7067.42,99.78
2025-02-03,Campinas,Operação B,10864,64.8,502360.48,620,5.71,10154,167.65,7752.48,106.99
2025-02-03,Campinas,Operação C,8876,56.9,371884.01,185,2.08,8907,155.99,6535.75,99.65
2025-02-04,São Paulo,Operação A,17786,113.0,709726.26,644,3.62,17720,157.4,6280.76,100.37
2025-02-04,São Paulo,Operação B,16905,96.7,710024.0,590,3.49,15169,174.82,7342.54,111.44
2025-02-04,São Paulo,Operação C,14397,87.9,652189.76,404,2.81,13783,163.79,7419.68,104.45
2025-02-04,Rio de Janeiro,Operação A,15719,99.1,575575.02,447,2.84,15542,158.62,5808.02,101.14
2025-02-04,Rio de Janeiro,Operação B,14936,86.9,642998.46,545,3.65,13620,171.88,7399.29,109.66
2025-02-04,Rio de Janeiro,Operação C,13693,85.3,596492.54,467,3.42,13380,160.53,6992.88,102.34
2025-02-04,Curitiba,Operação A,13478,86.7,434594.49,457,3.39,13598,155.46,5012.62,99.12
2025-02-04,Curitiba,Operação B,14451,83.8,662745.84,648,4.49,13133,172.45,7908.66,110.04
2025-02-04,Curitiba,Operação C,10769,65.6,425692.03,349,3.25,10280,164.16,6489.21,104.76
2025-02-04,Belo Horizonte,Operação A,14839,84.5,614961.03,465,3.14,13244,175.61,7277.65,112.04
2025-02-04,Belo Horizonte,Operação B,11769,69.7,426327.09,195,1.66,10929,168.85,6116.6,107.69
2025-02-04,Belo Horizonte,Operação C,8517,57.5,340402.68,288,3.38,9013,148.12,5920.05,94.5
2025-02-04,Campinas,Operação A,12058,67.6,522195.55,451,3.74,10592,178.37,7724.79,113.84
2025-02-04,Campinas,Operação B,9819,65.9,453210.15,337,3.44,10326,149.0,6877.24,95.09
2025-02-04,Campinas,Operação C,8814,58.8,315408.68,366,4.15,9221,149.9,5364.09,95.59
2025-02-05,São Paulo,Operação A,18312,120.5,705402.92,805,4.4,18916,151.97,5853.97,96.81
2025-02-05,São Paulo,Operação B,17031,94.2,653948.11,683,4.01,14782,180.8,6942.12,115.21
2025-02-05,São Paulo,Operação C,14859,87.9,591738.04,500,3.37,13797,169.04,6731.95,107.7
2025-02-05,Rio de Janeiro,Operação A,15688,104.0,705384.21,484,3.09,16327,150.85,6782.54,96.09
2025-02-05,Rio de Janeiro,Operação B,13370,88.6,424506.4,447,3.35,13907,150.9,4791.27,96.14
2025-02-05,Rio de Janeiro,Operação C,16471,96.3,690513.05,541,3.29,15110,171.04,7170.44,109.01
2025-02-05,Curitiba,Operação A,14319,85.0,533765.77,628,4.39,13346,168.46,6279.6,107.29
2025-02-05,Curitiba,Operação B,13425,78.8,587396.15,471,3.52,12370,170.37,7454.27,108.53
2025-02-05,Curitiba,Operação C,11766,69.7,477509.43,357,3.04,10933,168.81,6850.92,107.62
2025-02-05,Belo Horizonte,Operação A,14539,80.9,538576.49,338,2.33,12693,179.72,6657.31,114.54
2025-02-05,Belo Horizonte,Operação B,11533,70.9,492382.6,426,3.7,11121,162.67,6944.75,103.7
2025-02-05,Belo Horizonte,Operação C,10706,59.8,381094.89,303,2.84,9382,179.03,6372.82,114.11
2025-02-05,Campinas,Operação A,10048,70.0,414948.06,485,4.83,10988,143.54,5927.83,91.45
2025-02-05,Campinas,Operação B,10160,61.6,375506.9,305,3.01,9676,164.94,6095.89,105.0
2025-02-05,Campinas,Operação C,8166,51.5,384835.61,322,3.95,8082,158.56,7472.54,101.04
2025-02-06,São Paulo,Operação A,18185,110.1,800010.65,802,4.41,17299,165.17,7266.22,105.12
2025-02-06,São Paulo,Operação B,17129,113.6,663861.29,427,2.49,17845,150.78,5843.85,95.99
2025-02-06,São Paulo,Operação C,14849,88.6,682301.72,510,3.44,13916,167.6,7700.92,106.7
2025-02-06,Rio de Janeiro,Operação A,16654,101.5,643834.12,861,5.17,15947,164.08,6343.19,104.43
2025-02-06,Rio de Janeiro,Operação B,12984,78.9,650426.01,455,3.51,12405,164.56,8243.68,104.67
2025-02-06,Rio de Janeiro,Operação C,12355,78.0,509995.04,568,4.6,12263,158.4,6538.4,100.75
2025-02-06,Curitiba,Operação A,12476,69.4,452930.84,410,3.29,10903,179.77,6526.38,114.43
2025-02-06,Curitiba,Operação B,11968,70.8,426150.59,463,3.87,11124,169.04,6019.08,107.59
2025-02-06,Curitiba,Operação C,11620,79.1,496857.54,345,2.97,12431,146.9,6281.38,93.48
2025-02-06,Belo Horizonte,Operação A,13517,83.1,533030.09,525,3.89,13063,162.66,6414.32,103.48
2025-02-06,Belo Horizonte,Operação B,13189,82.3,591909.55,325,2.47,12937,160.26,7192.1,101.95
2025-02-06,Belo Horizonte,Operação C,9165,54.6,439337.69,346,3.78,8586,167.86,8046.48,106.74
2025-02-06,Campinas,Operação A,11127,68.5,411680.85,443,3.98,10769,162.44,6009.94,103.32
2025-02-06,Campinas,Operação B,10641,67.7,426915.13,395,3.71,10634,157.18,6305.98,100.07
2025-02-06,Campinas,Operação C,8252,51.1,415891.62,272,3.3,8023,161.49,8138.78,102.85
2025-02-07,São Paulo,Operação A,17902,115.4,805174.1,600,3.36,18147,155.13,6977.25,98.65
2025-02-07,São Paulo,Operação B,17394,98.0,829318.3,525,3.02,15408,177.49,8462.43,112.89
2025-02-07,São Paulo,Operação C,13422,77.1,526967.59,554,4.13,12133,174.09,6834.86,110.62
2025-02-07,Rio de Janeiro,Operação A,15532,89.9,577096.31,634,4.08,14147,172.77,6419.31,109.79
2025-02-07,Rio de Janeiro,Operação B,13697,90.3,552973.29,554,4.05,14204,151.68,6123.74,96.43
2025-02-07,Rio de Janeiro,Operação C,13555,80.1,676472.61,304,2.25,12602,169.23,8445.35,107.56
2025-02-07,Curitiba,Operação A,15749,96.2,604838.2,383,2.44,15130,163.71,6287.3,104.09
2025-02-07,Curitiba,Operação B,12540,72.5,520282.14,590,4.71,11400,172.97,7176.31,110.0
2025-02-07,Curitiba,Operação C,8897,54.8,329103.82,337,3.79,8617,162.35,6005.54,103.25
2025-02-07,Belo Horizonte,Operação A,13624,86.4,430288.76,498,3.66,13585,157.69,4980.19,100.29
2025-02-07,Belo Horizonte,Operação B,12161,72.8,570875.39,321,2.64,11444,167.05,7841.69,106.27
2025-02-07,Belo Horizonte,Operação C,11640,66.1,406068.96,437,3.76,10397,176.1,6143.25,111.96
2025-02-07,Campinas,Operação A,10860,67.2,471223.07,337,3.11,10570,161.61,7012.25,102.74
2025-02-07,Campinas,Operação B,9249,56.8,348234.25,243,2.63,8930,162.83,6130.88,103.57
2025-02-07,Campinas,Operação C,8800,58.9,393054.2,340,3.87,9261,149.41,6673.25,95.02
2025-02-08,São Paulo,Operação A,14429,105.8,674937.22,391,2.72,14659,136.38,6379.37,98.43
2025-02-08,São Paulo,Operação B,14670,99.2,662109.36,483,3.3,13752,147.88,6674.49,106.68
2025-02-08,São Paulo,Operação C,13542,86.0,662956.72,580,4.28,11919,157.47,7708.8,113.62
2025-02-08,Rio de Janeiro,Operação A,14093,104.3,545092.19,552,3.92,14456,135.12,5226.2,97.49
2025-02-08,Rio de Janeiro,Operação B,14643,93.1,653104.16,336,2.3,12904,157.28,7015.08,113.48
2025-02-08,Rio de Janeiro,Operação C,11552,86.7,467441.46,427,3.7,12019,133.24,5391.48,96.11
2025-02-08,Curitiba,Operação A,17233,98.8,765608.63,577,3.35,13696,174.42,7749.08,125.83
2025-02-08,Curitiba,Operação B,11792,77.5,480138.75,582,4.94,10744,152.15,6195.34,109.75
2025-02-08,Curitiba,Operação C,9861,66.6,440428.72,378,3.84,9222,148.06,6613.04,106.93
2025-02-08,Belo Horizonte,Operação A,11785,86.0,468651.66,308,2.62,11920,137.03,5449.44,98.87
2025-02-08,Belo Horizonte,Operação B,10988,72.8,481616.03,531,4.84,10084,150.93,6615.6,108.96
2025-02-08,Belo Horizonte,Operação C,9187,61.3,345736.18,293,3.19,8493,149.87,5640.07,108.17
2025-02-08,Campinas,Operação A,11467,75.6,468130.32,394,3.44,10474,151.68,6192.2,109.48
2025-02-08,Campinas,Operação B,7102,50.9,323578.0,281,3.96,7049,139.53,6357.13,100.75
2025-02-08,Campinas,Operação C,8279,57.6,347951.9,246,2.97,7984,143.73,6040.83,103.69
2025-02-09,São Paulo,Operação A,18115,122.8,796481.69,557,3.08,17029,147.52,6486.01,106.38
2025-02-09,São Paulo,Operação B,13493,87.4,540862.18,379,2.81,12126,154.38,6188.35,111.27
2025-02-09,São Paulo,Operação C,13250,95.1,612676.63,529,3.99,13185,139.33,6442.45,100.49
2025-02-09,Rio de Janeiro,Operação A,14066,108.5,658960.82,521,3.71,15052,129.64,6073.37,93.45
2025-02-09,Rio de Janeiro,Operação B,12684,87.6,442608.93,485,3.83,12153,144.79,5052.61,104.37
2025-02-09,Rio de Janeiro,Operação C,9364,72.2,336266.51,411,4.39,10010,129.7,4657.43,93.55
2025-02-09,Curitiba,Operação A,12771,80.5,509011.12,272,2.13,11161,158.65,6323.12,114.43
2025-02-09,Curitiba,Operação B,10275,66.0,425142.58,314,3.06,9152,155.68,6441.55,112.27
2025-02-09,Curitiba,Operação C,9801,66.1,455448.5,456,4.66,9163,148.28,6890.3,106.96
2025-02-09,Belo Horizonte,Operação A,10095,77.6,407294.28,374,3.71,10768,130.09,5248.64,93.75
2025-02-09,Belo Horizonte,Operação B,8418,63.0,365132.03,291,3.46,8732,133.62,5795.75,96.4
2025-02-09,Belo Horizonte,Operação C,8355,61.6,343210.01,230,2.76,8539,135.63,5571.59,97.85
2025-02-09,Campinas,Operação A,11829,77.0,409463.78,326,2.76,10674,153.62,5317.71,110.82
2025-02-09,Campinas,Operação B,6980,51.0,290830.41,163,2.34,7077,136.86,5702.56,98.63
2025-02-09,Campinas,Operação C,6352,47.7,272050.25,225,3.56,6611,133.17,5703.36,96.08
2025-02-10,São Paulo,Operação A,18622,112.8,741402.89,611,3.28,17801,165.09,6572.72,104.61
2025-02-10,São Paulo,Operação B,20369,114.2,749613.32,848,4.16,18021,178.36,6564.04,113.03
2025-02-10,São Paulo,Operação C,14376,95.9,650874.99,680,4.73,15128,149.91,6787.02,95.03
2025-02-10,Rio de Janeiro,Operação A,14627,95.9,673875.34,543,3.72,15127,152.52,7026.85,96.69
2025-02-10,Rio de Janeiro,Operação B,15701,94.1,683979.27,382,2.44,14841,166.85,7268.64,105.79
2025-02-10,Rio de Janeiro,Operação C,15294,86.7,628314.79,529,3.47,13680,176.4,7247.0,111.8
2025-02-10,Curitiba,Operação A,12525,74.2,554710.08,432,3.45,11700,168.8,7475.88,107.05
2025-02-10,Curitiba,Operação B,13004,81.7,575536.54,349,2.68,12886,159.17,7044.51,100.92
2025-02-10,Curitiba,Operação C,10432,64.8,447545.65,334,3.2,10221,160.99,6906.57,102.06
2025-02-10,Belo Horizonte,Operação A,13665,79.2,550056.47,302,2.21,12501,172.54,6945.16,109.31
2025-02-10,Belo Horizonte,Operação B,14652,81.9,539647.07,593,4.05,12929,178.9,6589.1,113.33
2025-02-10,Belo Horizonte,Operação C,9600,57.8,414498.21,317,3.31,9122,166.09,7171.25,105.24
2025-02-10,Campinas,Operação A,10122,65.2,388029.22,286,2.83,10293,155.25,5951.37,98.34
2025-02-10,Campinas,Operação B,9451,61.0,422726.3,443,4.69,9629,154.93,6929.94,98.15
2025-02-10,Campinas,Operação C,8298,50.1,365101.55,321,3.88,7898,165.63,7287.46,105.06
2025-02-11,São Paulo,Operação A,20329,118.4,893032.56,510,2.51,18701,171.7,7542.5,108.71
2025-02-11,São Paulo,Operação B,18822,108.6,733057.72,664,3.53,17149,173.31,6750.07,109.76
2025-02-11,São Paulo,Operação C,15274,95.0,707062.67,823,5.39,15001,160.78,7442.76,101.82
2025-02-11,Rio de Janeiro,Operação A,14481,98.2,625800.39,590,4.08,15514,147.46,6372.71,93.34
2025-02-11,Rio de Janeiro,Operação B,15927,88.6,583654.1,645,4.05,13990,179.76,6587.52,113.85
2025-02-11,Rio de Janeiro,Operação C,13738,75.1,686488.7,396,2.89,11866,182.93,9140.99,115.78
2025-02-11,Curitiba,Operação A,14018,81.0,567048.81,485,3.46,12796,173.06,7000.6,109.55
2025-02-11,Curitiba,Operação B,10451,74.0,438363.53,308,2.95,11684,141.23,5923.83,89.45
2025-02-11,Curitiba,Operação C,11049,61.5,408525.42,458,4.15,9712,179.66,6642.69,113.77
2025-02-11,Belo Horizonte,Operação A,12513,78.2,565105.69,471,3.77,12351,160.01,7226.42,101.31
2025-02-11,Belo Horizonte,Operação B,12842,73.7,522345.35,386,3.01,11639,174.25,7087.45,110.34
2025-02-11,Belo Horizonte,Operação C,8263,53.7,444519.47,371,4.5,8487,153.87,8277.83,97.36
2025-02-11,Campinas,Operação A,9073,61.3,398553.88,357,3.94,9676,148.01,6501.69,93.77
2025-02-11,Campinas,Operação B,10473,65.3,434610.47,394,3.76,10320,160.38,6655.6,101.48
2025-02-11,Campinas,Operação C,7543,54.7,309872.49,212,2.82,8642,137.9,5664.94,87.28
2025-02-12,São Paulo,Operação A,23522,119.1,1022499.61,764,3.25,18829,197.5,8585.22,124.92
2025-02-12,São Paulo,Operação B,18400,109.0,803718.95,733,3.99,17224,168.81,7373.57,106.83
2025-02-12,São Paulo,Operação C,15734,104.6,690636.51,434,2.76,16535,150.42,6602.64,95.16
2025-02-12,Rio de Janeiro,Operação A,16450,107.6,663437.26,536,3.26,17013,152.88,6165.77,96.69
2025-02-12,Rio de Janeiro,Operação B,16870,97.0,624478.99,597,3.54,15339,173.92,6437.93,109.98
2025-02-12,Rio de Janeiro,Operação C,11084,74.4,455906.33,360,3.25,11763,148.98,6127.77,94.23
2025-02-12,Curitiba,Operação A,17143,101.9,625540.01,522,3.05,16102,168.23,6138.76,106.47
2025-02-12,Curitiba,Operação B,15157,80.9,540439.0,302,2.0,12797,187.35,6680.33,118.44
2025-02-12,Curitiba,Operação C,13096,78.0,504547.35,514,3.93,12337,167.9,6468.56,106.15
2025-02-12,Belo Horizonte,Operação A,10082,61.7,436664.37,427,4.24,9755,163.4,7077.22,103.35
2025-02-12,Belo Horizonte,Operação B,10288,62.6,394012.93,381,3.7,9897,164.35,6294.14,103.95
2025-02-12,Belo Horizonte,Operação C,8739,55.1,332228.28,351,4.02,8705,158.6,6029.55,100.39
2025-02-12,Campinas,Operação A,12329,76.7,519703.74,288,2.34,12131,160.74,6775.8,101.63
2025-02-12,Campinas,Operação B,9670,59.4,507512.28,252,2.61,9391,162.79,8543.98,102.97
2025-02-12,Campinas,Operação C,11249,64.4,485085.52,551,4.91,10176,174.67,7532.38,110.54
2025-02-13,São Paulo,Operação A,20237,120.5,845653.99,906,4.48,19065,167.94,7017.88,106.15
2025-02-13,São Paulo,Operação B,17226,110.2,632590.59,574,3.34,17434,156.32,5740.39,98.81
2025-02-13,São Paulo,Operação C,13772,84.6,646591.99,431,3.13,13387,162.79,7642.93,102.88
2025-02-13,Rio de Janeiro,Operação A,16981,103.4,770830.82,289,1.7,16367,164.23,7454.84,103.75
2025-02-13,Rio de Janeiro,Operação B,14262,86.0,667466.1,443,3.11,13601,165.84,7761.23,104.86
2025-02-13,Rio de Janeiro,Operação C,11301,66.2,445921.08,287,2.55,10482,170.71,6735.97,107.81
2025-02-13,Curitiba,Operação A,12993,80.5,514276.21,225,1.74,12738,161.4,6388.52,102.0
2025-02-13,Curitiba,Operação B,14263,80.1,636216.63,369,2.59,12672,178.06,7942.78,112.56
2025-02-13,Curitiba,Operação C,10384,63.5,460999.52,418,4.03,10053,163.53,7259.83,103.29
2025-02-13,Belo Horizonte,Operação A,12336,75.0,540676.04,575,4.66,11870,164.48,7209.01,103.93
2025-02-13,Belo Horizonte,Operação B,12877,74.6,545151.74,595,4.63,11810,172.61,7307.66,109.03
2025-02-13,Belo Horizonte,Operação C,9865,64.2,469706.98,400,4.06,10159,153.66,7316.31,97.11
2025-02-13,Campinas,Operação A,10686,67.6,461488.83,413,3.87,10701,158.08,6826.76,99.86
2025-02-13,Campinas,Operação B,10506,62.9,512691.01,457,4.36,9950,167.03,8150.89,105.59
2025-02-13,Campinas,Operação C,9665,55.5,366012.63,369,3.82,8775,174.14,6594.82,110.14
2025-02-14,São Paulo,Operação A,21039,130.5,812304.52,626,2.98,20676,161.22,6224.56,101.76
2025-02-14,São Paulo,Operação B,14675,94.9,594601.17,348,2.38,15027,154.64,6265.56,97.66
2025-02-14,São Paulo,Operação C,15714,90.3,602930.08,740,4.72,14304,174.02,6676.97,109.86
2025-02-14,Rio de Janeiro,Operação A,18830,107.3,741311.9,787,4.18,16996,175.49,6908.78,110.79
2025-02-14,Rio de Janeiro,Operação B,14354,82.6,612734.33,565,3.94,13076,173.78,7418.09,109.77
2025-02-14,Rio de Janeiro,Operação C,10915,71.1,484504.98,299,2.74,11269,153.52,6814.42,96.86
2025-02-14,Curitiba,Operação A,13041,88.1,591966.16,327,2.51,13956,148.02,6719.25,93.44
2025-02-14,Curitiba,Operação B,13268,77.7,520276.93,526,3.97,12301,170.76,6695.97,107.86
2025-02-14,Curitiba,Operação C,10515,66.8,399210.19,202,1.93,10575,157.41,5976.2,99.43
2025-02-14,Belo Horizonte,Operação A,12038,82.6,510187.01,395,3.29,13083,145.74,6176.6,92.01
2025-02-14,Belo Horizonte,Operação B,11928,74.5,485257.39,487,4.09,11793,160.11,6513.52,101.14
2025-02-14,Belo Horizonte,Operação C,10653,63.7,467422.43,241,2.27,10086,167.24,7337.87,105.62
2025-02-14,Campinas,Operação A,12976,76.0,492222.08,428,3.3,12041,170.74,6476.61,107.77
2025-02-14,Campinas,Operação B,9926,61.2,430147.58,461,4.65,9697,162.19,7028.56,102.36
2025-02-14,Campinas,Operação C,9169,61.7,407913.04,418,4.56,9771,148.61,6611.23,93.84
2025-02-15,São Paulo,Operação A,18711,120.6,936468.37,808,4.32,16823,155.15,7765.08,111.22
2025-02-15,São Paulo,Operação B,16127,104.2,686680.42,567,3.52,14543,154.77,6590.02,110.89
2025-02-15,São Paulo,Operação C,14033,87.7,543445.96,663,4.73,12241,160.01,6196.65,114.64
2025-02-15,Rio de Janeiro,Operação A,13944,107.2,606154.01,253,1.82,14960,130.07,5654.42,93.21
2025-02-15,Rio de Janeiro,Operação B,14479,94.6,573811.11,521,3.6,13195,153.05,6065.66,109.73
2025-02-15,Rio de Janeiro,Operação C,12940,93.1,488670.94,606,4.69,12982,138.99,5248.88,99.68
2025-02-15,Curitiba,Operação A,14219,98.6,654725.97,650,4.57,13757,144.21,6640.22,103.36
2025-02-15,Curitiba,Operação B,9554,68.6,448307.1,463,4.85,9571,139.27,6535.09,99.82
2025-02-15,Curitiba,Operação C,9319,68.9,465467.69,286,3.08,9610,135.25,6755.7,96.97
2025-02-15,Belo Horizonte,Operação A,11486,77.8,553816.35,480,4.18,10855,147.63,7118.46,105.81
2025-02-15,Belo Horizonte,Operação B,10806,72.6,455732.88,426,3.95,10129,148.84,6277.31,106.68
2025-02-15,Belo Horizonte,Operação C,6352,45.0,272915.51,163,2.58,6278,141.16,6064.79,101.18
2025-02-15,Campinas,Operação A,10434,73.4,511494.53,496,4.76,10244,142.15,6968.59,101.85
2025-02-15,Campinas,Operação B,8307,58.2,346436.87,260,3.14,8125,142.73,5952.52,102.24
2025-02-15,Campinas,Operação C,7574,55.5,283854.88,302,4.0,7741,136.47,5114.5,97.84
2025-02-16,São Paulo,Operação A,16651,122.3,758976.25,498,2.99,17075,136.15,6205.86,97.52
2025-02-16,São Paulo,Operação B,15910,104.3,666080.9,614,3.86,14560,152.54,6386.2,109.27
2025-02-16,São Paulo,Operação C,12322,86.6,507377.6,357,2.9,12090,142.29,5858.86,101.92
2025-02-16,Rio de Janeiro,Operação A,13186,102.5,527906.59,431,3.27,14312,128.64,5150.31,92.13
2025-02-16,Rio de Janeiro,Operação B,12541,88.4,523623.66,487,3.88,12345,141.87,5923.34,101.59
2025-02-16,Rio de Janeiro,Operação C,11775,85.5,437879.24,313,2.67,11939,137.72,5121.39,98.63
2025-02-16,Curitiba,Operação A,11464,81.5,446179.06,282,2.46,11375,140.66,5474.59,100.78
2025-02-16,Curitiba,Operação B,10317,70.6,457869.68,315,3.05,9859,146.13,6485.41,104.65
2025-02-16,Curitiba,Operação C,8373,62.1,350613.04,236,2.82,8665,134.83,5645.94,96.63
2025-02-16,Belo Horizonte,Operação A,10626,84.2,431006.3,397,3.74,11753,126.2,5118.84,90.41
2025-02-16,Belo Horizonte,Operação B,12174,71.0,528341.86,328,2.7,9912,171.46,7441.43,122.82
2025-02-16,Belo Horizonte,Operação C,7665,60.7,319458.81,217,2.83,8471,126.28,5262.91,90.49
2025-02-16,Campinas,Operação A,10701,77.1,444443.95,320,2.99,10770,138.79,5764.51,99.36
2025-02-16,Campinas,Operação B,10391,73.7,512590.4,431,4.15,10287,140.99,6955.09,101.01
2025-02-16,Campinas,Operação C,8510,57.5,370824.86,166,1.96,8028,148.0,6449.13,106.0
2025-02-17,São Paulo,Operação A,20150,115.9,842358.89,478,2.38,18411,173.86,7267.98,109.45
2025-02-17,São Paulo,Operação B,18761,102.1,881533.74,647,3.45,16221,183.75,8634.02,115.66
2025-02-17,São Paulo,Operação C,15488,96.9,544937.75,427,2.76,15383,159.83,5623.71,100.68
2025-02-17,Rio de Janeiro,Operação A,18458,114.7,757266.47,601,3.26,18212,160.92,6602.15,101.35
2025-02-17,Rio de Janeiro,Operação B,18924,103.5,962760.79,638,3.37,16442,182.84,9302.04,115.1
2025-02-17,Rio de Janeiro,Operação C,11947,81.4,572353.74,306,2.57,12935,146.77,7031.37,92.36
2025-02-17,Curitiba,Operação A,13088,86.4,518867.64,370,2.83,13720,151.48,6005.41,95.39
2025-02-17,Curitiba,Operação B,10982,69.5,437159.65,457,4.17,11045,158.01,6290.07,99.43
2025-02-17,Curitiba,Operação C,9534,57.2,446876.09,294,3.09,9086,166.68,7812.52,104.93
2025-02-17,Belo Horizonte,Operação A,12131,75.1,566746.99,443,3.66,11932,161.53,7546.56,101.67
2025-02-17,Belo Horizonte,Operação B,11195,66.0,420829.36,452,4.05,10479,169.62,6376.2,106.83
2025-02-17,Belo Horizonte,Operação C,10308,64.2,398359.43,287,2.79,10195,160.56,6204.98,101.11
2025-02-17,Campinas,Operação A,13273,74.5,523630.06,513,3.87,11827,178.16,7028.59,112.23
2025-02-17,Campinas,Operação B,7380,46.9,309043.14,204,2.77,7447,157.36,6589.41,99.1
2025-02-17,Campinas,Operação C,7441,47.6,321218.82,249,3.35,7554,156.32,6748.29,98.5
2025-02-18,São Paulo,Operação A,14296,102.2,565729.02,552,3.87,16247,139.88,5535.51,87.99
2025-02-18,São Paulo,Operação B,13199,83.3,526574.22,608,4.61,13236,158.45,6321.42,99.72
2025-02-18,São Paulo,Operação C,14759,87.5,628217.26,265,1.8,13910,168.67,7179.63,106.1
2025-02-18,Rio de Janeiro,Operação A,18192,109.1,801049.69,1208,6.64,17344,166.75,7342.34,104.89
2025-02-18,Rio de Janeiro,Operação B,13919,75.6,568594.07,519,3.73,12019,184.11,7521.09,115.81
2025-02-18,Rio de Janeiro,Operação C,12600,79.1,500480.42,474,3.76,12567,159.29,6327.19,100.26
2025-02-18,Curitiba,Operação A,12837,74.2,517783.25,333,2.6,11803,173.01,6978.21,108.76
2025-02-18,Curitiba,Operação B,12626,70.6,503255.44,478,3.79,11230,178.84,7128.26,112.43
2025-02-18,Curitiba,Operação C,10348,59.8,462990.54,515,4.98,9510,173.04,7742.32,108.81
2025-02-18,Belo Horizonte,Operação A,13571,78.9,575305.5,615,4.54,12546,172.0,7291.58,108.17
2025-02-18,Belo Horizonte,Operação B,11176,64.7,460688.25,385,3.45,10279,172.74,7120.37,108.73
2025-02-18,Belo Horizonte,Operação C,10360,62.0,430303.47,380,3.67,9852,167.1,6940.38,105.16
2025-02-18,Campinas,Operação A,14358,81.8,652953.29,450,3.14,12998,175.53,7982.31,110.46
2025-02-18,Campinas,Operação B,9686,55.3,440753.56,453,4.68,8786,175.15,7970.23,110.24
2025-02-18,Campinas,Operação C,8063,49.9,285769.36,256,3.19,7931,161.58,5726.84,101.66
2025-02-19,São Paulo,Operação A,19855,124.9,884776.91,664,3.35,19863,158.97,7083.88,99.96
2025-02-19,São Paulo,Operação B,15840,104.8,670678.87,175,1.11,16668,151.15,6399.61,95.03
2025-02-19,São Paulo,Operação C,12946,88.9,606183.22,533,4.12,14142,145.62,6818.71,91.54
2025-02-19,Rio de Janeiro,Operação A,19463,107.0,743570.95,953,4.9,17023,181.9,6949.26,114.33
2025-02-19,Rio de Janeiro,Operação B,15638,96.7,727831.31,408,2.61,15388,161.72,7526.69,101.62
2025-02-19,Rio de Janeiro,Operação C,11585,73.6,462057.17,307,2.65,11710,157.4,6277.95,98.93
2025-02-19,Curitiba,Operação A,15082,93.4,654709.92,459,3.04,14864,161.48,7009.74,101.47
2025-02-19,Curitiba,Operação B,10227,61.1,351307.47,352,3.45,9713,167.38,5749.71,105.29
2025-02-19,Curitiba,Operação C,10368,55.4,473252.03,371,3.58,8808,187.15,8542.46,117.71
2025-02-19,Belo Horizonte,Operação A,13765,89.0,608053.97,503,3.66,14160,154.66,6832.07,97.21
2025-02-19,Belo Horizonte,Operação B,12810,71.5,575552.9,477,3.73,11383,179.16,8049.69,112.54
2025-02-19,Belo Horizonte,Operação C,7629,49.8,316673.41,272,3.57,7915,153.19,6358.9,96.39
2025-02-19,Campinas,Operação A,12070,62.8,580151.5,480,3.98,9993,192.2,9238.08,120.78
2025-02-19,Campinas,Operação B,10042,62.0,383527.34,357,3.56,9864,161.97,6185.92,101.8
2025-02-19,Campinas,Operação C,8394,55.9,363768.31,283,3.38,8897,150.16,6507.48,94.35
2025-02-20,São Paulo,Operação A,16162,104.5,652065.23,809,5.01,16643,154.66,6239.86,97.11
2025-02-20,São Paulo,Operação B,15869,106.4,697349.64,358,2.26,16941,149.14,6554.04,93.67
2025-02-20,São Paulo,Operação C,15558,97.8,647608.83,709,4.56,15569,159.08,6621.77,99.93
2025-02-20,Rio de Janeiro,Operação A,14061,94.7,557738.04,608,4.33,15082,148.48,5889.53,93.23
2025-02-20,Rio de Janeiro,Operação B,10496,79.6,421890.55,413,3.94,12669,131.86,5300.13,82.85
2025-02-20,Rio de Janeiro,Operação C,13974,87.8,563910.9,618,4.42,13977,159.16,6422.68,99.98
2025-02-20,Curitiba,Operação A,11489,71.8,491289.12,443,3.86,11430,160.01,6842.47,100.52
2025-02-20,Curitiba,Operação B,11583,70.2,371196.82,344,2.97,11183,165.0,5287.7,103.58
2025-02-20,Curitiba,Operação C,10437,68.1,440816.47,402,3.86,10846,153.26,6473.08,96.23
2025-02-20,Belo Horizonte,Operação A,12946,77.8,493877.86,431,3.33,12381,166.4,6348.04,104.56
2025-02-20,Belo Horizonte,Operação B,12305,74.0,487940.93,452,3.68,11778,166.28,6593.8,104.47
2025-02-20,Belo Horizonte,Operação C,9349,66.3,436002.73,302,3.23,10563,141.01,6576.21,88.51
2025-02-20,Campinas,Operação A,13143,73.7,479894.37,385,2.93,11736,178.33,6511.46,111.99
2025-02-20,Campinas,Operação B,9249,59.5,452643.71,260,2.81,9471,155.45,7607.46,97.66
2025-02-20,Campinas,Operação C,8383,50.2,311775.52,266,3.18,7998,166.99,6210.67,104.81
2025-02-21,São Paulo,Operação A,19316,120.1,804056.56,594,3.08,19139,160.83,6694.89,100.92
2025-02-21,São Paulo,Operação B,15474,91.9,758531.34,543,3.51,14645,168.38,8253.88,105.66
2025-02-21,São Paulo,Operação C,15846,91.8,585076.76,770,4.86,14625,172.61,6373.39,108.35
2025-02-21,Rio de Janeiro,Operação A,19292,105.1,753697.31,955,4.95,16756,183.56,7171.24,115.13
2025-02-21,Rio de Janeiro,Operação B,16356,95.6,702262.82,539,3.3,15239,171.09,7345.85,107.33
2025-02-21,Rio de Janeiro,Operação C,14597,87.8,498220.73,380,2.61,13988,166.25,5674.5,104.35
2025-02-21,Curitiba,Operação A,14060,83.6,587337.46,629,4.48,13317,168.18,7025.57,105.58
2025-02-21,Curitiba,Operação B,10003,60.1,347385.02,410,4.11,9584,166.44,5780.12,104.37
2025-02-21,Curitiba,Operação C,10896,64.3,419980.53,492,4.52,10244,169.46,6531.58,106.36
2025-02-21,Belo Horizonte,Operação A,14988,87.4,621731.18,594,3.96,13935,171.49,7113.63,107.56
2025-02-21,Belo Horizonte,Operação B,11301,64.8,549205.13,492,4.36,10319,174.4,8475.39,109.52
2025-02-21,Belo Horizonte,Operação C,9493,56.2,349602.83,375,3.96,8960,168.91,6220.69,105.95
2025-02-21,Campinas,Operação A,10573,73.9,394931.84,346,3.27,11773,143.07,5344.14,89.81
2025-02-21,Campinas,Operação B,8952,59.4,389912.55,331,3.7,9465,150.71,6564.18,94.58
2025-02-21,Campinas,Operação C,8228,52.8,380091.05,396,4.82,8408,155.83,7198.69,97.86
2025-02-22,São Paulo,Operação A,15893,114.5,698733.05,510,3.21,16068,138.8,6102.47,98.91
2025-02-22,São Paulo,Operação B,15486,101.5,532138.85,705,4.55,14249,152.57,5242.75,108.68
2025-02-22,São Paulo,Operação C,12776,90.7,532031.78,443,3.47,12731,140.86,5865.84,100.35
2025-02-22,Rio de Janeiro,Operação A,14676,91.6,618817.98,565,3.85,12857,160.22,6755.65,114.15
2025-02-22,Rio de Janeiro,Operação B,13043,96.9,572507.98,428,3.29,13594,134.6,5908.24,95.95
2025-02-22,Rio de Janeiro,Operação C,10529,85.3,438044.54,317,3.02,11972,123.43,5135.34,87.95
2025-02-22,Curitiba,Operação A,13167,87.9,515744.76,385,2.93,12336,149.8,5867.4,106.74
2025-02-22,Curitiba,Operação B,9926,73.0,450322.12,318,3.2,10249,135.97,6168.8,96.85
2025-02-22,Curitiba,Operação C,6355,45.0,240510.22,139,2.19,6315,141.22,5344.67,100.63
2025-02-22,Belo Horizonte,Operação A,10448,71.5,494342.56,391,3.75,10034,146.13,6913.88,104.13
2025-02-22,Belo Horizonte,Operação B,9795,65.5,393402.84,288,2.94,9186,149.54,6006.15,106.63
2025-02-22,Belo Horizonte,Operação C,6776,53.3,274023.51,245,3.63,7474,127.13,5141.15,90.66
2025-02-22,Campinas,Operação A,9863,70.0,376934.43,393,3.99,9831,140.9,5384.78,100.33
2025-02-22,Campinas,Operação B,7994,52.3,303701.11,231,2.9,7337,152.85,5806.9,108.95
2025-02-22,Campinas,Operação C,6297,45.0,289040.17,246,3.91,6315,139.93,6423.11,99.71
2025-02-23,São Paulo,Operação A,18764,124.7,705250.96,607,3.24,17519,150.47,5655.58,107.11
2025-02-23,São Paulo,Operação B,15396,97.0,572928.97,648,4.21,13630,158.72,5906.48,112.96
2025-02-23,São Paulo,Operação C,15792,96.5,637384.92,642,4.07,13547,163.65,6605.03,116.57
2025-02-23,Rio de Janeiro,Operação A,16622,119.7,596062.24,331,2.0,16813,138.86,4979.63,98.86
2025-02-23,Rio de Janeiro,Operação B,11994,95.2,485885.62,461,3.85,13370,125.99,5103.84,89.71
2025-02-23,Rio de Janeiro,Operação C,12057,80.7,517114.6,545,4.52,11331,149.41,6407.86,106.41
2025-02-23,Curitiba,Operação A,10812,78.2,420688.02,450,4.16,10984,138.26,5379.64,98.43
2025-02-23,Curitiba,Operação B,11993,80.1,560480.56,306,2.56,11251,149.73,6997.26,106.59
2025-02-23,Curitiba,Operação C,12305,76.6,553017.31,606,4.93,10761,160.64,7219.55,114.35
2025-02-23,Belo Horizonte,Operação A,9585,68.6,374378.47,390,4.08,9629,139.72,5457.41,99.54
2025-02-23,Belo Horizonte,Operação B,9529,62.3,452457.36,386,4.06,8757,152.95,7262.56,108.82
2025-02-23,Belo Horizonte,Operação C,8555,63.3,330330.76,384,4.5,8894,135.15,5218.5,96.19
2025-02-23,Campinas,Operação A,11026,76.2,444660.52,207,1.88,10700,144.7,5835.44,103.05
2025-02-23,Campinas,Operação B,8887,54.0,327736.37,324,3.65,7585,164.57,6069.19,117.17
2025-02-23,Campinas,Operação C,8098,61.2,346099.14,344,4.25,8592,132.32,5655.21,94.25
2025-02-24,São Paulo,Operação A,23380,118.0,825912.6,1016,4.35,18843,198.14,6999.26,124.08
2025-02-24,São Paulo,Operação B,17622,101.3,771230.86,513,2.91,16179,173.96,7613.34,108.92
2025-02-24,São Paulo,Operação C,13182,91.8,585452.03,492,3.74,14664,143.59,6377.47,89.89
2025-02-24,Rio de Janeiro,Operação A,19182,108.2,833850.74,694,3.62,17283,177.28,7706.57,110.99
2025-02-24,Rio de Janeiro,Operação B,13179,84.0,616077.9,612,4.65,13423,156.89,7334.26,98.18
2025-02-24,Rio de Janeiro,Operação C,12868,77.7,493893.69,571,4.44,12413,165.61,6356.42,103.67
2025-02-24,Curitiba,Operação A,16785,89.5,645999.39,536,3.2,14301,187.54,7217.87,117.37
2025-02-24,Curitiba,Operação B,13012,75.4,535278.93,364,2.8,12047,172.57,7099.19,108.01
2025-02-24,Curitiba,Operação C,12330,71.1,472669.36,565,4.58,11359,173.42,6647.95,108.55
2025-02-24,Belo Horizonte,Operação A,14719,88.3,622884.4,580,3.94,14112,166.69,7054.18,104.3
2025-02-24,Belo Horizonte,Operação B,10531,63.7,351635.0,442,4.2,10170,165.32,5520.17,103.55
2025-02-24,Belo Horizonte,Operação C,9195,50.4,374048.18,306,3.33,8051,182.44,7421.59,114.21
2025-02-24,Campinas,Operação A,10728,66.3,511448.02,161,1.51,10595,161.81,7714.15,101.26
2025-02-24,Campinas,Operação B,11901,70.4,442382.94,314,2.64,11251,169.05,6283.85,105.78
2025-02-24,Campinas,Operação C,10150,65.9,379473.97,447,4.41,10519,154.02,5758.33,96.49
2025-02-25,São Paulo,Operação A,18558,120.2,795516.51,497,2.68,19222,154.39,6618.27,96.55
2025-02-25,São Paulo,Operação B,19557,110.2,863011.78,741,3.79,17617,177.47,7831.32,111.01
2025-02-25,São Paulo,Operação C,16935,102.5,631209.85,653,3.86,16389,165.22,6158.14,103.33
2025-02-25,Rio de Janeiro,Operação A,18158,118.3,736382.24,696,3.83,18916,153.49,6224.7,95.99
2025-02-25,Rio de Janeiro,Operação B,13817,89.8,642316.84,740,5.36,14358,153.86,7152.75,96.23
2025-02-25,Rio de Janeiro,Operação C,12494,80.7,447337.15,463,3.71,12908,154.82,5543.21,96.79
2025-02-25,Curitiba,Operação A,15804,92.6,663616.04,478,3.03,14802,170.67,7166.48,106.77
2025-02-25,Curitiba,Operação B,11566,66.2,528046.73,261,2.26,10575,174.71,7976.54,109.37
2025-02-25,Curitiba,Operação C,13071,76.1,622158.41,317,2.43,12160,171.76,8175.54,107.49
2025-02-25,Belo Horizonte,Operação A,11539,70.6,507844.52,569,4.94,11285,163.44,7193.27,102.25
2025-02-25,Belo Horizonte,Operação B,12120,74.6,459281.62,543,4.48,11932,162.47,6156.59,101.58
2025-02-25,Belo Horizonte,Operação C,10044,54.6,410422.56,479,4.77,8725,183.96,7516.9,115.12
2025-02-25,Campinas,Operação A,12348,75.5,492961.97,398,3.23,12065,163.55,6529.3,102.35
2025-02-25,Campinas,Operação B,10711,64.5,424420.74,360,3.37,10310,166.06,6580.17,103.89
2025-02-25,Campinas,Operação C,7685,54.7,336854.09,208,2.72,8739,140.49,6158.21,87.94
2025-02-26,São Paulo,Operação A,16007,109.8,557434.65,386,2.42,17565,145.78,5076.82,91.13
2025-02-26,São Paulo,Operação B,18328,97.5,731222.71,667,3.64,15603,187.98,7499.72,117.46
2025-02-26,São Paulo,Operação C,15515,93.0,646823.86,394,2.54,14878,166.83,6955.1,104.28
2025-02-26,Rio de Janeiro,Operação A,21207,113.9,747957.43,568,2.68,18218,186.19,6566.79,116.41
2025-02-26,Rio de Janeiro,Operação B,13601,88.2,598768.55,396,2.92,14116,154.21,6788.76,96.35
2025-02-26,Rio de Janeiro,Operação C,16928,94.5,725369.81,731,4.32,15122,179.13,7675.87,111.94
2025-02-26,Curitiba,Operação A,14704,92.6,569561.37,523,3.56,14815,158.79,6150.77,99.25
2025-02-26,Curitiba,Operação B,13325,79.8,475596.09,380,2.86,12770,166.98,5959.85,104.35
2025-02-26,Curitiba,Operação C,10593,64.4,528486.56,253,2.39,10306,164.49,8206.31,102.78
2025-02-26,Belo Horizonte,Operação A,15277,83.7,780437.75,485,3.18,13388,182.52,9324.23,114.11
2025-02-26,Belo Horizonte,Operação B,12572,73.1,537854.39,430,3.42,11700,171.98,7357.79,107.45
2025-02-26,Belo Horizonte,Operação C,8757,64.4,391685.53,315,3.6,10300,135.98,6082.07,85.02
2025-02-26,Campinas,Operação A,13072,69.2,513733.05,415,3.18,11065,188.9,7423.89,118.14
2025-02-26,Campinas,Operação B,11744,75.4,467405.78,397,3.38,12068,155.76,6199.02,97.32
2025-02-26,Campinas,Operação C,10063,60.0,370615.24,309,3.07,9599,167.72,6176.92,104.83
2025-02-27,São Paulo,Operação A,18694,113.6,816990.89,716,3.83,18189,164.56,7191.82,102.78
2025-02-27,São Paulo,Operação B,16009,90.1,688551.5,737,4.61,14418,177.68,7642.08,111.03
2025-02-27,São Paulo,Operação C,16625,93.3,729275.26,760,4.58,14937,178.19,7816.46,111.3
2025-02-27,Rio de Janeiro,Operação A,17642,107.4,901325.17,742,4.21,17191,164.26,8392.23,102.62
2025-02-27,Rio de Janeiro,Operação B,14193,94.2,522966.2,529,3.73,15082,150.67,5551.66,94.11
2025-02-27,Rio de Janeiro,Operação C,12727,80.4,541711.15,607,4.77,12870,158.3,6737.7,98.89
2025-02-27,Curitiba,Operação A,13659,89.7,567585.6,390,2.86,14365,152.27,6327.6,95.09
2025-02-27,Curitiba,Operação B,11418,71.1,457740.97,284,2.5,11379,160.59,6437.99,100.34
2025-02-27,Curitiba,Operação C,10179,64.1,308242.57,523,5.14,10253,158.8,4808.78,99.28
2025-02-27,Belo Horizonte,Operação A,14137,87.8,594818.18,362,2.56,14051,161.01,6774.69,100.61
2025-02-27,Belo Horizonte,Operação B,15285,81.6,651550.25,660,4.32,13058,187.32,7984.68,117.05
2025-02-27,Belo Horizonte,Operação C,9381,62.6,378548.74,338,3.61,10015,149.86,6047.1,93.67
2025-02-27,Campinas,Operação A,11002,67.5,458061.69,377,3.44,10812,162.99,6786.1,101.76
2025-02-27,Campinas,Operação B,9474,61.9,370735.96,234,2.47,9903,153.05,5989.27,95.67
2025-02-27,Campinas,Operação C,8598,61.0,400790.28,396,4.61,9759,140.95,6570.33,88.1
2025-02-28,São Paulo,Operação A,15670,115.8,635493.05,540,3.45,18544,135.32,5487.85,84.5
2025-02-28,São Paulo,Operação B,15226,95.4,732687.01,613,4.03,15287,159.6,7680.16,99.6
2025-02-28,São Paulo,Operação C,12310,83.7,500917.67,409,3.33,13413,147.07,5984.68,91.78
2025-02-28,Rio de Janeiro,Operação A,17081,107.2,752349.7,862,5.05,17173,159.34,7018.19,99.46
2025-02-28,Rio de Janeiro,Operação B,15823,95.9,652974.04,508,3.21,15364,164.99,6808.91,102.99
2025-02-28,Rio de Janeiro,Operação C,13870,87.6,585048.96,491,3.54,14039,158.33,6678.64,98.8
2025-02-28,Curitiba,Operação A,12173,81.4,526992.27,420,3.45,13033,149.55,6474.11,93.4
2025-02-28,Curitiba,Operação B,12318,77.3,577508.31,344,2.8,12383,159.35,7471.0,99.48
2025-02-28,Curitiba,Operação C,11176,76.9,488827.96,433,3.88,12323,145.33,6356.67,90.69
2025-02-28,Belo Horizonte,Operação A,12713,74.6,599012.08,219,1.73,11948,170.42,8029.65,106.4
2025-02-28,Belo Horizonte,Operação B,10005,73.2,381564.09,480,4.8,11729,136.68,5212.62,85.3
2025-02-28,Belo Horizonte,Operação C,8700,57.3,358511.77,448,5.15,9173,151.83,6256.75,94.84
2025-02-28,Campinas,Operação A,8879,57.9,426100.78,442,4.99,9275,153.35,7359.25,95.73
2025-02-28,Campinas,Operação B,9188,60.8,462922.44,438,4.78,9736,151.12,7613.86,94.37
2025-02-28,Campinas,Operação C,9191,58.9,384219.49,309,3.37,9431,156.04,6523.25,97.46
2025-03-01,São Paulo,Operação A,19299,120.2,878445.48,509,2.64,16955,160.56,7308.2,113.82
2025-03-01,São Paulo,Operação B,16704,112.1,747474.99,780,4.67,15818,149.01,6667.93,105.6
2025-03-01,São Paulo,Operação C,11984,82.4,477852.19,269,2.25,11626,145.44,5799.18,103.08
2025-03-01,Rio de Janeiro,Operação A,18195,106.2,630269.14,632,3.47,14975,171.33,5934.74,121.5
2025-03-01,Rio de Janeiro,Operação B,13921,94.7,578382.58,342,2.46,13356,147.0,6107.52,104.23
2025-03-01,Rio de Janeiro,Operação C,11182,81.0,371693.18,498,4.46,11427,138.05,4588.8,97.86
2025-03-01,Curitiba,Operação A,13397,91.6,574949.65,584,4.36,12918,146.26,6276.74,103.71
2025-03-01,Curitiba,Operação B,11682,75.4,476743.25,531,4.55,10632,154.93,6322.85,109.88
2025-03-01,Curitiba,Operação C,9927,67.2,366502.41,370,3.73,9478,147.72,5453.9,104.74
2025-03-01,Belo Horizonte,Operação A,10351,74.3,400982.19,273,2.65,10485,139.31,5396.8,98.72
2025-03-01,Belo Horizonte,Operação B,13477,84.6,669557.17,339,2.52,11930,159.3,7914.39,112.97
2025-03-01,Belo Horizonte,Operação C,8197,61.8,321463.56,226,2.77,8722,132.64,5201.68,93.98
2025-03-01,Campinas,Operação A,11253,79.4,520715.89,448,3.98,11201,141.73,6558.13,100.46
2025-03-01,Campinas,Operação B,10143,77.6,477095.61,448,4.42,10950,130.71,6148.14,92.63
2025-03-01,Campinas,Operação C,7382,47.3,319969.69,244,3.32,6673,156.07,6764.69,110.62
2025-03-02,São Paulo,Operação A,15529,112.1,779544.13,543,3.5,15825,138.53,6954.01,98.13
2025-03-02,São Paulo,Operação B,14877,108.0,578426.51,649,4.37,15241,137.75,5355.8,97.61
2025-03-02,São Paulo,Operação C,11436,80.8,481868.55,410,3.59,11399,141.53,5963.72,100.32
2025-03-02,Rio de Janeiro,Operação A,15361,102.5,687733.83,627,4.09,14465,149.86,6709.6,106.19
2025-03-02,Rio de Janeiro,Operação B,11908,83.3,557044.94,502,4.22,11758,142.95,6687.21,101.28
2025-03-02,Rio de Janeiro,Operação C,10426,69.8,355392.09,368,3.54,9848,149.37,5091.58,105.87
2025-03-02,Curitiba,Operação A,13367,98.2,516804.42,549,4.11,13855,136.12,5262.77,96.48
2025-03-02,Curitiba,Operação B,8782,63.0,389795.78,262,2.99,8893,139.4,6187.23,98.75
2025-03-02,Curitiba,Operação C,9713,63.3,424323.91,360,3.71,8934,153.44,6703.38,108.72
2025-03-02,Belo Horizonte,Operação A,11639,77.8,483077.5,449,3.87,10979,149.6,6209.22,106.01
2025-03-02,Belo Horizonte,Operação B,9535,66.2,362713.01,331,3.47,9347,144.03,5479.05,102.01
2025-03-02,Belo Horizonte,Operação C,7485,55.7,322114.31,274,3.67,7856,134.38,5783.02,95.28
2025-03-02,Campinas,Operação A,10780,76.2,470355.24,424,3.94,10757,141.47,6172.64,100.21
2025-03-02,Campinas,Operação B,8880,64.6,378265.39,336,3.79,9120,137.46,5855.5,97.37
2025-03-02,Campinas,Operação C,6747,54.2,287705.29,355,5.27,7646,124.48,5308.22,88.24
2025-03-03,São Paulo,Operação A,18157,115.4,789709.56,680,3.75,18515,157.34,6843.24,98.07
2025-03-03,São Paulo,Operação B,16766,110.8,753221.29,666,3.97,17792,151.32,6798.03,94.23
2025-03-03,São Paulo,Operação C,15146,89.2,698500.65,635,4.2,14318,169.8,7830.72,105.78
2025-03-03,Rio de Janeiro,Operação A,16789,95.7,700793.77,597,3.56,15365,175.43,7322.82,109.27
2025-03-03,Rio de Janeiro,Operação B,14887,90.7,696217.8,511,3.43,14560,164.13,7676.05,102.25
2025-03-03,Rio de Janeiro,Operação C,11538,71.5,492843.12,517,4.48,11482,161.37,6892.91,100.49
2025-03-03,Curitiba,Operação A,13897,89.1,721820.74,515,3.71,14300,155.97,8101.24,97.18
2025-03-03,Curitiba,Operação B,13575,82.7,599111.41,566,4.17,13278,164.15,7244.39,102.24
2025-03-03,Curitiba,Operação C,13087,73.5,595311.77,425,3.25,11792,178.05,8099.48,110.98
2025-03-03,Belo Horizonte,Operação A,12924,76.2,591046.99,429,3.32,12223,169.61,7756.52,105.74
2025-03-03,Belo Horizonte,Operação B,14098,77.2,540442.83,399,2.83,12384,182.62,7000.55,113.84
2025-03-03,Belo Horizonte,Operação C,10225,60.4,407995.21,468,4.58,9687,169.29,6754.89,105.55
2025-03-03,Campinas,Operação A,12256,73.7,444357.97,299,2.45,11828,166.3,6029.28,103.62
2025-03-03,Campinas,Operação B,8955,63.5,412382.67,302,3.37,10187,141.02,6494.22,87.91
2025-03-03,Campinas,Operação C,14800,76.8,610858.22,505,3.41,12330,192.71,7953.88,120.03
2025-03-04,São Paulo,Operação A,23189,124.8,822000.98,480,2.07,20051,185.81,6586.55,115.65
2025-03-04,São Paulo,Operação B,16952,98.1,745676.0,738,4.36,15763,172.8,7601.18,107.54
2025-03-04,São Paulo,Operação C,11374,81.8,516744.21,322,2.84,13138,139.05,6317.17,86.57
2025-03-04,Rio de Janeiro,Operação A,15021,89.6,678539.17,511,3.4,14390,167.65,7572.98,104.38
2025-03-04,Rio de Janeiro,Operação B,14276,87.0,578430.24,345,2.42,13972,164.09,6648.62,102.18
2025-03-04,Rio de Janeiro,Operação C,12793,74.4,553766.93,464,3.63,11944,171.95,7443.1,107.11
2025-03-04,Curitiba,Operação A,12764,77.9,424935.77,464,3.64,12512,163.85,5454.89,102.01
2025-03-04,Curitiba,Operação B,12472,83.8,494593.24,469,3.76,13459,148.83,5902.07,92.67
2025-03-04,Curitiba,Operação C,11849,73.7,464848.1,228,1.92,11839,160.77,6307.3,100.08
2025-03-04,Belo Horizonte,Operação A,15341,80.9,661341.82,534,3.48,12989,189.63,8174.81,118.11
2025-03-04,Belo Horizonte,Operação B,11932,72.0,462340.45,496,4.16,11556,165.72,6421.4,103.25
2025-03-04,Belo Horizonte,Operação C,10454,62.9,398282.09,474,4.54,10104,166.2,6331.99,103.46
2025-03-04,Campinas,Operação A,12025,75.4,553237.78,373,3.1,12106,159.48,7337.37,99.33
2025-03-04,Campinas,Operação B,8803,56.0,307363.13,341,3.88,8998,157.2,5488.63,97.83
2025-03-04,Campinas,Operação C,6826,45.0,230020.15,234,3.43,7227,151.69,5111.56,94.45
2025-03-05,São Paulo,Operação A,18956,116.8,717099.59,485,2.56,18773,162.29,6139.55,100.97
2025-03-05,São Paulo,Operação B,16884,105.8,730493.58,471,2.79,16994,159.58,6904.48,99.35
2025-03-05,São Paulo,Operação C,16574,91.5,734968.45,525,3.17,14699,181.14,8032.44,112.76
2025-03-05,Rio de Janeiro,Operação A,17229,105.5,724161.07,558,3.24,16959,163.31,6864.09,101.59
2025-03-05,Rio de Janeiro,Operação B,15007,89.0,570664.66,403,2.69,14310,168.62,6411.96,104.87
2025-03-05,Rio de Janeiro,Operação C,10271,69.7,381371.16,372,3.63,11194,147.36,5471.61,91.75
2025-03-05,Curitiba,Operação A,13525,78.6,569928.01,260,1.93,12634,172.07,7250.99,107.05
2025-03-05,Curitiba,Operação B,13755,78.4,523027.68,527,3.84,12596,175.45,6671.27,109.2
2025-03-05,Curitiba,Operação C,9855,58.9,364063.47,203,2.07,9473,167.32,6181.04,104.03
2025-03-05,Belo Horizonte,Operação A,12754,77.5,515379.97,325,2.55,12450,164.57,6650.06,102.44
2025-03-05,Belo Horizonte,Operação B,11318,66.9,473323.6,412,3.65,10751,169.18,7075.09,105.27
2025-03-05,Belo Horizonte,Operação C,10178,56.6,379591.63,395,3.89,9103,179.82,6706.57,111.81
2025-03-05,Campinas,Operação A,13560,79.0,558535.09,417,3.08,12695,171.65,7070.06,106.81
2025-03-05,Campinas,Operação B,10279,68.8,391830.37,327,3.18,11048,149.4,5695.21,93.04
2025-03-05,Campinas,Operação C,10703,62.8,408082.02,348,3.25,10089,170.43,6498.12,106.09
2025-03-06,São Paulo,Operação A,17933,113.6,823403.71,430,2.4,18262,157.86,7248.27,98.2
2025-03-06,São Paulo,Operação B,19997,113.8,927129.84,625,3.13,18292,175.72,8147.01,109.32
2025-03-06,São Paulo,Operação C,13326,89.2,531725.4,519,3.89,14334,149.39,5961.05,92.97
2025-03-06,Rio de Janeiro,Operação A,17290,112.8,700901.61,584,3.38,18138,153.28,6213.67,95.32
2025-03-06,Rio de Janeiro,Operação B,13916,80.4,544171.8,465,3.34,12932,173.08,6768.31,107.61
2025-03-06,Rio de Janeiro,Operação C,11963,76.2,502108.88,398,3.33,12254,156.99,6589.36,97.63
2025-03-06,Curitiba,Operação A,12972,82.3,561403.5,625,4.82,13228,157.62,6821.43,98.06
2025-03-06,Curitiba,Operação B,13291,74.8,484312.24,481,3.63,12024,177.69,6474.76,110.54
2025-03-06,Curitiba,Operação C,8530,57.3,333032.65,379,4.45,9207,148.87,5812.09,92.65
2025-03-06,Belo Horizonte,Operação A,14668,86.8,526129.39,490,3.34,13957,168.99,6061.4,105.09
2025-03-06,Belo Horizonte,Operação B,12078,71.8,418198.64,336,2.79,11547,168.22,5824.49,104.6
2025-03-06,Belo Horizonte,Operação C,10496,60.9,348629.77,353,3.37,9790,172.35,5724.63,107.21
2025-03-06,Campinas,Operação A,12626,71.7,565284.08,500,3.97,11533,176.09,7884.02,109.48
2025-03-06,Campinas,Operação B,8047,55.9,325322.42,346,4.3,8988,143.95,5819.72,89.53
2025-03-06,Campinas,Operação C,11140,63.9,487011.43,423,3.8,10270,174.33,7621.46,108.47
2025-03-07,São Paulo,Operação A,18776,114.0,913945.8,515,2.75,18337,164.7,8017.07,102.39
2025-03-07,São Paulo,Operação B,18492,113.8,874703.56,439,2.37,18309,162.5,7686.32,101.0
2025-03-07,São Paulo,Operação C,14868,94.3,540287.23,546,3.67,15171,157.67,5729.45,98.0
2025-03-07,Rio de Janeiro,Operação A,17330,110.8,623948.21,593,3.43,17825,156.41,5631.3,97.22
2025-03-07,Rio de Janeiro,Operação B,15465,89.6,708271.92,533,3.45,14413,172.6,7904.82,107.3
2025-03-07,Rio de Janeiro,Operação C,15596,92.4,633420.53,344,2.21,14859,168.79,6855.2,104.96
2025-03-07,Curitiba,Operação A,13478,83.0,617847.95,521,3.87,13358,162.39,7443.95,100.9
2025-03-07,Curitiba,Operação B,11027,65.5,492753.9,520,4.72,10545,168.35,7522.96,104.57
2025-03-07,Curitiba,Operação C,12459,71.2,526272.45,474,3.81,11447,174.99,7391.47,108.84
2025-03-07,Belo Horizonte,Operação A,13400,88.9,544070.05,386,2.88,14302,150.73,6120.02,93.69
2025-03-07,Belo Horizonte,Operação B,13064,72.4,517492.51,207,1.59,11640,180.44,7147.69,112.23
2025-03-07,Belo Horizonte,Operação C,10338,58.5,456428.07,397,3.84,9403,176.72,7802.19,109.94
2025-03-07,Campinas,Operação A,10408,68.8,458588.73,294,2.83,11063,151.28,6665.53,94.08
2025-03-07,Campinas,Operação B,13275,76.8,526717.58,399,3.01,12354,172.85,6858.3,107.46
2025-03-07,Campinas,Operação C,8740,53.5,406124.51,318,3.65,8602,163.36,7591.11,101.6
2025-03-08,São Paulo,Operação A,18688,112.8,788581.9,769,4.12,15971,165.67,6990.97,117.01
2025-03-08,São Paulo,Operação B,14745,98.2,637639.27,293,1.99,13916,150.15,6493.27,105.96
2025-03-08,São Paulo,Operação C,16647,104.3,672725.56,435,2.62,14775,159.61,6449.91,112.67
2025-03-08,Rio de Janeiro,Operação A,15633,106.2,678826.69,571,3.65,15038,147.2,6391.97,103.96
2025-03-08,Rio de Janeiro,Operação B,15111,93.7,669000.43,401,2.66,13279,161.27,7139.81,113.8
2025-03-08,Rio de Janeiro,Operação C,14509,88.9,792310.76,377,2.6,12594,163.21,8912.38,115.21
2025-03-08,Curitiba,Operação A,10824,86.6,478557.15,331,3.06,12262,124.99,5526.06,88.27
2025-03-08,Curitiba,Operação B,12080,87.3,425738.68,377,3.12,12361,138.37,4876.73,97.73
2025-03-08,Curitiba,Operação C,7875,51.1,265699.88,277,3.52,7240,154.11,5199.61,108.77
2025-03-08,Belo Horizonte,Operação A,9388,65.6,456008.14,355,3.79,9293,143.11,6951.34,101.02
2025-03-08,Belo Horizonte,Operação B,9297,63.7,391144.01,360,3.88,9017,145.95,6140.41,103.11
2025-03-08,Belo Horizonte,Operação C,7891,51.8,246060.58,236,3.0,7333,152.34,4750.2,107.61
2025-03-08,Campinas,Operação A,10288,67.3,433027.3,244,2.38,9534,152.87,6434.28,107.91
2025-03-08,Campinas,Operação B,8103,54.6,337763.27,246,3.04,7734,148.41,6186.14,104.77
2025-03-08,Campinas,Operação C,7791,50.8,311088.63,267,3.43,7189,153.37,6123.79,108.37
2025-03-09,São Paulo,Operação A,17545,133.1,606927.68,724,4.13,18858,131.82,4559.94,93.04
2025-03-09,São Paulo,Operação B,13996,97.7,544099.74,460,3.29,13853,143.25,5569.09,101.03
2025-03-09,São Paulo,Operação C,15682,101.4,712729.56,371,2.37,14369,154.65,7028.89,109.14
2025-03-09,Rio de Janeiro,Operação A,11226,95.7,435147.56,478,4.27,13559,117.3,4547.0,82.79
2025-03-09,Rio de Janeiro,Operação B,13526,93.8,566885.47,398,2.95,13296,144.2,6043.56,101.73
2025-03-09,Rio de Janeiro,Operação C,12468,80.8,443068.49,466,3.74,11452,154.31,5483.52,108.87
2025-03-09,Curitiba,Operação A,12996,91.4,582257.22,747,5.75,12953,142.19,6370.43,100.33
2025-03-09,Curitiba,Operação B,10995,73.1,429330.25,400,3.65,10355,150.41,5873.19,106.18
2025-03-09,Curitiba,Operação C,10119,68.2,383724.81,370,3.67,9660,148.37,5626.46,104.75
2025-03-09,Belo Horizonte,Operação A,13653,90.4,625962.04,451,3.31,12810,151.03,6924.36,106.58
2025-03-09,Belo Horizonte,Operação B,11190,74.9,427417.24,420,3.75,10622,149.4,5706.51,105.35
2025-03-09,Belo Horizonte,Operação C,7613,54.4,325511.43,284,3.74,7709,139.94,5983.67,98.75
2025-03-09,Campinas,Operação A,9812,62.4,434554.1,288,2.94,8843,157.24,6964.01,110.96
2025-03-09,Campinas,Operação B,7355,50.7,295790.34,264,3.59,7190,145.07,5834.13,102.29
2025-03-09,Campinas,Operação C,6492,51.6,262579.41,211,3.26,7309,125.81,5088.75,88.82
2025-03-10,São Paulo,Operação A,19369,122.3,943555.0,381,1.97,19707,158.37,7715.09,98.28
2025-03-10,São Paulo,Operação B,18302,111.7,831612.49,652,3.56,17994,163.85,7445.05,101.71
2025-03-10,São Paulo,Operação C,15903,98.2,598040.56,737,4.64,15819,161.95,6090.03,100.53
2025-03-10,Rio de Janeiro,Operação A,17404,102.9,816926.49,465,2.67,16586,169.14,7939.03,104.93
2025-03-10,Rio de Janeiro,Operação B,15063,94.4,624682.53,535,3.56,15205,159.57,6617.4,99.07
2025-03-10,Rio de Janeiro,Operação C,10842,68.9,513957.33,456,4.21,11097,157.36,7459.47,97.7
2025-03-10,Curitiba,Operação A,14297,84.4,583646.86,655,4.59,13604,169.4,6915.25,105.09
2025-03-10,Curitiba,Operação B,12249,72.4,570608.89,352,2.88,11665,169.19,7881.34,105.01
2025-03-10,Curitiba,Operação C,11276,75.9,547095.38,361,3.2,12222,148.56,7208.11,92.26
2025-03-10,Belo Horizonte,Operação A,11334,78.5,455409.43,302,2.67,12641,144.38,5801.39,89.66
2025-03-10,Belo Horizonte,Operação B,10792,65.4,494609.95,395,3.67,10545,165.02,7562.84,102.34
2025-03-10,Belo Horizonte,Operação C,9760,63.5,375535.36,482,4.94,10230,153.7,5913.94,95.41
2025-03-10,Campinas,Operação A,12184,65.6,499882.17,426,3.5,10566,185.73,7620.16,115.31
2025-03-10,Campinas,Operação B,12510,69.0,519874.94,398,3.19,11116,181.3,7534.42,112.54
2025-03-10,Campinas,Operação C,9157,53.7,417240.67,320,3.5,8657,170.52,7769.84,105.78
2025-03-11,São Paulo,Operação A,22691,122.2,987631.19,850,3.75,19700,185.69,8082.09,115.18
2025-03-11,São Paulo,Operação B,12485,91.9,543765.48,427,3.42,14809,135.85,5916.93,84.31
2025-03-11,São Paulo,Operação C,14671,86.6,612637.27,645,4.4,13959,169.41,7074.33,105.1
2025-03-11,Rio de Janeiro,Operação A,16471,104.3,757018.11,547,3.33,16819,157.92,7258.08,97.93
2025-03-11,Rio de Janeiro,Operação B,15116,93.9,595580.87,539,3.57,15134,160.98,6342.71,99.88
2025-03-11,Rio de Janeiro,Operação C,13681,79.5,559900.63,277,2.03,12810,172.09,7042.78,106.8
2025-03-11,Curitiba,Operação A,14390,81.8,587263.03,475,3.3,13193,175.92,7179.25,109.07
2025-03-11,Curitiba,Operação B,12773,80.7,457641.1,430,3.37,13010,158.28,5670.89,98.18
2025-03-11,Curitiba,Operação C,9560,61.6,394813.53,372,3.89,9923,155.19,6409.31,96.34
2025-03-11,Belo Horizonte,Operação A,13628,80.1,671228.48,439,3.23,12910,170.14,8379.88,105.56
2025-03-11,Belo Horizonte,Operação B,11509,71.6,444414.98,348,3.03,11550,160.74,6206.91,99.65
2025-03-11,Belo Horizonte,Operação C,9902,58.0,508926.19,289,2.93,9347,170.72,8774.59,105.94
2025-03-11,Campinas,Operação A,11245,67.8,490093.03,417,3.71,10931,165.86,7228.51,102.87
2025-03-11,Campinas,Operação B,9747,70.5,316312.38,302,3.1,11363,138.26,4486.7,85.78
2025-03-11,Campinas,Operação C,9166,61.8,274700.17,362,3.96,9962,148.32,4444.99,92.01
2025-03-12,São Paulo,Operação A,18407,119.6,700530.69,501,2.72,19285,153.9,5857.28,95.45
2025-03-12,São Paulo,Operação B,16456,103.3,723673.26,200,1.22,16655,159.3,7005.55,98.81
2025-03-12,São Paulo,Operação C,12926,84.2,529638.16,396,3.07,13579,153.52,6290.24,95.19
2025-03-12,Rio de Janeiro,Operação A,15846,109.3,668415.43,625,3.95,17630,144.98,6115.42,89.88
2025-03-12,Rio de Janeiro,Operação B,16618,103.2,719523.41,341,2.06,16643,161.03,6972.13,99.85
2025-03-12,Rio de Janeiro,Operação C,11055,62.6,464064.12,491,4.44,10101,176.6,7413.16,109.44
2025-03-12,Curitiba,Operação A,12998,75.3,643079.58,498,3.84,12137,172.62,8540.23,107.09
2025-03-12,Curitiba,Operação B,12629,75.7,451063.35,578,4.58,12214,166.83,5958.56,103.4
2025-03-12,Curitiba,Operação C,10467,60.7,374172.88,267,2.56,9784,172.44,6164.3,106.98
2025-03-12,Belo Horizonte,Operação A,14666,90.2,701226.95,504,3.44,14547,162.59,7774.13,100.82
2025-03-12,Belo Horizonte,Operação B,10058,56.8,398703.45,408,4.06,9161,177.08,7019.43,109.79
2025-03-12,Belo Horizonte,Operação C,9143,61.5,390014.59,480,5.26,9920,148.67,6341.7,92.17
2025-03-12,Campinas,Operação A,12311,74.2,570016.21,451,3.67,11962,165.92,7682.16,102.92
2025-03-12,Campinas,Operação B,9691,63.0,416086.88,419,4.33,10155,153.83,6604.55,95.43
2025-03-12,Campinas,Operação C,8846,48.3,368287.07,246,2.79,7784,183.15,7624.99,113.64
2025-03-13,São Paulo,Operação A,20399,124.9,918731.38,666,3.27,20145,163.32,7355.74,101.26
2025-03-13,São Paulo,Operação B,17607,102.1,759981.3,335,1.9,16470,172.45,7443.5,106.9
2025-03-13,São Paulo,Operação C,14623,82.4,606437.07,450,3.08,13287,177.46,7359.67,110.05
2025-03-13,Rio de Janeiro,Operação A,14521,94.2,492447.85,496,3.42,15202,154.15,5227.68,95.52
2025-03-13,Rio de Janeiro,Operação B,13369,86.0,557855.03,506,3.79,13877,155.45,6486.69,96.34
2025-03-13,Rio de Janeiro,Operação C,14017,94.0,653718.18,599,4.28,15171,149.12,6954.45,92.39
2025-03-13,Curitiba,Operação A,13429,79.4,539435.77,489,3.65,12813,169.13,6793.9,104.81
2025-03-13,Curitiba,Operação B,14661,84.4,645588.83,462,3.16,13611,173.71,7649.16,107.71
2025-03-13,Curitiba,Operação C,8963,54.6,419705.32,204,2.28,8802,164.16,7686.91,101.83
2025-03-13,Belo Horizonte,Operação A,12239,72.8,465833.24,350,2.87,11741,168.12,6398.81,104.24
2025-03-13,Belo Horizonte,Operação B,10062,66.7,383397.54,408,4.06,10767,150.85,5748.09,93.45
2025-03-13,Belo Horizonte,Operação C,7727,52.2,305061.19,315,4.09,8419,148.03,5844.08,91.78
2025-03-13,Campinas,Operação A,11185,69.3,471754.61,235,2.1,11188,161.4,6807.43,99.97
2025-03-13,Campinas,Operação B,11121,65.0,448874.32,478,4.3,10481,171.09,6905.76,106.11
2025-03-13,Campinas,Operação C,8315,46.2,354368.46,268,3.23,7458,179.98,7670.31,111.49
2025-03-14,São Paulo,Operação A,19490,117.7,913713.25,514,2.64,19004,165.59,7763.07,102.56
2025-03-14,São Paulo,Operação B,17381,97.2,688598.03,733,4.22,15683,178.82,7084.34,110.83
2025-03-14,São Paulo,Operação C,16549,102.1,740161.46,426,2.58,16479,162.09,7249.38,100.42
2025-03-14,Rio de Janeiro,Operação A,18436,109.0,809195.74,550,2.98,17596,169.14,7423.81,104.77
2025-03-14,Rio de Janeiro,Operação B,13567,78.6,457837.24,440,3.25,12682,172.61,5824.9,106.98
2025-03-14,Rio de Janeiro,Operação C,14530,86.0,723497.67,627,4.32,13875,168.95,8412.76,104.72
2025-03-14,Curitiba,Operação A,13417,80.3,560971.71,299,2.23,12960,167.09,6985.95,103.53
2025-03-14,Curitiba,Operação B,10771,67.2,364653.48,381,3.54,10849,160.28,5426.39,99.28
2025-03-14,Curitiba,Operação C,9306,63.2,405898.42,379,4.07,10201,147.25,6422.44,91.23
2025-03-14,Belo Horizonte,Operação A,13325,81.7,591173.87,538,4.04,13194,163.1,7235.91,100.99
2025-03-14,Belo Horizonte,Operação B,11292,71.9,486757.5,503,4.46,11597,157.05,6769.92,97.37
2025-03-14,Belo Horizonte,Operação C,10933,57.2,436199.11,385,3.53,9226,191.14,7625.86,118.5
2025-03-14,Campinas,Operação A,11183,66.0,391752.94,342,3.06,10656,169.44,5935.65,104.95
2025-03-14,Campinas,Operação B,9067,53.9,416880.62,364,4.02,8692,168.22,7734.33,104.31
2025-03-14,Campinas,Operação C,8578,45.0,370407.65,246,2.88,7263,190.62,8231.28,118.11
2025-03-15,São Paulo,Operação A,17685,119.0,695597.12,646,3.66,16906,148.61,5845.35,104.61
2025-03-15,São Paulo,Operação B,14017,98.2,550235.7,329,2.35,13960,142.74,5603.21,100.41
2025-03-15,São Paulo,Operação C,13943,91.2,614322.09,579,4.16,12962,152.88,6735.99,107.57
2025-03-15,Rio de Janeiro,Operação A,14984,106.0,679654.09,361,2.41,15062,141.36,6411.83,99.48
2025-03-15,Rio de Janeiro,Operação B,11487,83.9,532080.42,488,4.25,11921,136.91,6341.84,96.36
2025-03-15,Rio de Janeiro,Operação C,13068,82.8,502894.13,493,3.78,11763,157.83,6073.6,111.09
2025-03-15,Curitiba,Operação A,13064,84.0,542666.84,417,3.19,11935,155.52,6460.32,109.46
2025-03-15,Curitiba,Operação B,12091,77.6,475498.15,417,3.45,11024,155.81,6127.55,109.68
2025-03-15,Curitiba,Operação C,6970,57.5,298328.81,277,3.99,8175,121.22,5188.33,85.26
2025-03-15,Belo Horizonte,Operação A,10395,82.0,422001.68,179,1.73,11650,126.77,5146.36,89.23
2025-03-15,Belo Horizonte,Operação B,10757,79.3,505811.51,457,4.26,11266,135.65,6378.46,95.48
2025-03-15,Belo Horizonte,Operação C,7439,55.0,322863.62,210,2.82,7819,135.25,5870.25,95.14
2025-03-15,Campinas,Operação A,10135,71.4,353461.84,173,1.72,10151,141.95,4950.45,99.84
2025-03-15,Campinas,Operação B,8899,63.1,354070.21,361,4.06,8964,141.03,5611.26,99.27
2025-03-15,Campinas,Operação C,8978,62.3,364844.42,350,3.9,8857,144.11,5856.25,101.37
2025-03-16,São Paulo,Operação A,16167,108.4,714703.36,653,4.04,15405,149.14,6593.2,104.95
2025-03-16,São Paulo,Operação B,12368,88.9,476006.56,442,3.58,12643,139.12,5354.4,97.82
2025-03-16,São Paulo,Operação C,15183,93.6,607625.76,470,3.1,13300,162.21,6491.73,114.16
2025-03-16,Rio de Janeiro,Operação A,16759,111.8,788856.29,625,3.73,15889,149.9,7055.96,105.48
2025-03-16,Rio de Janeiro,Operação B,10934,82.1,391371.06,440,4.03,11670,133.18,4767.0,93.69
2025-03-16,Rio de Janeiro,Operação C,14549,87.7,660123.36,644,4.43,12465,165.9,7527.06,116.72
2025-03-16,Curitiba,Operação A,10909,80.8,495272.06,418,3.83,11487,135.01,6129.6,94.97
2025-03-16,Curitiba,Operação B,11247,74.6,486913.47,509,4.53,10597,150.76,6526.99,106.13
2025-03-16,Curitiba,Operação C,11285,74.0,512149.54,441,3.91,10520,152.5,6920.94,107.27
2025-03-16,Belo Horizonte,Operação A,11898,76.9,433349.19,516,4.34,10935,154.72,5635.23,108.81
2025-03-16,Belo Horizonte,Operação B,9190,61.3,354912.14,362,3.94,8719,149.92,5789.76,105.4
2025-03-16,Belo Horizonte,Operação C,7972,61.1,348239.27,242,3.04,8685,130.47,5699.5,91.79
2025-03-16,Campinas,Operação A,11295,76.9,492255.12,308,2.73,10930,146.88,6401.24,103.34
2025-03-16,Campinas,Operação B,8157,57.4,370546.49,394,4.84,8155,142.11,6455.51,100.02
2025-03-16,Campinas,Operação C,7658,48.5,255174.44,194,2.54,6891,157.9,5261.33,111.13
2025-03-17,São Paulo,Operação A,16804,111.2,599325.52,643,3.83,17962,151.12,5389.62,93.55
2025-03-17,São Paulo,Operação B,17312,101.0,774917.85,642,3.71,16320,171.41,7672.45,106.08
2025-03-17,São Paulo,Operação C,15752,94.8,586793.92,684,4.35,15319,166.16,6189.81,102.83
2025-03-17,Rio de Janeiro,Operação A,15542,99.6,641703.2,430,2.77,16095,156.04,6442.8,96.56
2025-03-17,Rio de Janeiro,Operação B,14924,87.3,647602.61,415,2.78,14103,170.95,7418.13,105.82
2025-03-17,Rio de Janeiro,Operação C,13637,76.0,599831.63,703,5.16,12274,179.43,7892.52,111.1
2025-03-17,Curitiba,Operação A,16796,93.1,612189.44,690,4.11,15048,180.41,6575.61,111.62
2025-03-17,Curitiba,Operação B,11787,73.4,502975.59,501,4.26,11865,160.59,6852.53,99.34
2025-03-17,Curitiba,Operação C,10726,68.4,482346.46,320,2.99,11060,156.81,7051.85,96.98
2025-03-17,Belo Horizonte,Operação A,13347,81.7,548889.17,548,4.11,13197,163.37,6718.35,101.14
2025-03-17,Belo Horizonte,Operação B,11841,62.4,411068.08,357,3.02,10086,189.76,6587.63,117.4
2025-03-17,Belo Horizonte,Operação C,11110,63.9,462154.86,383,3.45,10329,173.87,7232.47,107.56
2025-03-17,Campinas,Operação A,12090,73.6,575154.25,504,4.17,11892,164.27,7814.6,101.66
2025-03-17,Campinas,Operação B,10525,67.6,438707.75,343,3.26,10924,155.7,6489.76,96.35
2025-03-17,Campinas,Operação C,8059,47.1,321146.45,324,4.02,7607,171.1,6818.4,105.94
2025-03-18,São Paulo,Operação A,20655,110.4,793455.0,759,3.68,17842,187.09,7187.09,115.77
2025-03-18,São Paulo,Operação B,17325,108.0,786726.08,436,2.52,17464,160.42,7284.5,99.2
2025-03-18,São Paulo,Operação C,16780,100.4,664728.87,547,3.26,16223,167.13,6620.81,103.43
2025-03-18,Rio de Janeiro,Operação A,17524,109.4,683481.02,582,3.32,17682,160.18,6247.54,99.11
2025-03-18,Rio de Janeiro,Operação B,15434,82.0,613261.06,642,4.17,13248,188.22,7478.79,116.5
2025-03-18,Rio de Janeiro,Operação C,12572,80.8,527724.55,518,4.13,13067,155.59,6531.24,96.21
2025-03-18,Curitiba,Operação A,15121,83.6,696867.34,640,4.24,13505,180.87,8335.73,111.97
2025-03-18,Curitiba,Operação B,10898,70.6,430968.49,398,3.66,11408,154.36,6104.37,95.53
2025-03-18,Curitiba,Operação C,9739,68.8,408721.94,353,3.63,11115,141.56,5940.73,87.62
2025-03-18,Belo Horizonte,Operação A,14244,78.2,622279.34,647,4.55,12642,182.15,7957.54,112.67
2025-03-18,Belo Horizonte,Operação B,12136,68.2,589084.66,552,4.55,11022,177.95,8637.6,110.11
2025-03-18,Belo Horizonte,Operação C,8808,53.7,357775.16,342,3.89,8678,164.02,6662.48,101.5
2025-03-18,Campinas,Operação A,11874,75.5,501930.06,223,1.88,12208,157.27,6648.08,97.26
2025-03-18,Campinas,Operação B,11529,71.6,486794.22,374,3.25,11572,161.02,6798.8,99.63
2025-03-18,Campinas,Operação C,8317,62.1,348761.41,284,3.42,10044,133.93,5616.13,82.81
2025-03-19,São Paulo,Operação A,21479,114.7,825882.2,884,4.12,18545,187.26,7200.37,115.82
2025-03-19,São Paulo,Operação B,19091,105.0,750872.77,556,2.91,16976,181.82,7151.17,112.46
2025-03-19,São Paulo,Operação C,16839,97.9,603177.2,516,3.07,15824,172.0,6161.16,106.41
2025-03-19,Rio de Janeiro,Operação A,18825,106.4,739503.93,219,1.17,17209,176.93,6950.22,109.39
2025-03-19,Rio de Janeiro,Operação B,14342,93.9,486633.31,177,1.23,15176,152.74,5182.46,94.5
2025-03-19,Rio de Janeiro,Operação C,14342,85.1,589418.54,661,4.61,13755,168.53,6926.19,104.27
2025-03-19,Curitiba,Operação A,16614,89.3,605232.37,576,3.47,14443,186.05,6777.52,115.03
2025-03-19,Curitiba,Operação B,10271,62.5,421167.87,410,4.0,10102,164.34,6738.69,101.67
2025-03-19,Curitiba,Operação C,11379,65.3,509935.78,594,5.22,10552,174.26,7809.12,107.84
2025-03-19,Belo Horizonte,Operação A,12165,77.9,522904.43,347,2.86,12603,156.16,6712.51,96.52
2025-03-19,Belo Horizonte,Operação B,13113,80.1,521080.39,409,3.12,12947,163.71,6505.37,101.28
2025-03-19,Belo Horizonte,Operação C,10965,66.4,432386.49,529,4.83,10730,165.14,6511.84,102.19
2025-03-19,Campinas,Operação A,10842,64.7,483653.21,237,2.19,10466,167.57,7475.32,103.59
2025-03-19,Campinas,Operação B,10036,64.9,454541.79,273,2.73,10487,154.64,7003.73,95.7
2025-03-19,Campinas,Operação C,10615,59.0,482406.59,392,3.7,9534,179.92,8176.38,111.34
2025-03-20,São Paulo,Operação A,18645,116.3,892799.77,548,2.94,18802,160.32,7676.7,99.16
2025-03-20,São Paulo,Operação B,16658,95.2,646587.81,456,2.74,15403,174.98,6791.89,108.15
2025-03-20,São Paulo,Operação C,12933,80.1,538906.99,477,3.69,12954,161.46,6727.93,99.84
2025-03-20,Rio de Janeiro,Operação A,19129,110.4,788813.22,639,3.34,17853,173.27,7145.05,107.15
2025-03-20,Rio de Janeiro,Operação B,17067,93.8,725437.22,533,3.12,15165,181.95,7733.87,112.54
2025-03-20,Rio de Janeiro,Operação C,10879,72.4,485911.39,431,3.96,11713,150.26,6711.48,92.88
2025-03-20,Curitiba,Operação A,14725,88.9,701318.46,458,3.11,14380,165.64,7888.85,102.4
2025-03-20,Curitiba,Operação B,13414,80.5,530746.33,533,3.97,13017,166.63,6593.12,103.05
2025-03-20,Curitiba,Operação C,11616,67.8,491648.52,403,3.47,10967,171.33,7251.45,105.92
2025-03-20,Belo Horizonte,Operação A,17532,96.9,787034.4,629,3.59,15667,180.93,8122.13,111.9
2025-03-20,Belo Horizonte,Operação B,13291,76.8,559615.15,432,3.26,12413,173.06,7286.66,107.07
2025-03-20,Belo Horizonte,Operação C,7902,60.8,338540.67,245,3.11,9828,129.97,5568.1,80.4
2025-03-20,Campinas,Operação A,13701,81.9,510282.05,474,3.46,13241,167.29,6230.55,103.47
2025-03-20,Campinas,Operação B,9354,54.2,403754.09,399,4.27,8762,172.58,7449.34,106.76
2025-03-20,Campinas,Operação C,8138,48.6,297361.81,330,4.06,7857,167.45,6118.56,103.58
2025-03-21,São Paulo,Operação A,21017,121.5,882850.11,805,3.83,19656,172.98,7266.26,106.92
2025-03-21,São Paulo,Operação B,18632,113.7,792876.95,490,2.63,18398,163.87,6973.41,101.27
2025-03-21,São Paulo,Operação C,14158,84.1,657153.96,466,3.29,13608,168.35,7813.96,104.04
2025-03-21,Rio de Janeiro,Operação A,16578,102.1,660815.22,619,3.74,16513,162.37,6472.24,100.39
2025-03-21,Rio de Janeiro,Operação B,14521,79.7,571231.61,592,4.08,12896,182.2,7167.27,112.6
2025-03-21,Rio de Janeiro,Operação C,12334,70.5,551179.06,469,3.81,11402,174.95,7818.14,108.17
2025-03-21,Curitiba,Operação A,13251,77.9,493835.29,436,3.3,12603,170.1,6339.35,105.14
2025-03-21,Curitiba,Operação B,14296,81.0,601300.22,388,2.72,13104,176.49,7423.46,109.1
2025-03-21,Curitiba,Operação C,11627,69.5,380420.76,479,4.13,11237,167.29,5473.68,103.47
2025-03-21,Belo Horizonte,Operação A,14496,80.0,545323.83,144,1.0,12939,181.2,6816.55,112.03
2025-03-21,Belo Horizonte,Operação B,12222,71.7,430670.45,332,2.72,11591,170.46,6006.56,105.44
2025-03-21,Belo Horizonte,Operação C,13189,80.6,592500.47,392,2.98,13042,163.64,7351.12,101.13
2025-03-21,Campinas,Operação A,9265,56.1,379286.69,294,3.18,9074,165.15,6760.9,102.1
2025-03-21,Campinas,Operação B,10334,60.7,427822.77,257,2.49,9819,170.25,7048.15,105.24
2025-03-21,Campinas,Operação C,8303,57.5,280629.53,339,4.09,9305,144.4,4880.51,89.23
2025-03-22,São Paulo,Operação A,17794,121.4,648025.56,522,2.93,17290,146.57,5337.94,102.91
2025-03-22,São Paulo,Operação B,13156,100.7,513661.36,529,4.02,14333,130.65,5100.91,91.79
2025-03-22,São Paulo,Operação C,14309,100.2,644276.37,281,1.97,14266,142.8,6429.9,100.3
2025-03-22,Rio de Janeiro,Operação A,15045,108.3,650386.06,496,3.3,15428,138.92,6005.41,97.52
2025-03-22,Rio de Janeiro,Operação B,13736,99.4,611395.2,450,3.28,14160,138.19,6150.86,97.01
2025-03-22,Rio de Janeiro,Operação C,11368,78.3,439001.55,396,3.49,11145,145.19,5606.66,102.0
2025-03-22,Curitiba,Operação A,12633,84.4,534856.21,522,4.14,12022,149.68,6337.16,105.08
2025-03-22,Curitiba,Operação B,10941,80.3,497542.96,279,2.55,11429,136.25,6196.05,95.73
2025-03-22,Curitiba,Operação C,10602,69.1,364228.87,378,3.57,9833,153.43,5271.04,107.82
2025-03-22,Belo Horizonte,Operação A,10710,76.9,507690.51,318,2.98,10946,139.27,6601.96,97.84
2025-03-22,Belo Horizonte,Operação B,9475,64.1,423933.85,320,3.39,9121,147.82,6613.63,103.88
2025-03-22,Belo Horizonte,Operação C,10606,69.5,353043.56,326,3.08,9896,152.6,5079.76,107.17
2025-03-22,Campinas,Operação A,10157,66.8,319952.93,562,5.54,9510,152.05,4789.71,106.8
2025-03-22,Campinas,Operação B,9696,65.2,453057.92,521,5.37,9286,148.71,6948.74,104.42
2025-03-22,Campinas,Operação C,9448,60.2,401755.04,319,3.39,8574,156.94,6673.67,110.19
2025-03-23,São Paulo,Operação A,15883,114.5,623438.62,384,2.42,16314,138.72,5444.88,97.36
2025-03-23,São Paulo,Operação B,13237,102.0,566062.65,459,3.47,14523,129.77,5549.63,91.15
2025-03-23,São Paulo,Operação C,12935,91.2,702466.76,593,4.59,12993,141.83,7702.49,99.55
2025-03-23,Rio de Janeiro,Operação A,14212,95.0,562340.07,382,2.69,13533,149.6,5919.37,105.02
2025-03-23,Rio de Janeiro,Operação B,12254,80.8,481269.47,523,4.27,11510,151.66,5956.31,106.46
2025-03-23,Rio de Janeiro,Operação C,13927,86.3,537449.24,540,3.88,12296,161.38,6227.69,113.26
2025-03-23,Curitiba,Operação A,12705,89.3,494388.55,608,4.79,12718,142.27,5536.27,99.9
2025-03-23,Curitiba,Operação B,11589,75.4,448629.84,292,2.52,10737,153.7,5950.0,107.94
2025-03-23,Curitiba,Operação C,8893,61.0,335649.57,310,3.49,8682,145.79,5502.45,102.43
2025-03-23,Belo Horizonte,Operação A,9268,68.3,414128.02,369,3.98,9732,135.7,6063.37,95.23
2025-03-23,Belo Horizonte,Operação B,9152,67.0,346772.81,292,3.2,9536,136.6,5175.71,95.97
2025-03-23,Belo Horizonte,Operação C,10320,65.8,412943.17,265,2.58,9378,156.84,6275.73,110.04
2025-03-23,Campinas,Operação A,10068,72.6,401984.93,459,4.56,10340,138.68,5536.98,97.37
2025-03-23,Campinas,Operação B,10012,67.3,369566.19,367,3.67,9583,148.77,5491.33,104.48
2025-03-23,Campinas,Operação C,8821,61.6,418154.71,399,4.53,8767,143.2,6788.23,100.62
2025-03-24,São Paulo,Operação A,22128,129.5,981367.21,1024,4.63,20966,170.87,7578.13,105.54
2025-03-24,São Paulo,Operação B,17049,105.6,685469.17,629,3.69,17099,161.45,6491.19,99.71
2025-03-24,São Paulo,Operação C,13440,81.2,623430.37,234,1.75,13139,165.52,7677.71,102.29
2025-03-24,Rio de Janeiro,Operação A,20652,114.5,829403.76,812,3.93,18530,180.37,7243.7,111.45
2025-03-24,Rio de Janeiro,Operação B,16391,90.2,752850.64,390,2.38,14605,181.72,8346.46,112.23
2025-03-24,Rio de Janeiro,Operação C,13764,83.5,582648.43,401,2.92,13514,164.84,6977.83,101.85
2025-03-24,Curitiba,Operação A,17426,97.1,680326.99,423,2.43,15719,179.46,7006.46,110.86
2025-03-24,Curitiba,Operação B,12255,71.1,526484.89,551,4.5,11509,172.36,7404.85,106.48
2025-03-24,Curitiba,Operação C,12588,70.5,545153.82,300,2.39,11408,178.55,7732.68,110.34
2025-03-24,Belo Horizonte,Operação A,14156,78.8,591634.57,552,3.9,12753,179.64,7508.05,111.0
2025-03-24,Belo Horizonte,Operação B,10472,67.5,434657.36,392,3.75,10921,155.14,6439.37,95.89
2025-03-24,Belo Horizonte,Operação C,9335,56.7,356990.44,410,4.4,9186,164.64,6296.13,101.62
2025-03-24,Campinas,Operação A,12653,68.7,608798.99,434,3.44,11115,184.18,8861.7,113.84
2025-03-24,Campinas,Operação B,7776,54.4,280805.76,186,2.4,8812,142.94,5161.87,88.24
2025-03-24,Campinas,Operação C,10753,63.8,468383.67,185,1.72,10322,168.54,7341.44,104.18
2025-03-25,São Paulo,Operação A,19455,109.5,839426.76,658,3.38,17727,177.67,7666.0,109.75
2025-03-25,São Paulo,Operação B,19849,106.5,816108.11,705,3.56,17235,186.38,7662.99,115.17
2025-03-25,São Paulo,Operação C,17881,91.5,600847.64,723,4.05,14822,195.42,6566.64,120.64
2025-03-25,Rio de Janeiro,Operação A,17903,102.9,704850.24,619,3.46,16664,173.98,6849.86,107.44
2025-03-25,Rio de Janeiro,Operação B,19393,95.2,877186.98,547,2.82,15410,203.71,9214.15,125.85
2025-03-25,Rio de Janeiro,Operação C,12377,76.4,430935.3,400,3.24,12371,162.0,5640.51,100.05
2025-03-25,Curitiba,Operação A,13714,90.0,633503.56,533,3.89,14571,152.38,7038.93,94.12
2025-03-25,Curitiba,Operação B,11373,68.7,550376.86,464,4.09,11116,165.55,8011.31,102.31
2025-03-25,Curitiba,Operação C,10694,65.0,452425.03,330,3.09,10524,164.52,6960.39,101.62
2025-03-25,Belo Horizonte,Operação A,12509,65.4,533149.84,477,3.82,10592,191.27,8152.14,118.1
2025-03-25,Belo Horizonte,Operação B,10996,69.3,453654.3,244,2.22,11219,158.67,6546.24,98.01
2025-03-25,Belo Horizonte,Operação C,11811,77.3,447307.78,371,3.15,12511,152.79,5786.65,94.4
2025-03-25,Campinas,Operação A,13354,79.7,494838.57,601,4.5,12910,167.55,6208.76,103.44
2025-03-25,Campinas,Operação B,11565,66.6,518839.87,626,5.42,10785,173.65,7790.39,107.23
2025-03-25,Campinas,Operação C,11055,69.4,536118.19,420,3.81,11238,159.29,7725.05,98.37
2025-03-26,São Paulo,Operação A,17902,121.4,739683.02,510,2.85,19653,147.46,6092.94,91.09
2025-03-26,São Paulo,Operação B,19479,108.3,656482.32,678,3.48,17536,179.86,6061.7,111.08
2025-03-26,São Paulo,Operação C,16192,98.1,727283.99,612,3.78,15877,165.06,7413.7,101.98
2025-03-26,Rio de Janeiro,Operação A,17419,106.1,646831.52,453,2.6,17184,164.18,6096.43,101.37
2025-03-26,Rio de Janeiro,Operação B,15945,95.2,660855.69,504,3.16,15410,167.49,6941.76,103.47
2025-03-26,Rio de Janeiro,Operação C,13871,77.2,563981.32,336,2.43,12507,179.68,7305.46,110.91
2025-03-26,Curitiba,Operação A,14856,90.1,625817.67,711,4.79,14585,164.88,6945.81,101.86
2025-03-26,Curitiba,Operação B,12574,73.7,468812.86,417,3.32,11927,170.61,6361.1,105.42
2025-03-26,Curitiba,Operação C,10320,69.2,441730.89,369,3.58,11207,149.13,6383.39,92.09
2025-03-26,Belo Horizonte,Operação A,14437,80.4,625667.16,676,4.68,13026,179.56,7781.93,110.83
2025-03-26,Belo Horizonte,Operação B,10598,62.7,448696.72,280,2.64,10160,169.03,7156.25,104.31
2025-03-26,Belo Horizonte,Operação C,13235,68.0,554969.7,516,3.9,11016,194.63,8161.32,120.14
2025-03-26,Campinas,Operação A,11337,71.3,393586.16,332,2.94,11548,159.0,5520.14,98.17
2025-03-26,Campinas,Operação B,9693,51.8,402642.97,312,3.22,8380,187.12,7773.03,115.67
2025-03-26,Campinas,Operação C,9304,60.3,362228.39,330,3.55,9771,154.3,6007.1,95.22
2025-03-27,São Paulo,Operação A,21666,125.1,931492.85,771,3.56,20256,173.19,7445.99,106.96
2025-03-27,São Paulo,Operação B,17870,105.3,676917.58,632,3.54,17053,169.71,6428.47,104.79
2025-03-27,São Paulo,Operação C,13915,82.7,557677.14,769,5.53,13390,168.26,6743.38,103.92
2025-03-27,Rio de Janeiro,Operação A,15610,103.5,647241.79,611,3.92,16753,150.82,6253.54,93.18
2025-03-27,Rio de Janeiro,Operação B,16351,101.9,583244.88,679,4.15,16505,160.46,5723.7,99.07
2025-03-27,Rio de Janeiro,Operação C,11310,69.7,463365.25,389,3.44,11289,162.27,6647.99,100.19
2025-03-27,Curitiba,Operação A,14291,89.7,584574.54,498,3.49,14526,159.32,6517.0,98.38
2025-03-27,Curitiba,Operação B,12611,74.8,551655.88,526,4.18,12121,168.6,7375.08,104.04
2025-03-27,Curitiba,Operação C,11687,67.7,416888.23,413,3.54,10962,172.63,6157.88,106.61
2025-03-27,Belo Horizonte,Operação A,14688,83.5,576219.01,436,2.97,13524,175.9,6900.83,108.61
2025-03-27,Belo Horizonte,Operação B,11404,65.7,526129.52,361,3.17,10637,173.58,8008.06,107.21
2025-03-27,Belo Horizonte,Operação C,11426,67.7,474211.64,380,3.33,10962,168.77,7004.6,104.23
2025-03-27,Campinas,Operação A,13000,76.0,664342.92,366,2.82,12300,171.05,8741.35,105.69
2025-03-27,Campinas,Operação B,10495,65.1,404297.33,366,3.49,10547,161.21,6210.4,99.51
2025-03-27,Campinas,Operação C,11100,55.1,458023.93,288,2.6,8920,201.45,8312.59,124.44
2025-03-28,São Paulo,Operação A,17136,119.8,713408.91,601,3.51,19401,143.04,5955.0,88.33
2025-03-28,São Paulo,Operação B,19318,108.1,772444.17,652,3.38,17502,178.7,7145.64,110.38
2025-03-28,São Paulo,Operação C,13077,84.8,565443.98,324,2.48,13740,154.21,6667.97,95.17
2025-03-28,Rio de Janeiro,Operação A,15699,100.8,693875.91,775,4.94,16330,155.74,6883.69,96.14
2025-03-28,Rio de Janeiro,Operação B,11811,81.1,490161.84,414,3.51,13133,145.64,6043.92,89.93
2025-03-28,Rio de Janeiro,Operação C,13118,80.9,540428.05,497,3.79,13104,162.15,6680.2,100.11
2025-03-28,Curitiba,Operação A,13312,92.2,539458.71,488,3.67,14925,144.38,5850.96,89.19
2025-03-28,Curitiba,Operação B,12642,67.4,498832.59,438,3.47,10912,187.57,7401.08,115.85
2025-03-28,Curitiba,Operação C,11044,68.8,382273.79,348,3.16,11149,160.52,5556.31,99.06
2025-03-28,Belo Horizonte,Operação A,14276,87.4,551257.22,605,4.24,14149,163.34,6307.29,100.9
2025-03-28,Belo Horizonte,Operação B,10875,67.4,463251.34,447,4.12,10914,161.35,6873.17,99.64
2025-03-28,Belo Horizonte,Operação C,13811,78.0,644136.2,427,3.1,12634,177.06,8258.16,109.32
2025-03-28,Campinas,Operação A,10681,63.5,453180.73,281,2.64,10292,168.2,7136.7,103.78
2025-03-28,Campinas,Operação B,10369,60.3,450445.68,404,3.9,9762,171.96,7470.08,106.22
2025-03-28,Campinas,Operação C,9065,56.2,362095.96,230,2.54,9095,161.3,6442.99,99.67
2025-03-29,São Paulo,Operação A,19220,130.4,789953.3,529,2.76,18583,147.39,6057.92,103.43
2025-03-29,São Paulo,Operação B,16762,123.0,675250.6,642,3.83,17539,136.28,5489.84,95.57
2025-03-29,São Paulo,Operação C,14837,94.4,730431.95,579,3.9,13456,157.17,7737.63,110.26
2025-03-29,Rio de Janeiro,Operação A,13934,96.3,602385.35,718,5.15,13732,144.69,6255.3,101.47
2025-03-29,Rio de Janeiro,Operação B,12841,80.4,548563.12,535,4.17,11462,159.71,6822.92,112.03
2025-03-29,Rio de Janeiro,Operação C,10903,78.7,490673.06,438,4.02,11212,138.54,6234.73,97.24
2025-03-29,Curitiba,Operação A,13490,91.7,534213.6,303,2.25,13067,147.11,5825.67,103.24
2025-03-29,Curitiba,Operação B,12062,79.5,460006.92,370,3.07,11337,151.72,5786.25,106.39
2025-03-29,Curitiba,Operação C,8141,61.7,315294.99,211,2.59,8791,131.94,5110.13,92.61
2025-03-29,Belo Horizonte,Operação A,10792,77.3,383029.45,552,5.12,11013,139.61,4955.1,97.99
2025-03-29,Belo Horizonte,Operação B,10927,78.5,470840.99,418,3.83,11185,139.2,5997.97,97.69
2025-03-29,Belo Horizonte,Operação C,9674,69.7,448568.16,296,3.06,9931,138.79,6435.7,97.41
2025-03-29,Campinas,Operação A,9498,61.4,447954.49,529,5.57,8748,154.69,7295.68,108.57
2025-03-29,Campinas,Operação B,8204,53.1,331119.96,338,4.13,7569,154.5,6235.78,108.39
2025-03-29,Campinas,Operação C,6042,45.0,235012.66,215,3.56,6414,134.27,5222.5,94.2
2025-03-30,São Paulo,Operação A,17472,113.4,805591.61,695,3.98,16163,154.07,7103.98,108.1
2025-03-30,São Paulo,Operação B,17255,113.8,640719.79,792,4.59,16226,151.63,5630.23,106.34
2025-03-30,São Paulo,Operação C,13469,86.0,650484.5,520,3.87,12254,156.62,7563.77,109.92
2025-03-30,Rio de Janeiro,Operação A,12854,93.3,607878.23,432,3.36,13293,137.77,6515.31,96.7
2025-03-30,Rio de Janeiro,Operação B,14078,90.8,630487.33,524,3.72,12937,155.04,6943.69,108.82
2025-03-30,Rio de Janeiro,Operação C,11226,77.9,510015.09,442,3.94,11106,144.11,6547.05,101.08
2025-03-30,Curitiba,Operação A,13163,83.1,546052.1,371,2.82,11841,158.4,6571.02,111.16
2025-03-30,Curitiba,Operação B,9397,68.5,384434.65,421,4.49,9762,137.18,5612.18,96.26
2025-03-30,Curitiba,Operação C,8851,59.3,348492.57,291,3.29,8454,149.26,5876.77,104.7
2025-03-30,Belo Horizonte,Operação A,10091,69.6,416003.28,396,3.93,9919,144.99,5977.06,101.73
2025-03-30,Belo Horizonte,Operação B,9616,71.3,445574.6,352,3.67,10158,134.87,6249.29,94.66
2025-03-30,Belo Horizonte,Operação C,9233,62.7,368664.18,339,3.67,8941,147.26,5879.81,103.27
2025-03-30,Campinas,Operação A,9574,74.1,381475.61,315,3.3,10556,129.2,5148.12,90.7
2025-03-30,Campinas,Operação B,10102,63.3,393099.5,313,3.1,9022,159.59,6210.1,111.97
2025-03-30,Campinas,Operação C,7025,50.5,285294.06,289,4.12,7203,139.11,5649.39,97.53
2025-03-31,São Paulo,Operação A,19051,110.5,670450.24,581,3.05,17900,172.41,6067.42,106.43
2025-03-31,São Paulo,Operação B,18738,100.2,766399.02,325,1.74,16231,187.01,7648.69,115.45
2025-03-31,São Paulo,Operação C,12787,76.2,568447.15,485,3.8,12345,167.81,7459.94,103.58
2025-03-31,Rio de Janeiro,Operação A,18989,104.9,756552.81,800,4.22,16993,181.02,7212.13,111.75
2025-03-31,Rio de Janeiro,Operação B,12351,78.8,429466.93,405,3.28,12761,156.74,5450.09,96.79
2025-03-31,Rio de Janeiro,Operação C,13338,79.1,563497.6,367,2.76,12806,168.62,7123.86,104.15
2025-03-31,Curitiba,Operação A,12518,83.5,594015.6,407,3.26,13532,149.92,7113.96,92.51
2025-03-31,Curitiba,Operação B,13091,70.4,484773.0,340,2.6,11401,185.95,6885.98,114.82
2025-03-31,Curitiba,Operação C,9541,57.3,417194.79,390,4.09,9277,166.51,7280.89,102.85
2025-03-31,Belo Horizonte,Operação A,13844,98.2,615157.34,422,3.05,15901,140.98,6264.33,87.06
2025-03-31,Belo Horizonte,Operação B,10504,65.6,402985.13,509,4.85,10626,160.12,6143.07,98.85
2025-03-31,Belo Horizonte,Operação C,11272,67.2,534338.6,258,2.29,10891,167.74,7951.47,103.5
2025-03-31,Campinas,Operação A,8712,61.4,341530.8,316,3.63,9948,141.89,5562.39,87.58
2025-03-31,Campinas,Operação B,10524,62.2,382608.15,435,4.14,10079,169.2,6151.26,104.42
2025-03-31,Campinas,Operação C,9819,55.8,338057.87,368,3.75,9039,175.97,6058.38,108.63
2025-04-01,São Paulo,Operação A,17830,109.6,786970.9,637,3.57,17748,162.68,7180.39,100.46
2025-04-01,São Paulo,Operação B,16167,96.5,579972.67,714,4.42,15639,167.53,6010.08,103.38
2025-04-01,São Paulo,Operação C,16022,88.8,639179.64,493,3.08,14379,180.43,7197.97,111.43
2025-04-01,Rio de Janeiro,Operação A,17478,98.4,684478.25,701,4.02,15937,177.62,6956.08,109.67
2025-04-01,Rio de Janeiro,Operação B,12624,87.5,501409.42,322,2.56,14178,144.27,5730.39,89.04
2025-04-01,Rio de Janeiro,Operação C,12216,79.6,558318.85,418,3.43,12897,153.47,7014.06,94.72
2025-04-01,Curitiba,Operação A,14641,83.6,671372.25,510,3.48,13547,175.13,8030.77,108.08
2025-04-01,Curitiba,Operação B,10028,68.4,393657.17,301,3.01,11081,146.61,5755.22,90.5
2025-04-01,Curitiba,Operação C,10731,65.7,480230.83,322,3.01,10642,163.33,7309.45,100.84
2025-04-01,Belo Horizonte,Operação A,14457,79.8,626961.07,499,3.45,12920,181.17,7856.66,111.9
2025-04-01,Belo Horizonte,Operação B,10476,65.5,404347.9,321,3.07,10608,159.94,6173.25,98.76
2025-04-01,Belo Horizonte,Operação C,10979,66.6,401841.37,539,4.91,10793,164.85,6033.65,101.72
2025-04-01,Campinas,Operação A,11011,73.0,443001.21,395,3.59,11820,150.84,6068.51,93.16
2025-04-01,Campinas,Operação B,11339,73.4,520507.3,523,4.62,11895,154.48,7091.38,95.33
2025-04-01,Campinas,Operação C,8161,49.7,308932.72,272,3.34,8054,164.21,6215.95,101.33
2025-04-02,São Paulo,Operação A,20598,117.6,954938.4,597,2.9,19054,175.15,8120.22,108.1
2025-04-02,São Paulo,Operação B,14831,88.7,640315.82,548,3.7,14373,167.2,7218.89,103.19
2025-04-02,São Paulo,Operação C,14845,87.9,713477.11,564,3.81,14241,168.89,8116.92,104.24
2025-04-02,Rio de Janeiro,Operação A,16334,101.1,674930.53,785,4.81,16380,161.56,6675.87,99.72
2025-04-02,Rio de Janeiro,Operação B,14863,88.9,595571.49,650,4.38,14404,167.19,6699.34,103.19
2025-04-02,Rio de Janeiro,Operação C,16075,93.1,680472.3,567,3.53,15081,172.66,7309.05,106.59
2025-04-02,Curitiba,Operação A,12008,68.2,510780.28,461,3.84,11045,176.07,7489.45,108.72
2025-04-02,Curitiba,Operação B,11210,68.8,452389.64,483,4.32,11148,162.94,6575.43,100.56
2025-04-02,Curitiba,Operação C,11947,62.3,522364.05,296,2.48,10091,191.77,8384.66,118.39
2025-04-02,Belo Horizonte,Operação A,12662,79.3,420662.92,605,4.78,12839,159.67,5304.7,98.62
2025-04-02,Belo Horizonte,Operação B,12957,74.6,552766.54,310,2.39,12088,173.69,7409.74,107.19
2025-04-02,Belo Horizonte,Operação C,10272,58.0,388231.47,151,1.47,9387,177.1,6693.65,109.43
2025-04-02,Campinas,Operação A,11458,69.1,487449.14,467,4.08,11199,165.82,7054.26,102.31
2025-04-02,Campinas,Operação B,11242,66.0,525924.66,256,2.28,10685,170.33,7968.56,105.21
2025-04-02,Campinas,Operação C,10074,57.7,373158.6,231,2.3,9339,174.59,6467.22,107.87
2025-04-03,São Paulo,Operação A,17984,112.7,809525.98,541,3.01,18249,159.57,7183.02,98.55
2025-04-03,São Paulo,Operação B,15462,96.5,718589.17,542,3.51,15633,160.23,7446.52,98.91
2025-04-03,São Paulo,Operação C,14774,88.9,696863.6,428,2.9,14408,166.19,7838.74,102.54
2025-04-03,Rio de Janeiro,Operação A,19183,112.9,793376.7,1055,5.5,18295,169.91,7027.25,104.85
2025-04-03,Rio de Janeiro,Operação B,13518,82.8,501115.98,576,4.26,13414,163.26,6052.13,100.78
2025-04-03,Rio de Janeiro,Operação C,17050,91.2,799573.3,569,3.34,14773,186.95,8767.25,115.41
2025-04-03,Curitiba,Operação A,12166,82.3,610045.75,471,3.88,13334,147.83,7412.46,91.24
2025-04-03,Curitiba,Operação B,12872,70.4,490538.3,492,3.83,11397,182.84,6967.87,112.94
2025-04-03,Curitiba,Operação C,11145,63.7,465255.89,260,2.34,10324,174.96,7303.86,107.95
2025-04-03,Belo Horizonte,Operação A,14497,80.7,607179.8,597,4.12,13070,179.64,7523.91,110.92
2025-04-03,Belo Horizonte,Operação B,10423,62.4,411728.91,427,4.1,10105,167.04,6598.22,103.15
2025-04-03,Belo Horizonte,Operação C,10801,61.6,500635.44,437,4.05,9971,175.34,8127.2,108.32
2025-04-03,Campinas,Operação A,11309,72.6,474851.97,347,3.07,11766,155.77,6540.66,96.12
2025-04-03,Campinas,Operação B,9632,59.1,366789.43,186,1.93,9572,162.98,6206.25,100.63
2025-04-03,Campinas,Operação C,8388,49.4,307061.96,294,3.51,8009,169.8,6215.83,104.73
2025-04-04,São Paulo,Operação A,23529,131.2,1142901.55,897,3.81,21248,179.34,8711.14,110.74
2025-04-04,São Paulo,Operação B,17586,110.7,693286.53,230,1.31,17927,158.86,6262.75,98.1
2025-04-04,São Paulo,Operação C,18265,98.5,726714.87,602,3.3,15956,185.43,7377.82,114.47
2025-04-04,Rio de Janeiro,Operação A,16921,98.5,786821.93,356,2.11,15948,171.79,7988.04,106.1
2025-04-04,Rio de Janeiro,Operação B,15276,93.1,648520.85,590,3.87,15075,164.08,6965.85,101.33
2025-04-04,Rio de Janeiro,Operação C,12971,78.1,533685.3,554,4.28,12644,166.08,6833.36,102.59
2025-04-04,Curitiba,Operação A,14923,87.8,550900.35,477,3.2,14222,169.97,6274.49,104.93
2025-04-04,Curitiba,Operação B,13441,80.1,599981.05,660,4.91,12973,167.8,7490.4,103.61
2025-04-04,Curitiba,Operação C,12166,72.2,486105.22,177,1.46,11697,168.5,6732.76,104.01
2025-04-04,Belo Horizonte,Operação A,12917,79.0,562683.44,436,3.38,12793,163.51,7122.58,100.97
2025-04-04,Belo Horizonte,Operação B,9884,67.5,377965.43,383,3.88,10927,146.43,5599.49,90.45
2025-04-04,Belo Horizonte,Operação C,12193,73.3,528094.0,519,4.26,11881,166.34,7204.56,102.63
2025-04-04,Campinas,Operação A,11167,65.0,435937.79,468,4.19,10537,171.8,6706.74,105.98
2025-04-04,Campinas,Operação B,10690,62.6,415516.08,434,4.07,10133,170.77,6637.64,105.5
2025-04-04,Campinas,Operação C,10690,68.7,434451.9,393,3.69,11130,155.6,6323.9,96.05
2025-04-05,São Paulo,Operação A,17460,123.4,535461.16,800,4.59,17586,141.49,4339.23,99.28
2025-04-05,São Paulo,Operação B,13943,107.8,551720.67,662,4.75,15368,129.34,5118.0,90.73
2025-04-05,São Paulo,Operação C,15749,100.3,650363.62,561,3.57,14301,157.02,6484.18,110.13
2025-04-05,Rio de Janeiro,Operação A,16339,102.8,628996.44,466,2.86,14654,158.94,6118.64,111.5
2025-04-05,Rio de Janeiro,Operação B,14282,97.3,678593.08,423,2.96,13864,146.78,6974.24,103.02
2025-04-05,Rio de Janeiro,Operação C,10883,79.0,457406.51,252,2.32,11259,137.76,5789.96,96.66
2025-04-05,Curitiba,Operação A,10791,81.5,483174.5,439,4.07,11610,132.4,5928.52,92.95
2025-04-05,Curitiba,Operação B,9934,61.7,516465.29,351,3.54,8792,161.0,8370.59,112.99
2025-04-05,Curitiba,Operação C,10665,60.5,391662.8,374,3.52,8617,176.28,6473.77,123.77
2025-04-05,Belo Horizonte,Operação A,13120,81.4,569919.1,406,3.1,11604,161.18,7001.46,113.06
2025-04-05,Belo Horizonte,Operação B,9063,63.0,344142.87,320,3.54,8985,143.86,5462.59,100.87
2025-04-05,Belo Horizonte,Operação C,7568,57.4,355851.77,234,3.1,8179,131.85,6199.51,92.53
2025-04-05,Campinas,Operação A,9002,61.8,380545.92,189,2.1,8815,145.66,6157.7,102.12
2025-04-05,Campinas,Operação B,8711,63.8,425481.09,341,3.92,9096,136.54,6668.98,95.77
2025-04-05,Campinas,Operação C,7164,51.3,297880.05,285,3.99,7315,139.65,5806.63,97.94
2025-04-06,São Paulo,Operação A,17070,117.7,720925.52,514,3.02,16774,145.03,6125.11,101.76
2025-04-06,São Paulo,Operação B,12589,100.1,577770.96,470,3.74,14266,125.76,5771.94,88.24
2025-04-06,São Paulo,Operação C,14146,84.8,599055.74,377,2.67,12084,166.82,7064.34,117.06
2025-04-06,Rio de Janeiro,Operação A,16610,109.7,723835.89,524,3.16,15638,151.41,6598.32,106.22
2025-04-06,Rio de Janeiro,Operação B,13496,93.4,596843.94,266,1.98,13305,144.5,6390.19,101.44
2025-04-06,Rio de Janeiro,Operação C,12598,76.3,490461.94,380,3.02,10880,165.11,6428.07,115.79
2025-04-06,Curitiba,Operação A,11013,81.7,365266.82,365,3.32,11649,134.8,4470.83,94.54
2025-04-06,Curitiba,Operação B,10968,74.8,454299.89,387,3.53,10653,146.63,6073.53,102.96
2025-04-06,Curitiba,Operação C,10477,72.1,415975.35,343,3.28,10276,145.31,5769.42,101.96
2025-04-06,Belo Horizonte,Operação A,13627,84.2,538095.14,487,3.58,12002,161.84,6390.68,113.54
2025-04-06,Belo Horizonte,Operação B,9876,72.1,415598.56,229,2.33,10271,136.98,5764.2,96.15
2025-04-06,Belo Horizonte,Operação C,7394,49.0,299194.52,270,3.66,6976,150.9,6106.01,105.99
2025-04-06,Campinas,Operação A,9686,70.6,405058.67,243,2.51,10062,137.2,5737.37,96.26
2025-04-06,Campinas,Operação B,9495,71.2,391354.08,253,2.67,10153,133.36,5496.55,93.52
2025-04-06,Campinas,Operação C,8360,58.1,333775.78,349,4.18,8282,143.89,5744.85,100.94
2025-04-07,São Paulo,Operação A,20474,118.1,779541.33,486,2.38,19122,173.36,6600.69,107.07
2025-04-07,São Paulo,Operação B,16892,103.3,751790.94,580,3.44,16720,163.52,7277.74,101.03
2025-04-07,São Paulo,Operação C,13591,91.6,673484.99,457,3.37,14839,148.37,7352.46,91.59
2025-04-07,Rio de Janeiro,Operação A,17111,108.6,739743.43,420,2.46,17588,157.56,6811.63,97.29
2025-04-07,Rio de Janeiro,Operação B,15234,93.4,641606.75,618,4.06,15119,163.1,6869.45,100.76
2025-04-07,Rio de Janeiro,Operação C,11271,70.7,494000.01,583,5.18,11457,159.42,6987.27,98.38
2025-04-07,Curitiba,Operação A,14621,83.9,607825.88,738,5.05,13587,174.27,7244.65,107.61
2025-04-07,Curitiba,Operação B,10371,61.6,368147.93,155,1.49,9970,168.36,5976.43,104.02
2025-04-07,Curitiba,Operação C,11325,67.0,462746.89,386,3.42,10854,169.03,6906.67,104.34
2025-04-07,Belo Horizonte,Operação A,16734,101.8,736973.68,498,2.98,16492,164.38,7239.43,101.47
2025-04-07,Belo Horizonte,Operação B,11809,71.8,476586.75,585,4.96,11621,164.47,6637.7,101.62
2025-04-07,Belo Horizonte,Operação C,11754,69.6,385333.17,377,3.21,11267,168.88,5536.4,104.32
2025-04-07,Campinas,Operação A,14759,89.6,685007.55,686,4.65,14517,164.72,7645.17,101.67
2025-04-07,Campinas,Operação B,9926,63.0,320200.36,401,4.05,10207,157.56,5082.55,97.25
2025-04-07,Campinas,Operação C,8201,48.4,303442.89,269,3.29,7840,169.44,6269.48,104.6
2025-04-08,São Paulo,Operação A,20133,118.1,755807.14,897,4.46,19124,170.47,6399.72,105.28
2025-04-08,São Paulo,Operação B,14522,98.3,603591.05,512,3.53,15920,147.73,6140.3,91.22
2025-04-08,São Paulo,Operação C,16736,91.3,687083.17,569,3.4,14787,183.31,7525.55,113.18
2025-04-08,Rio de Janeiro,Operação A,16986,96.0,725934.7,537,3.16,15545,176.94,7561.82,109.27
2025-04-08,Rio de Janeiro,Operação B,14161,76.9,525221.3,428,3.03,12446,184.15,6829.93,113.78
2025-04-08,Rio de Janeiro,Operação C,12553,81.9,452233.89,226,1.8,13258,153.27,5521.78,94.68
2025-04-08,Curitiba,Operação A,14470,89.9,777170.39,391,2.7,14559,160.96,8644.83,99.39
2025-04-08,Curitiba,Operação B,10822,67.3,465048.81,338,3.12,10905,160.8,6910.09,99.24
2025-04-08,Curitiba,Operação C,10789,69.2,393514.03,222,2.06,11209,155.91,5686.62,96.25
2025-04-08,Belo Horizonte,Operação A,10415,64.6,424891.16,311,2.99,10458,161.22,6577.26,99.59
2025-04-08,Belo Horizonte,Operação B,14245,78.4,579212.93,294,2.06,12695,181.7,7387.92,112.21
2025-04-08,Belo Horizonte,Operação C,9195,57.4,362020.58,270,2.94,9289,160.19,6306.98,98.99
2025-04-08,Campinas,Operação A,10768,66.2,424881.97,394,3.67,10711,162.66,6418.16,100.53
2025-04-08,Campinas,Operação B,10029,64.0,472208.06,272,2.72,10366,156.7,7378.25,96.75
2025-04-08,Campinas,Operação C,7729,45.0,299347.01,290,3.76,7286,171.76,6652.16,106.08
2025-04-09,São Paulo,Operação A,18552,101.0,829073.55,426,2.3,16359,183.68,8208.65,113.41
2025-04-09,São Paulo,Operação B,17220,92.1,672449.27,487,2.83,14918,186.97,7301.3,115.43
2025-04-09,São Paulo,Operação C,12130,74.3,498411.04,493,4.07,12034,163.26,6708.09,100.8
2025-04-09,Rio de Janeiro,Operação A,14042,93.9,615093.67,604,4.31,15207,149.54,6550.52,92.34
2025-04-09,Rio de Janeiro,Operação B,14252,79.2,600724.19,623,4.37,12822,179.95,7584.9,111.15
2025-04-09,Rio de Janeiro,Operação C,10866,78.9,449766.89,472,4.35,12770,137.72,5700.47,85.09
2025-04-09,Curitiba,Operação A,12794,78.6,528334.19,151,1.18,12727,162.77,6721.81,100.53
2025-04-09,Curitiba,Operação B,13400,85.5,589907.42,459,3.43,13841,156.73,6899.5,96.81
2025-04-09,Curitiba,Operação C,12687,73.7,520932.06,353,2.79,11939,172.14,7068.28,106.27
2025-04-09,Belo Horizonte,Operação A,12462,85.7,555600.35,326,2.62,13880,145.41,6483.08,89.78
2025-04-09,Belo Horizonte,Operação B,13274,78.5,591708.4,473,3.57,12703,169.1,7537.69,104.5
2025-04-09,Belo Horizonte,Operação C,7714,49.1,344735.25,280,3.63,7944,157.11,7021.08,97.1
2025-04-09,Campinas,Operação A,13587,79.0,518115.69,389,2.86,12788,171.99,6558.43,106.25
2025-04-09,Campinas,Operação B,8722,62.2,424707.04,336,3.85,10073,140.23,6828.09,86.59
2025-04-09,Campinas,Operação C,9329,62.7,438260.19,493,5.29,10152,148.79,6989.8,91.89
2025-04-10,São Paulo,Operação A,19150,108.6,804385.02,433,2.26,17583,176.34,7406.86,108.91
2025-04-10,São Paulo,Operação B,18755,106.0,742613.49,831,4.43,17149,176.93,7005.79,109.36
2025-04-10,São Paulo,Operação C,11760,78.5,500345.54,413,3.52,12711,149.81,6373.83,92.52
2025-04-10,Rio de Janeiro,Operação A,17446,98.7,769779.93,730,4.19,15978,176.76,7799.19,109.19
2025-04-10,Rio de Janeiro,Operação B,15572,89.3,626265.33,800,5.14,14460,174.38,7013.05,107.69
2025-04-10,Rio de Janeiro,Operação C,14141,73.7,595895.4,339,2.4,11927,191.87,8085.42,118.56
2025-04-10,Curitiba,Operação A,15936,94.4,723566.05,713,4.48,15287,168.81,7664.89,104.25
2025-04-10,Curitiba,Operação B,12211,76.2,560519.74,427,3.5,12328,160.25,7355.9,99.05
2025-04-10,Curitiba,Operação C,9906,69.7,433763.2,296,2.99,11289,142.12,6223.29,87.75
2025-04-10,Belo Horizonte,Operação A,16011,91.7,687823.45,622,3.89,14847,174.6,7500.8,107.84
2025-04-10,Belo Horizonte,Operação B,11680,62.7,583596.83,445,3.81,10150,186.28,9307.76,115.07
2025-04-10,Belo Horizonte,Operação C,11638,72.5,451688.77,411,3.53,11730,160.52,6230.19,99.22
2025-04-10,Campinas,Operação A,11998,73.8,529724.57,449,3.75,11940,162.57,7177.84,100.49
2025-04-10,Campinas,Operação B,9448,54.5,429450.46,343,3.64,8823,173.36,7879.82,107.08
2025-04-10,Campinas,Operação C,9515,62.2,417440.19,243,2.56,10066,152.97,6711.26,94.53
2025-04-11,São Paulo,Operação A,17594,110.1,672649.57,538,3.06,17813,159.8,6109.44,98.77
2025-04-11,São Paulo,Operação B,17879,101.0,727949.99,398,2.23,16345,177.02,7207.43,109.39
2025-04-11,São Paulo,Operação C,15456,98.2,645521.67,596,3.86,15888,157.39,6573.54,97.28
2025-04-11,Rio de Janeiro,Operação A,18926,105.1,831154.45,532,2.81,17012,180.08,7908.23,111.25
2025-04-11,Rio de Janeiro,Operação B,17873,105.4,740132.35,763,4.27,17065,169.57,7022.13,104.73
2025-04-11,Rio de Janeiro,Operação C,13944,81.1,724652.05,457,3.28,13128,171.94,8935.29,106.22
2025-04-11,Curitiba,Operação A,13933,82.6,644903.73,319,2.29,13374,168.68,7807.55,104.18
2025-04-11,Curitiba,Operação B,9627,60.0,341414.89,304,3.16,9716,160.45,5690.25,99.08
2025-04-11,Curitiba,Operação C,10734,68.5,389565.77,381,3.56,11079,156.7,5687.09,96.89
2025-04-11,Belo Horizonte,Operação A,12703,86.2,575203.65,527,4.15,13948,147.37,6672.9,91.07
2025-04-11,Belo Horizonte,Operação B,13861,76.4,704250.46,445,3.22,12360,181.43,9217.94,112.14
2025-04-11,Belo Horizonte,Operação C,10082,62.1,423523.72,476,4.73,10050,162.35,6820.03,100.32
2025-04-11,Campinas,Operação A,9634,61.3,457699.04,415,4.32,9921,157.16,7466.54,97.11
2025-04-11,Campinas,Operação B,10448,59.0,453076.09,491,4.7,9541,177.08,7679.26,109.51
2025-04-11,Campinas,Operação C,9793,54.6,514798.89,389,3.98,8842,179.36,9428.55,110.76
2025-04-12,São Paulo,Operação A,18272,118.2,740726.35,988,5.41,16832,154.59,6266.72,108.56
2025-04-12,São Paulo,Operação B,14974,103.8,578853.57,655,4.38,14773,144.26,5576.62,101.36
2025-04-12,São Paulo,Operação C,13670,96.3,605660.36,313,2.29,13706,141.95,6289.31,99.74
2025-04-12,Rio de Janeiro,Operação A,15941,105.0,778388.18,459,2.88,14953,151.82,7413.22,106.61
2025-04-12,Rio de Janeiro,Operação B,11204,81.3,410668.35,511,4.57,11568,137.81,5051.27,96.85
2025-04-12,Rio de Janeiro,Operação C,13570,90.2,636231.89,489,3.61,12844,150.44,7053.57,105.65
2025-04-12,Curitiba,Operação A,12099,84.2,493136.32,273,2.26,11988,143.69,5856.73,100.93
2025-04-12,Curitiba,Operação B,11098,75.6,499204.05,396,3.57,10770,146.8,6603.23,103.05
2025-04-12,Curitiba,Operação C,8814,63.8,372731.83,360,4.09,9084,138.15,5842.19,97.03
2025-04-12,Belo Horizonte,Operação A,10680,72.2,458515.59,312,2.93,10272,147.92,6350.63,103.97
2025-04-12,Belo Horizonte,Operação B,9805,65.6,367357.23,370,3.78,9337,149.47,5599.96,105.01
2025-04-12,Belo Horizonte,Operação C,8704,55.1,446961.81,244,2.81,7840,157.97,8111.83,111.02
2025-04-12,Campinas,Operação A,10398,74.5,480011.37,258,2.49,10602,139.57,6443.11,98.08
2025-04-12,Campinas,Operação B,8960,64.9,368901.67,239,2.68,9235,138.06,5684.16,97.02
2025-04-12,Campinas,Operação C,8293,59.9,366615.76,267,3.22,8525,138.45,6120.46,97.28
2025-04-13,São Paulo,Operação A,17398,117.1,677699.1,638,3.67,16664,148.57,5787.35,104.4
2025-04-13,São Paulo,Operação B,15745,113.2,735090.6,739,4.7,16115,139.09,6493.73,97.7
2025-04-13,São Paulo,Operação C,11161,84.5,482242.74,341,3.06,12026,132.08,5707.01,92.81
2025-04-13,Rio de Janeiro,Operação A,17223,116.8,668100.88,444,2.58,16627,147.46,5720.04,103.58
2025-04-13,Rio de Janeiro,Operação B,13814,97.8,582609.8,589,4.26,13925,141.25,5957.16,99.2
2025-04-13,Rio de Janeiro,Operação C,11140,76.0,467141.71,450,4.05,10816,146.58,6146.6,103.0
2025-04-13,Curitiba,Operação A,12890,89.0,544661.75,412,3.2,12669,144.83,6119.79,101.74
2025-04-13,Curitiba,Operação B,9502,63.5,471002.42,265,2.79,9032,149.64,7417.36,105.2
2025-04-13,Curitiba,Operação C,8222,59.5,369154.37,317,3.86,8474,138.18,6204.28,97.03
2025-04-13,Belo Horizonte,Operação A,10879,79.0,460937.87,244,2.25,11251,137.71,5834.66,96.69
2025-04-13,Belo Horizonte,Operação B,11034,70.7,408205.07,250,2.27,10064,156.07,5773.76,109.64
2025-04-13,Belo Horizonte,Operação C,10192,72.4,474374.32,344,3.38,10304,140.77,6552.13,98.91
2025-04-13,Campinas,Operação A,10550,69.6,405795.25,380,3.61,9905,151.58,5830.39,106.51
2025-04-13,Campinas,Operação B,7853,58.8,340426.99,258,3.29,8374,133.55,5789.57,93.78
2025-04-13,Campinas,Operação C,7138,53.0,345233.66,299,4.2,7547,134.68,6513.84,94.58
2025-04-14,São Paulo,Operação A,20379,124.6,714961.93,1031,5.06,20153,163.56,5738.06,101.12
2025-04-14,São Paulo,Operação B,16162,102.1,705749.39,716,4.43,16506,158.3,6912.33,97.92
2025-04-14,São Paulo,Operação C,16392,90.0,759474.14,432,2.64,14560,182.13,8438.6,112.58
2025-04-14,Rio de Janeiro,Operação A,17654,99.0,549914.15,596,3.38,16011,178.32,5554.69,110.26
2025-04-14,Rio de Janeiro,Operação B,12952,80.2,528502.73,416,3.21,12966,161.5,6589.81,99.89
2025-04-14,Rio de Janeiro,Operação C,11648,75.5,596000.73,581,4.99,12210,154.28,7894.05,95.4
2025-04-14,Curitiba,Operação A,14242,76.7,575407.25,513,3.6,12409,185.68,7502.05,114.77
2025-04-14,Curitiba,Operação B,11692,73.4,537076.81,420,3.6,11862,159.29,7317.12,98.57
2025-04-14,Curitiba,Operação C,9354,61.6,359433.25,204,2.19,9962,151.85,5834.96,93.9
2025-04-14,Belo Horizonte,Operação A,12285,80.2,502920.36,564,4.6,12975,153.18,6270.83,94.68
2025-04-14,Belo Horizonte,Operação B,13020,78.1,542304.63,651,5.0,12628,166.71,6943.72,103.1
2025-04-14,Belo Horizonte,Operação C,10609,65.0,385063.5,404,3.82,10508,163.22,5924.05,100.96
2025-04-14,Campinas,Operação A,12222,76.5,527560.32,392,3.21,12375,159.76,6896.21,98.76
2025-04-14,Campinas,Operação B,8309,60.2,341606.87,355,4.28,9736,138.02,5674.53,85.34
2025-04-14,Campinas,Operação C,8335,49.7,324866.6,315,3.79,8037,167.71,6536.55,103.71
2025-04-15,São Paulo,Operação A,18160,116.4,859516.54,770,4.24,18811,156.01,7384.16,96.54
2025-04-15,São Paulo,Operação B,16987,98.3,749970.07,681,4.01,15886,172.81,7629.4,106.93
2025-04-15,São Paulo,Operação C,14009,78.3,556454.35,450,3.21,12664,178.91,7106.7,110.62
2025-04-15,Rio de Janeiro,Operação A,20844,122.2,843237.98,361,1.74,19754,170.57,6900.47,105.52
2025-04-15,Rio de Janeiro,Operação B,15121,99.9,574390.0,489,3.23,16154,151.36,5749.65,93.61
2025-04-15,Rio de Janeiro,Operação C,15723,89.3,650439.28,589,3.75,14435,176.07,7283.75,108.92
2025-04-15,Curitiba,Operação A,13607,80.7,575485.57,581,4.28,13041,168.61,7131.17,104.34
2025-04-15,Curitiba,Operação B,13925,80.6,564667.24,570,4.09,13025,172.77,7005.8,106.91
2025-04-15,Curitiba,Operação C,9928,64.3,400960.64,354,3.57,10395,154.4,6235.78,95.51
2025-04-15,Belo Horizonte,Operação A,14268,86.5,530244.61,505,3.55,13988,164.95,6130.0,102.0
2025-04-15,Belo Horizonte,Operação B,11929,70.5,544910.59,514,4.32,11396,169.21,7729.23,104.68
2025-04-15,Belo Horizonte,Operação C,9139,57.2,345812.5,370,4.06,9243,159.77,6045.67,98.87
2025-04-15,Campinas,Operação A,13211,80.9,542103.84,617,4.67,13073,163.3,6700.91,101.06
2025-04-15,Campinas,Operação B,11196,65.0,416898.0,452,4.04,10514,172.25,6413.82,106.49
2025-04-15,Campinas,Operação C,7323,47.6,297408.37,221,3.03,7697,153.84,6248.08,95.14
2025-04-16,São Paulo,Operação A,17466,116.3,800558.74,768,4.4,18799,150.18,6883.57,92.91
2025-04-16,São Paulo,Operação B,15857,88.9,614583.79,663,4.19,14362,178.37,6913.2,110.41
2025-04-16,São Paulo,Operação C,15013,89.7,619430.52,671,4.47,14500,167.37,6905.58,103.54
2025-04-16,Rio de Janeiro,Operação A,16549,95.1,767961.65,674,4.07,15361,174.02,8075.31,107.73
2025-04-16,Rio de Janeiro,Operação B,17122,106.5,784687.89,584,3.42,17207,160.77,7367.96,99.51
2025-04-16,Rio de Janeiro,Operação C,14689,88.0,594147.97,667,4.54,14223,166.92,6751.68,103.28
2025-04-16,Curitiba,Operação A,12254,81.4,489334.23,489,4.0,13160,150.54,6011.48,93.12
2025-04-16,Curitiba,Operação B,14060,83.5,664655.4,339,2.41,13502,168.38,7959.94,104.13
2025-04-16,Curitiba,Operação C,10119,61.8,420361.09,360,3.57,9994,163.74,6801.96,101.25
2025-04-16,Belo Horizonte,Operação A,13751,85.0,585189.13,476,3.46,13735,161.78,6884.58,100.12
2025-04-16,Belo Horizonte,Operação B,10473,63.2,433847.81,352,3.37,10217,165.71,6864.68,102.51
2025-04-16,Belo Horizonte,Operação C,10334,61.6,416158.65,466,4.52,9948,167.76,6755.82,103.88
2025-04-16,Campinas,Operação A,9917,62.5,526789.6,264,2.67,10107,158.67,8428.63,98.12
2025-04-16,Campinas,Operação B,9134,52.0,307738.35,302,3.31,8407,175.65,5918.05,108.65
2025-04-16,Campinas,Operação C,10297,69.1,350840.85,236,2.3,11174,149.02,5077.29,92.15
2025-04-17,São Paulo,Operação A,22360,124.2,893274.06,904,4.05,20060,180.03,7192.22,111.47
2025-04-17,São Paulo,Operação B,21081,112.2,864630.02,349,1.66,18132,187.89,7706.15,116.26
2025-04-17,São Paulo,Operação C,13678,84.5,560308.94,458,3.35,13644,161.87,6630.88,100.25
2025-04-17,Rio de Janeiro,Operação A,20286,111.6,838081.71,888,4.38,18024,181.77,7509.69,112.55
2025-04-17,Rio de Janeiro,Operação B,15546,92.7,709304.54,553,3.56,14977,167.7,7651.61,103.8
2025-04-17,Rio de Janeiro,Operação C,14079,93.8,562305.64,478,3.4,15151,150.1,5994.73,92.92
2025-04-17,Curitiba,Operação A,15985,87.9,669809.96,377,2.36,14208,181.85,7620.14,112.51
2025-04-17,Curitiba,Operação B,14008,79.7,479529.78,489,3.5,12876,175.76,6016.68,108.79
2025-04-17,Curitiba,Operação C,8565,53.8,328799.77,355,4.15,8694,159.2,6111.52,98.52
2025-04-17,Belo Horizonte,Operação A,12301,81.0,559944.77,289,2.35,13082,151.86,6912.9,94.03
2025-04-17,Belo Horizonte,Operação B,11336,72.0,459530.74,442,3.9,11634,157.44,6382.37,97.44
2025-04-17,Belo Horizonte,Operação C,11864,65.0,494384.57,444,3.75,10499,182.52,7605.92,113.0
2025-04-17,Campinas,Operação A,11439,67.7,500547.12,391,3.42,10931,168.97,7393.61,104.65
2025-04-17,Campinas,Operação B,8348,48.9,362789.44,246,2.96,7896,170.72,7419.01,105.72
2025-04-17,Campinas,Operação C,8312,45.1,365443.58,275,3.32,7291,184.3,8102.96,114.0
2025-04-18,São Paulo,Operação A,17288,109.9,816172.73,624,3.61,17751,157.31,7426.5,97.39
2025-04-18,São Paulo,Operação B,17050,98.6,660558.04,801,4.7,15931,172.92,6699.37,107.02
2025-04-18,São Paulo,Operação C,16090,99.7,635318.78,226,1.41,16097,161.38,6372.3,99.96
2025-04-18,Rio de Janeiro,Operação A,14119,93.4,600633.01,457,3.24,15077,151.17,6430.76,93.65
2025-04-18,Rio de Janeiro,Operação B,13216,80.8,581786.14,518,3.92,13046,163.56,7200.32,101.3
2025-04-18,Rio de Janeiro,Operação C,10928,66.1,398507.41,461,4.22,10671,165.33,6028.86,102.41
2025-04-18,Curitiba,Operação A,14131,90.4,550202.06,442,3.13,14593,156.32,6086.31,96.83
2025-04-18,Curitiba,Operação B,9912,58.0,405486.26,423,4.28,9372,170.9,6991.14,105.76
2025-04-18,Curitiba,Operação C,9141,57.3,328837.41,246,2.7,9246,159.53,5738.87,98.86
2025-04-18,Belo Horizonte,Operação A,12832,71.9,503103.62,461,3.6,11609,178.47,6997.27,110.53
2025-04-18,Belo Horizonte,Operação B,10193,67.0,421244.06,405,3.98,10826,152.13,6287.22,94.15
2025-04-18,Belo Horizonte,Operação C,9325,52.9,359955.41,290,3.11,8540,176.28,6804.45,109.19
2025-04-18,Campinas,Operação A,11846,74.4,499312.45,384,3.25,12022,159.22,6711.19,98.54
2025-04-18,Campinas,Operação B,8679,62.4,300998.77,346,3.99,10078,139.09,4823.7,86.12
2025-04-18,Campinas,Operação C,9590,61.4,393419.07,358,3.74,9913,156.19,6407.48,96.74
2025-04-19,São Paulo,Operação A,15459,122.7,594488.82,499,3.23,17436,125.99,4845.06,88.66
2025-04-19,São Paulo,Operação B,18528,107.4,761278.04,439,2.37,15261,172.51,7088.25,121.41
2025-04-19,São Paulo,Operação C,14918,93.0,633001.42,413,2.77,13214,160.41,6806.47,112.9
2025-04-19,Rio de Janeiro,Operação A,16965,110.4,642900.15,645,3.81,15689,153.67,5823.37,108.13
2025-04-19,Rio de Janeiro,Operação B,15447,97.2,644668.25,496,3.21,13806,158.92,6632.39,111.89
2025-04-19,Rio de Janeiro,Operação C,11820,88.0,517176.03,284,2.4,12497,134.32,5877.0,94.58
2025-04-19,Curitiba,Operação A,13309,92.3,626512.3,518,3.89,13117,144.19,6787.78,101.46
2025-04-19,Curitiba,Operação B,10532,65.2,507694.86,442,4.21,9268,161.53,7786.73,113.64
2025-04-19,Curitiba,Operação C,8564,59.6,364669.75,251,2.94,8469,143.69,6118.62,101.12
2025-04-19,Belo Horizonte,Operação A,13642,92.0,425447.7,514,3.77,13070,148.28,4624.43,104.38
2025-04-19,Belo Horizonte,Operação B,9822,67.3,398041.68,407,4.15,9556,145.94,5914.44,102.78
2025-04-19,Belo Horizonte,Operação C,10356,69.2,420896.37,359,3.47,9827,149.65,6082.32,105.38
2025-04-19,Campinas,Operação A,9818,70.9,435091.69,379,3.87,10067,138.48,6136.7,97.53
2025-04-19,Campinas,Operação B,11544,72.3,453186.28,479,4.16,10269,159.67,6268.14,112.42
2025-04-19,Campinas,Operação C,7307,47.5,291794.4,195,2.68,6743,153.83,6143.04,108.36
2025-04-20,São Paulo,Operação A,14293,119.8,500199.22,479,3.36,17018,119.31,4175.29,83.99
2025-04-20,São Paulo,Operação B,14735,103.1,525778.02,419,2.85,14638,142.92,5099.69,100.66
2025-04-20,São Paulo,Operação C,14194,92.9,595226.92,628,4.43,13198,152.79,6407.18,107.55
2025-04-20,Rio de Janeiro,Operação A,14812,106.5,605484.81,352,2.38,15126,139.08,5685.3,97.92
2025-04-20,Rio de Janeiro,Operação B,14147,89.4,632953.2,653,4.62,12702,158.24,7080.01,111.38
2025-04-20,Rio de Janeiro,Operação C,12405,77.3,511418.24,580,4.68,10971,160.48,6616.02,113.07
2025-04-20,Curitiba,Operação A,13047,84.7,624957.16,436,3.35,12031,154.04,7378.48,108.44
2025-04-20,Curitiba,Operação B,12051,75.3,499730.72,294,2.44,10697,160.04,6636.53,112.66
2025-04-20,Curitiba,Operação C,11346,79.9,483736.98,502,4.42,11353,142.0,6054.28,99.94
2025-04-20,Belo Horizonte,Operação A,10351,75.9,445247.74,213,2.07,10778,136.38,5866.24,96.04
2025-04-20,Belo Horizonte,Operação B,10102,67.7,413375.78,228,2.27,9612,149.22,6105.99,105.1
2025-04-20,Belo Horizonte,Operação C,10715,72.5,511369.18,352,3.29,10295,147.79,7053.37,104.08
2025-04-20,Campinas,Operação A,9653,64.6,397094.03,246,2.56,9169,149.43,6146.97,105.28
2025-04-20,Campinas,Operação B,10075,71.8,348987.26,459,4.56,10195,140.32,4860.55,98.82
2025-04-20,Campinas,Operação C,7108,50.6,248342.5,347,4.89,7184,140.47,4907.95,98.94
2025-04-21,São Paulo,Operação A,18218,108.8,831660.47,699,3.84,17558,167.44,7643.94,103.76
2025-04-21,São Paulo,Operação B,14989,102.1,580990.14,547,3.65,16467,146.81,5690.4,91.02
2025-04-21,São Paulo,Operação C,14317,84.7,640356.08,611,4.27,13661,169.03,7560.28,104.8
2025-04-21,Rio de Janeiro,Operação A,18298,95.1,824689.35,640,3.5,15348,192.41,8671.81,119.22
2025-04-21,Rio de Janeiro,Operação B,19006,97.8,688874.74,630,3.32,15780,194.34,7043.71,120.44
2025-04-21,Rio de Janeiro,Operação C,10596,62.7,460518.87,367,3.47,10118,169.0,7344.8,104.72
2025-04-21,Curitiba,Operação A,11463,80.3,498573.27,534,4.66,12951,142.75,6208.88,88.51
2025-04-21,Curitiba,Operação B,11969,69.7,427621.52,462,3.87,11237,171.72,6135.17,106.51
2025-04-21,Curitiba,Operação C,9813,62.2,382300.21,312,3.19,10032,157.77,6146.31,97.82
2025-04-21,Belo Horizonte,Operação A,12539,82.8,506720.28,434,3.47,13361,151.44,6119.81,93.85
2025-04-21,Belo Horizonte,Operação B,11635,62.0,448948.32,344,2.96,10002,187.66,7241.1,116.33
2025-04-21,Belo Horizonte,Operação C,10226,54.5,452108.04,281,2.75,8789,187.63,8295.56,116.35
2025-04-21,Campinas,Operação A,13263,78.5,570693.81,427,3.22,12658,168.96,7269.98,104.78
2025-04-21,Campinas,Operação B,9598,56.3,382189.01,475,4.95,9074,170.48,6788.44,105.77
2025-04-21,Campinas,Operação C,8351,45.2,347023.51,312,3.74,7296,184.76,7677.51,114.46
2025-04-22,São Paulo,Operação A,19702,123.7,895593.69,262,1.33,19946,159.27,7240.05,98.78
2025-04-22,São Paulo,Operação B,15188,97.5,561743.0,505,3.33,15714,155.77,5761.47,96.65
2025-04-22,São Paulo,Operação C,16240,92.9,697727.35,481,2.97,14979,174.81,7510.52,108.42
2025-04-22,Rio de Janeiro,Operação A,17867,106.3,817312.06,736,4.12,17142,168.08,7688.73,104.23
2025-04-22,Rio de Janeiro,Operação B,14118,90.4,556082.6,432,3.06,14578,156.17,6151.36,96.84
2025-04-22,Rio de Janeiro,Operação C,13098,77.2,587585.42,453,3.46,12442,169.66,7611.21,105.27
2025-04-22,Curitiba,Operação A,14301,85.0,571130.15,394,2.76,13702,168.25,6719.18,104.37
2025-04-22,Curitiba,Operação B,9750,61.5,427952.67,286,2.94,9918,158.54,6958.58,98.31
2025-04-22,Curitiba,Operação C,10887,63.3,479928.99,287,2.64,10203,171.99,7581.82,106.7
2025-04-22,Belo Horizonte,Operação A,15663,87.1,587058.65,444,2.84,14049,179.83,6740.05,111.49
2025-04-22,Belo Horizonte,Operação B,12868,78.0,426199.59,306,2.38,12582,164.97,5464.1,102.27
2025-04-22,Belo Horizonte,Operação C,9120,59.6,367958.3,321,3.53,9608,153.02,6173.8,94.92
2025-04-22,Campinas,Operação A,13215,81.0,611724.56,613,4.64,13054,163.15,7552.16,101.23
2025-04-22,Campinas,Operação B,12157,71.5,415123.18,470,3.87,11535,170.03,5805.92,105.39
2025-04-22,Campinas,Operação C,10181,61.5,498648.43,426,4.19,9909,165.54,8108.1,102.74
2025-04-23,São Paulo,Operação A,21836,121.9,946229.86,328,1.51,19638,179.13,7762.35,111.19
2025-04-23,São Paulo,Operação B,17870,99.0,692813.37,593,3.32,15956,180.51,6998.11,112.0
2025-04-23,São Paulo,Operação C,15527,82.9,756568.13,433,2.79,13358,187.3,9126.27,116.24
2025-04-23,Rio de Janeiro,Operação A,16615,104.8,738699.22,649,3.91,16884,158.54,7048.66,98.41
2025-04-23,Rio de Janeiro,Operação B,16339,95.9,878084.41,437,2.68,15453,170.38,9156.25,105.73
2025-04-23,Rio de Janeiro,Operação C,10916,67.4,390007.36,251,2.31,10863,161.96,5786.46,100.49
2025-04-23,Curitiba,Operação A,12129,77.9,463103.75,474,3.91,12548,155.7,5944.85,96.66
2025-04-23,Curitiba,Operação B,11553,70.3,526550.28,333,2.89,11323,164.34,7490.05,102.03
2025-04-23,Curitiba,Operação C,10776,63.1,368902.66,171,1.59,10168,170.78,5846.32,105.98
2025-04-23,Belo Horizonte,Operação A,14226,82.6,714954.38,515,3.63,13308,172.23,8655.62,106.9
2025-04-23,Belo Horizonte,Operação B,12391,75.4,535153.77,598,4.83,12158,164.34,7097.53,101.92
2025-04-23,Belo Horizonte,Operação C,7962,46.5,402418.17,296,3.73,7489,171.23,8654.15,106.32
2025-04-23,Campinas,Operação A,13099,82.3,548478.84,461,3.53,13260,159.16,6664.38,98.79
2025-04-23,Campinas,Operação B,7030,46.0,264415.87,292,4.16,7410,152.83,5748.17,94.87
2025-04-23,Campinas,Operação C,10257,60.2,464605.29,345,3.37,9706,170.38,7717.7,105.68
2025-04-24,São Paulo,Operação A,21035,126.3,888338.68,691,3.29,20344,166.55,7033.56,103.4
2025-04-24,São Paulo,Operação B,17333,107.3,795683.94,449,2.59,17283,161.54,7415.51,100.29
2025-04-24,São Paulo,Operação C,14395,82.5,599491.62,451,3.14,13291,174.48,7266.57,108.31
2025-04-24,Rio de Janeiro,Operação A,17526,110.0,722057.09,809,4.62,17713,159.33,6564.16,98.94
2025-04-24,Rio de Janeiro,Operação B,18658,101.0,762580.39,836,4.48,16266,184.73,7550.3,114.71
2025-04-24,Rio de Janeiro,Operação C,11338,72.7,369598.13,548,4.84,11716,155.96,5083.88,96.77
2025-04-24,Curitiba,Operação A,13004,78.8,498816.57,527,4.06,12697,165.03,6330.16,102.42
2025-04-24,Curitiba,Operação B,10765,71.2,471147.99,253,2.35,11464,151.19,6617.25,93.9
2025-04-24,Curitiba,Operação C,8384,59.1,304374.14,305,3.64,9517,141.86,5150.15,88.09
2025-04-24,Belo Horizonte,Operação A,9907,66.4,416000.12,303,3.07,10696,149.2,6265.06,92.62
2025-04-24,Belo Horizonte,Operação B,15710,83.6,605279.75,619,3.95,13474,187.92,7240.19,116.59
2025-04-24,Belo Horizonte,Operação C,10619,66.6,382473.38,370,3.49,10725,159.44,5742.84,99.01
2025-04-24,Campinas,Operação A,11218,69.5,491003.64,325,2.9,11198,161.41,7064.8,100.18
2025-04-24,Campinas,Operação B,8962,53.4,390240.26,229,2.56,8608,167.83,7307.87,104.11
2025-04-24,Campinas,Operação C,8839,60.6,350798.22,291,3.29,9764,145.86,5788.75,90.53
2025-04-25,São Paulo,Operação A,18124,113.4,896853.42,510,2.82,18262,159.82,7908.76,99.24
2025-04-25,São Paulo,Operação B,20505,119.6,868760.36,795,3.88,19255,171.45,7263.88,106.49
2025-04-25,São Paulo,Operação C,16705,107.9,626743.67,483,2.9,17374,154.82,5808.56,96.15
2025-04-25,Rio de Janeiro,Operação A,15206,104.0,640010.76,738,4.85,16737,146.21,6153.95,90.85
2025-04-25,Rio de Janeiro,Operação B,14872,91.3,587850.87,627,4.22,14693,162.89,6438.67,101.22
2025-04-25,Rio de Janeiro,Operação C,13827,73.6,687664.26,512,3.71,11849,187.87,9343.26,116.69
2025-04-25,Curitiba,Operação A,15124,84.8,701438.93,431,2.86,13652,178.35,8271.69,110.78
2025-04-25,Curitiba,Operação B,10585,70.1,461889.81,426,4.03,11289,151.0,6589.01,93.76
2025-04-25,Curitiba,Operação C,8938,55.5,327228.98,248,2.78,8935,161.05,5896.02,100.03
2025-04-25,Belo Horizonte,Operação A,13260,84.0,540964.19,291,2.2,13526,157.86,6440.05,98.03
2025-04-25,Belo Horizonte,Operação B,11777,71.0,460294.19,394,3.35,11433,165.87,6483.02,103.01
2025-04-25,Belo Horizonte,Operação C,9820,62.6,354452.41,485,4.94,10078,156.87,5662.18,97.44
2025-04-25,Campinas,Operação A,10954,66.3,504358.95,692,6.32,10673,165.22,7607.22,102.63
2025-04-25,Campinas,Operação B,9059,52.8,354839.14,278,3.07,8499,171.57,6720.44,106.59
2025-04-25,Campinas,Operação C,7522,49.1,314681.63,174,2.32,7902,153.2,6408.99,95.19
2025-04-26,São Paulo,Operação A,18289,124.5,799041.65,571,3.13,17631,146.9,6418.01,103.73
2025-04-26,São Paulo,Operação B,14917,99.9,557057.43,479,3.21,14151,149.32,5576.15,105.41
2025-04-26,São Paulo,Operação C,11551,84.2,387659.03,528,4.57,11921,137.19,4604.03,96.9
2025-04-26,Rio de Janeiro,Operação A,15655,98.9,724437.78,386,2.47,14009,158.29,7324.95,111.75
2025-04-26,Rio de Janeiro,Operação B,14250,82.6,698302.78,495,3.47,11694,172.52,8454.03,121.86
2025-04-26,Rio de Janeiro,Operação C,11354,81.2,496503.73,332,2.93,11496,139.83,6114.58,98.76
2025-04-26,Curitiba,Operação A,9381,70.6,394793.48,243,2.6,10004,132.88,5591.98,93.77
2025-04-26,Curitiba,Operação B,9923,73.3,385712.81,415,4.18,10384,135.38,5262.11,95.56
2025-04-26,Curitiba,Operação C,9750,66.7,443779.59,378,3.88,9442,146.18,6653.37,103.26
2025-04-26,Belo Horizonte,Operação A,12786,90.3,515038.75,314,2.46,12785,141.59,5703.64,100.01
2025-04-26,Belo Horizonte,Operação B,10419,66.7,491776.27,444,4.27,9445,156.21,7372.96,110.31
2025-04-26,Belo Horizonte,Operação C,7678,48.8,266011.42,323,4.22,6907,157.34,5451.05,111.16
2025-04-26,Campinas,Operação A,10463,68.2,383680.37,464,4.44,9651,153.42,5625.81,108.41
2025-04-26,Campinas,Operação B,7148,51.2,271678.48,149,2.1,7257,139.61,5306.22,98.5
2025-04-26,Campinas,Operação C,9030,54.8,475588.62,323,3.58,7757,164.78,8678.62,116.41
2025-04-27,São Paulo,Operação A,18682,125.7,821924.54,602,3.23,17790,148.62,6538.78,105.01
2025-04-27,São Paulo,Operação B,15762,103.9,625533.27,541,3.44,14701,151.7,6020.53,107.22
2025-04-27,São Paulo,Operação C,13892,89.8,524226.72,480,3.46,12708,154.7,5837.71,109.32
2025-04-27,Rio de Janeiro,Operação A,18524,117.1,877976.77,651,3.52,16576,158.19,7497.67,111.75
2025-04-27,Rio de Janeiro,Operação B,14469,92.4,697999.35,280,1.94,13084,156.59,7554.11,110.59
2025-04-27,Rio de Janeiro,Operação C,11203,70.2,458118.03,331,2.96,9931,159.59,6525.9,112.81
2025-04-27,Curitiba,Operação A,10696,76.1,389233.03,553,5.17,10769,140.55,5114.76,99.32
2025-04-27,Curitiba,Operação B,10727,73.6,475767.19,458,4.27,10423,145.75,6464.23,102.92
2025-04-27,Curitiba,Operação C,11253,71.6,444230.38,367,3.26,10129,157.16,6204.33,111.1
2025-04-27,Belo Horizonte,Operação A,12048,85.5,505769.9,460,3.82,12107,140.91,5915.44,99.51
2025-04-27,Belo Horizonte,Operação B,9629,75.2,431947.14,319,3.31,10643,128.05,5743.98,90.47
2025-04-27,Belo Horizonte,Operação C,10222,66.3,495068.43,468,4.58,9382,154.18,7467.1,108.95
2025-04-27,Campinas,Operação A,12907,80.2,557137.31,455,3.53,11344,160.94,6946.85,113.78
2025-04-27,Campinas,Operação B,10395,67.6,423739.03,397,3.82,9569,153.77,6268.33,108.63
2025-04-27,Campinas,Operação C,7408,53.9,349374.93,262,3.54,7625,137.44,6481.91,97.15
2025-04-28,São Paulo,Operação A,19463,132.2,774099.66,686,3.53,21253,147.22,5855.52,91.58
2025-04-28,São Paulo,Operação B,18861,110.5,815585.31,490,2.6,17756,170.69,7380.86,106.22
2025-04-28,São Paulo,Operação C,13945,82.1,509600.17,428,3.07,13197,169.85,6207.07,105.67
2025-04-28,Rio de Janeiro,Operação A,16588,107.2,803214.58,743,4.48,17238,154.74,7492.67,96.23
2025-04-28,Rio de Janeiro,Operação B,12297,79.2,404041.19,353,2.87,12731,155.27,5101.53,96.59
2025-04-28,Rio de Janeiro,Operação C,13668,84.7,599248.71,311,2.28,13622,161.37,7074.96,100.34
2025-04-28,Curitiba,Operação A,14441,90.5,607224.97,494,3.43,14540,159.57,6709.67,99.32
2025-04-28,Curitiba,Operação B,9910,64.9,454583.37,378,3.82,10432,152.7,7004.37,95.0
2025-04-28,Curitiba,Operação C,12281,72.3,522826.27,260,2.12,11621,169.86,7231.35,105.68
2025-04-28,Belo Horizonte,Operação A,12975,78.3,646316.26,525,4.05,12580,165.71,8254.36,103.14
2025-04-28,Belo Horizonte,Operação B,13922,80.5,545112.95,500,3.59,12932,172.94,6771.59,107.66
2025-04-28,Belo Horizonte,Operação C,9775,63.0,395520.45,326,3.34,10125,155.16,6278.1,96.54
2025-04-28,Campinas,Operação A,11631,82.0,544601.5,319,2.75,13175,141.84,6641.48,88.28
2025-04-28,Campinas,Operação B,9332,51.9,419264.29,420,4.5,8342,179.81,8078.31,111.87
2025-04-28,Campinas,Operação C,11351,59.7,502110.3,383,3.37,9600,190.13,8410.56,118.24
2025-04-29,São Paulo,Operação A,21705,120.3,843944.63,646,2.98,19323,180.42,7015.33,112.33
2025-04-29,São Paulo,Operação B,14203,100.3,604370.51,282,1.99,16119,141.61,6025.63,88.11
2025-04-29,São Paulo,Operação C,15946,90.6,639314.91,772,4.84,14550,176.0,7056.46,109.59
2025-04-29,Rio de Janeiro,Operação A,16817,93.5,751729.12,357,2.13,15022,179.86,8039.88,111.95
2025-04-29,Rio de Janeiro,Operação B,18043,109.2,694476.22,428,2.37,17539,165.23,6359.67,102.87
2025-04-29,Rio de Janeiro,Operação C,12806,77.8,543109.91,417,3.26,12504,164.6,6980.85,102.42
2025-04-29,Curitiba,Operação A,14423,89.3,494134.05,487,3.38,14347,161.51,5533.42,100.53
2025-04-29,Curitiba,Operação B,9735,57.2,370736.05,353,3.63,9194,170.19,6481.4,105.88
2025-04-29,Curitiba,Operação C,11491,74.1,531401.58,362,3.15,11911,155.07,7171.41,96.47
2025-04-29,Belo Horizonte,Operação A,14951,92.4,577677.16,605,4.05,14849,161.81,6251.92,100.69
2025-04-29,Belo Horizonte,Operação B,10412,66.6,417402.93,360,3.46,10707,156.34,6267.31,97.24
2025-04-29,Belo Horizonte,Operação C,10152,70.7,427321.26,406,4.0,11363,143.59,6044.15,89.34
2025-04-29,Campinas,Operação A,13063,72.1,544761.31,437,3.35,11579,181.18,7555.64,112.82
2025-04-29,Campinas,Operação B,10973,65.6,443730.18,429,3.91,10546,167.27,6764.18,104.05
2025-04-29,Campinas,Operação C,7874,49.6,314078.3,360,4.58,7960,158.75,6332.22,98.92
2025-04-30,São Paulo,Operação A,16254,95.3,684896.22,350,2.16,15305,170.56,7186.74,106.2
2025-04-30,São Paulo,Operação B,17944,104.7,795969.95,247,1.38,16805,171.38,7602.39,106.78
2025-04-30,São Paulo,Operação C,15697,99.8,702382.22,642,4.09,16018,157.28,7037.9,98.0
2025-04-30,Rio de Janeiro,Operação A,16940,97.6,685358.98,312,1.84,15669,173.57,7022.12,108.11
2025-04-30,Rio de Janeiro,Operação B,15435,98.4,595513.57,490,3.18,15794,156.86,6051.97,97.73
2025-04-30,Rio de Janeiro,Operação C,13431,81.3,593546.35,326,2.43,13050,165.2,7300.69,102.92
2025-04-30,Curitiba,Operação A,13111,79.7,650194.8,446,3.41,12792,164.5,8158.03,102.49
2025-04-30,Curitiba,Operação B,13541,81.4,542525.11,447,3.3,13069,166.35,6664.93,103.61
2025-04-30,Curitiba,Operação C,11026,63.8,523717.86,417,3.79,10238,172.82,8208.74,107.7
2025-04-30,Belo Horizonte,Operação A,13686,88.5,552113.47,399,2.92,14203,154.64,6238.57,96.36
2025-04-30,Belo Horizonte,Operação B,11629,71.9,522364.12,320,2.76,11544,161.74,7265.15,100.74
2025-04-30,Belo Horizonte,Operação C,10718,61.6,361612.34,557,5.2,9896,173.99,5870.33,108.31
2025-04-30,Campinas,Operação A,9788,68.7,417285.69,345,3.53,11037,142.47,6074.03,88.68
2025-04-30,Campinas,Operação B,10809,60.9,486294.53,404,3.74,9782,177.49,7985.13,110.5
2025-04-30,Campinas,Operação C,9432,57.3,463129.72,218,2.32,9195,164.61,8082.54,102.58
2025-05-01,São Paulo,Operação A,19796,118.9,895830.8,559,2.82,19071,166.49,7534.32,103.8
2025-05-01,São Paulo,Operação B,15135,90.3,652695.69,710,4.69,14488,167.61,7228.08,104.47
2025-05-01,São Paulo,Operação C,14571,81.3,749964.38,465,3.2,13046,179.23,9224.65,111.69
2025-05-01,Rio de Janeiro,Operação A,15253,94.7,641480.47,602,3.95,15194,161.07,6773.82,100.39
2025-05-01,Rio de Janeiro,Operação B,15823,86.1,594025.02,333,2.11,13809,183.77,6899.25,114.58
2025-05-01,Rio de Janeiro,Operação C,12145,87.1,500173.38,727,5.99,13979,139.44,5742.52,86.88
2025-05-01,Curitiba,Operação A,12955,84.8,541135.66,448,3.46,13604,152.77,6381.32,95.23
2025-05-01,Curitiba,Operação B,12999,74.9,491928.38,630,4.85,12022,173.55,6567.8,108.13
2025-05-01,Curitiba,Operação C,11615,66.7,458646.18,526,4.53,10696,174.14,6876.25,108.59
2025-05-01,Belo Horizonte,Operação A,13244,78.4,506815.77,357,2.7,12572,168.93,6464.49,105.35
2025-05-01,Belo Horizonte,Operação B,11971,74.5,461897.54,357,2.99,11957,160.68,6199.97,100.12
2025-05-01,Belo Horizonte,Operação C,10497,66.2,435933.9,368,3.51,10627,158.56,6585.1,98.78
2025-05-01,Campinas,Operação A,8523,57.3,369430.39,248,2.91,9194,148.74,6447.3,92.7
2025-05-01,Campinas,Operação B,12196,68.9,547315.92,604,4.96,11055,177.01,7943.63,110.32
2025-05-01,Campinas,Operação C,9280,53.5,368067.04,506,5.46,8590,173.46,6879.76,108.03
2025-05-02,São Paulo,Operação A,21851,131.8,951531.18,1002,4.59,21128,165.79,7219.51,103.42
2025-05-02,São Paulo,Operação B,16041,101.5,729800.68,571,3.56,16271,158.04,7190.15,98.59
2025-05-02,São Paulo,Operação C,14273,91.5,501400.66,526,3.69,14669,155.99,5479.79,97.3
2025-05-02,Rio de Janeiro,Operação A,17949,110.1,856987.89,527,2.94,17649,163.02,7783.72,101.7
2025-05-02,Rio de Janeiro,Operação B,13658,82.8,569123.8,562,4.12,13280,164.95,6873.48,102.85
2025-05-02,Rio de Janeiro,Operação C,13427,74.0,669573.18,465,3.47,11858,181.45,9048.29,113.23
2025-05-02,Curitiba,Operação A,14365,93.6,665112.23,623,4.34,15012,153.47,7105.9,95.69
2025-05-02,Curitiba,Operação B,13215,79.8,398868.4,394,2.99,12803,165.6,4998.35,103.22
2025-05-02,Curitiba,Operação C,9348,60.6,397186.91,295,3.16,9711,154.26,6554.24,96.26
2025-05-02,Belo Horizonte,Operação A,11411,74.4,446603.13,501,4.4,11927,153.37,6002.73,95.67
2025-05-02,Belo Horizonte,Operação B,10394,65.1,417560.34,391,3.77,10434,159.66,6414.14,99.62
2025-05-02,Belo Horizonte,Operação C,8413,64.5,387726.07,391,4.65,10347,130.43,6011.26,81.31
2025-05-02,Campinas,Operação A,9786,63.4,393387.28,283,2.9,10162,154.35,6204.85,96.3
2025-05-02,Campinas,Operação B,9026,63.1,338730.34,427,4.73,10113,143.04,5368.15,89.25
2025-05-02,Campinas,Operação C,8578,47.6,372468.36,176,2.05,7636,180.21,7824.97,112.34
2025-05-03,São Paulo,Operação A,17678,122.3,710269.01,653,3.7,17250,144.55,5807.6,102.48
2025-05-03,São Paulo,Operação B,16184,105.8,756003.38,619,3.83,14923,152.97,7145.59,108.45
2025-05-03,São Paulo,Operação C,11351,80.6,610368.17,463,4.08,11362,140.83,7572.81,99.9
2025-05-03,Rio de Janeiro,Operação A,19245,120.3,826903.92,719,3.74,16967,159.98,6873.68,113.43
2025-05-03,Rio de Janeiro,Operação B,11512,89.9,484335.04,514,4.47,12684,128.05,5387.49,90.76
2025-05-03,Rio de Janeiro,Operação C,11271,75.2,511775.13,312,2.77,10601,149.88,6805.52,106.32
2025-05-03,Curitiba,Operação A,11058,81.7,428069.97,273,2.47,11523,135.35,5239.53,95.96
2025-05-03,Curitiba,Operação B,10813,67.5,414549.79,389,3.6,9518,160.19,6141.48,113.61
2025-05-03,Curitiba,Operação C,9689,61.4,457753.41,406,4.19,8662,157.8,7455.27,111.86
2025-05-03,Belo Horizonte,Operação A,11798,82.3,439269.05,596,5.05,11605,143.35,5337.41,101.66
2025-05-03,Belo Horizonte,Operação B,9817,64.4,453921.02,299,3.06,9079,152.44,7048.46,108.13
2025-05-03,Belo Horizonte,Operação C,10531,68.6,515090.75,329,3.12,9674,153.51,7508.61,108.86
2025-05-03,Campinas,Operação A,8676,61.7,371640.05,307,3.55,8704,140.62,6023.34,99.68
2025-05-03,Campinas,Operação B,7416,58.7,325428.41,376,5.08,8284,126.34,5543.93,89.52
2025-05-03,Campinas,Operação C,8716,57.4,386029.73,332,3.82,8090,151.85,6725.26,107.74
2025-05-04,São Paulo,Operação A,18616,124.4,758588.81,533,2.86,17530,149.65,6097.98,106.2
2025-05-04,São Paulo,Operação B,14995,100.8,610831.34,562,3.75,14199,148.76,6059.83,105.61
2025-05-04,São Paulo,Operação C,14375,93.3,677510.71,512,3.56,13144,154.07,7261.64,109.37
2025-05-04,Rio de Janeiro,Operação A,13439,94.6,566806.63,272,2.03,13328,142.06,5991.61,100.83
2025-05-04,Rio de Janeiro,Operação B,14695,99.9,639605.92,674,4.59,14081,147.1,6402.46,104.36
2025-05-04,Rio de Janeiro,Operação C,11355,75.0,471919.97,380,3.35,10564,151.4,6292.27,107.49
2025-05-04,Curitiba,Operação A,12921,79.5,523274.66,524,4.06,11198,162.53,6582.07,115.39
2025-05-04,Curitiba,Operação B,9565,60.7,441987.6,342,3.58,8550,157.58,7281.51,111.87
2025-05-04,Curitiba,Operação C,9484,63.4,485155.56,198,2.09,8928,149.59,7652.3,106.23
2025-05-04,Belo Horizonte,Operação A,11673,85.6,489335.97,385,3.3,12067,136.37,5716.54,96.73
2025-05-04,Belo Horizonte,Operação B,9706,66.7,363618.94,419,4.32,9400,145.52,5451.56,103.26
2025-05-04,Belo Horizonte,Operação C,7371,48.8,299954.42,188,2.56,6873,151.05,6146.61,107.25
2025-05-04,Campinas,Operação A,9360,72.1,394606.89,221,2.36,10166,129.82,5473.05,92.07
2025-05-04,Campinas,Operação B,8816,64.7,354368.15,329,3.74,9121,136.26,5477.1,96.66
2025-05-04,Campinas,Operação C,7064,48.7,253913.21,282,4.0,6864,145.05,5213.82,102.91
2025-05-05,São Paulo,Operação A,25744,130.2,1090636.13,1063,4.13,20840,197.73,8376.62,123.53
2025-05-05,São Paulo,Operação B,16454,90.0,742156.26,512,3.11,14408,182.82,8246.18,114.2
2025-05-05,São Paulo,Operação C,16056,98.9,644935.79,623,3.88,15820,162.35,6521.09,101.49
2025-05-05,Rio de Janeiro,Operação A,17061,96.3,644497.03,453,2.66,15408,177.17,6692.6,110.73
2025-05-05,Rio de Janeiro,Operação B,14599,83.8,577140.79,353,2.42,13415,174.21,6887.12,108.83
2025-05-05,Rio de Janeiro,Operação C,12397,75.1,462111.94,319,2.58,12024,165.07,6153.29,103.1
2025-05-05,Curitiba,Operação A,15485,99.6,630360.76,496,3.21,15946,155.47,6328.92,97.11
2025-05-05,Curitiba,Operação B,12225,70.9,559814.19,397,3.26,11338,172.43,7895.83,107.82
2025-05-05,Curitiba,Operação C,10138,56.3,421929.73,495,4.88,9007,180.07,7494.31,112.56
2025-05-05,Belo Horizonte,Operação A,10801,64.4,536533.47,347,3.22,10311,167.72,8331.27,104.75
2025-05-05,Belo Horizonte,Operação B,11497,68.1,457176.1,373,3.25,10901,168.83,6713.31,105.47
2025-05-05,Belo Horizonte,Operação C,9323,59.0,437392.52,360,3.87,9437,158.02,7413.43,98.79
2025-05-05,Campinas,Operação A,12663,72.5,518455.85,364,2.88,11598,174.66,7151.12,109.18
2025-05-05,Campinas,Operação B,9473,57.3,357730.35,293,3.1,9166,165.32,6243.11,103.35
2025-05-05,Campinas,Operação C,9594,50.5,296500.08,322,3.36,8082,189.98,5871.29,118.71
2025-05-06,São Paulo,Operação A,21657,130.0,974861.05,775,3.58,20781,166.59,7498.93,104.22
2025-05-06,São Paulo,Operação B,13628,97.8,583575.8,392,2.88,15644,139.35,5967.03,87.11
2025-05-06,São Paulo,Operação C,13491,84.6,660781.7,731,5.42,13528,159.47,7810.66,99.73
2025-05-06,Rio de Janeiro,Operação A,16826,105.3,627459.95,651,3.87,16831,159.79,5958.78,99.97
2025-05-06,Rio de Janeiro,Operação B,16673,102.7,541606.0,672,4.04,16420,162.35,5273.67,101.54
2025-05-06,Rio de Janeiro,Operação C,12673,86.3,541212.34,489,3.86,13796,146.85,6271.29,91.86
2025-05-06,Curitiba,Operação A,13168,84.4,606567.45,418,3.18,13490,156.02,7186.82,97.61
2025-05-06,Curitiba,Operação B,8974,63.4,422167.45,358,3.99,10139,141.55,6658.79,88.51
2025-05-06,Curitiba,Operação C,10499,65.6,418742.18,277,2.64,10484,160.05,6383.26,100.14
2025-05-06,Belo Horizonte,Operação A,10854,77.1,423911.06,352,3.25,12335,140.78,5498.2,87.99
2025-05-06,Belo Horizonte,Operação B,12189,74.0,550695.27,558,4.58,11828,164.72,7441.83,103.05
2025-05-06,Belo Horizonte,Operação C,11733,68.7,493342.74,318,2.72,10993,170.79,7181.12,106.73
2025-05-06,Campinas,Operação A,14017,75.9,607895.2,705,5.03,12138,184.68,8009.16,115.48
2025-05-06,Campinas,Operação B,7719,50.8,350603.2,286,3.71,8127,151.95,6901.64,94.98
2025-05-06,Campinas,Operação C,10451,63.3,402657.16,347,3.33,10125,165.1,6361.09,103.22
2025-05-07,São Paulo,Operação A,16294,107.1,747728.01,684,4.2,17121,152.14,6981.59,95.17
2025-05-07,São Paulo,Operação B,15255,105.0,618840.21,384,2.52,16785,145.29,5893.72,90.88
2025-05-07,São Paulo,Operação C,15590,98.4,587072.77,549,3.52,15729,158.43,5966.19,99.12
2025-05-07,Rio de Janeiro,Operação A,18090,99.2,706609.08,430,2.38,15859,182.36,7123.08,114.07
2025-05-07,Rio de Janeiro,Operação B,12379,75.1,492093.47,291,2.36,12005,164.83,6552.51,103.12
2025-05-07,Rio de Janeiro,Operação C,15157,87.7,634883.21,695,4.59,14014,172.83,7239.26,108.16
2025-05-07,Curitiba,Operação A,13928,89.5,527078.97,578,4.15,14303,155.62,5889.15,97.38
2025-05-07,Curitiba,Operação B,12794,76.6,494027.63,510,3.99,12236,167.02,6449.45,104.56
2025-05-07,Curitiba,Operação C,9780,59.7,467364.46,290,2.97,9532,163.82,7828.55,102.6
2025-05-07,Belo Horizonte,Operação A,10576,69.1,486254.82,391,3.7,11049,153.05,7036.97,95.72
2025-05-07,Belo Horizonte,Operação B,10955,68.8,481378.47,309,2.82,10993,159.23,6996.78,99.65
2025-05-07,Belo Horizonte,Operação C,9944,63.5,381942.7,297,2.99,10143,156.6,6014.85,98.04
2025-05-07,Campinas,Operação A,11206,68.1,481206.07,112,1.0,10881,164.55,7066.17,102.99
2025-05-07,Campinas,Operação B,8968,55.8,430645.59,236,2.64,8924,160.72,7717.66,100.49
2025-05-07,Campinas,Operação C,10079,55.3,370384.36,384,3.82,8830,182.26,6697.73,114.14
2025-05-08,São Paulo,Operação A,17868,112.3,693056.06,520,2.91,17925,159.11,6171.47,99.68
2025-05-08,São Paulo,Operação B,21241,121.6,985730.06,827,3.89,19409,174.68,8106.33,109.44
2025-05-08,São Paulo,Operação C,13387,79.0,619707.23,377,2.82,12607,169.46,7844.4,106.19
2025-05-08,Rio de Janeiro,Operação A,19129,110.5,945128.7,605,3.17,17642,173.11,8553.2,108.43
2025-05-08,Rio de Janeiro,Operação B,13270,82.5,633540.11,270,2.04,13176,160.85,7679.27,100.71
2025-05-08,Rio de Janeiro,Operação C,10775,64.9,433474.4,377,3.51,10362,166.02,6679.11,103.99
2025-05-08,Curitiba,Operação A,14511,91.5,500745.25,745,5.14,14608,158.59,5472.63,99.34
2025-05-08,Curitiba,Operação B,10207,66.8,473756.68,325,3.19,10669,152.8,7092.17,95.67
2025-05-08,Curitiba,Operação C,11002,64.5,509770.33,355,3.23,10299,170.57,7903.42,106.83
2025-05-08,Belo Horizonte,Operação A,12741,90.8,573843.8,360,2.83,14497,140.32,6319.87,87.89
2025-05-08,Belo Horizonte,Operação B,13215,79.3,519460.22,532,4.03,12663,166.65,6550.57,104.36
2025-05-08,Belo Horizonte,Operação C,11653,67.6,441429.8,362,3.11,10792,172.38,6530.03,107.98
2025-05-08,Campinas,Operação A,11631,70.7,523383.16,219,1.89,11288,164.51,7402.87,103.04
2025-05-08,Campinas,Operação B,10319,63.8,398788.05,299,2.91,10193,161.74,6250.6,101.24
2025-05-08,Campinas,Operação C,6493,52.6,254492.11,181,2.8,8401,123.44,4838.25,77.29
2025-05-09,São Paulo,Operação A,18918,121.6,778277.91,895,4.73,19402,155.58,6400.31,97.51
2025-05-09,São Paulo,Operação B,19186,109.5,767449.79,754,3.93,17464,175.21,7008.67,109.86
2025-05-09,São Paulo,Operação C,14401,88.6,628441.51,435,3.02,14130,162.54,7093.02,101.92
2025-05-09,Rio de Janeiro,Operação A,18614,114.2,827828.65,868,4.66,18218,162.99,7248.94,102.17
2025-05-09,Rio de Janeiro,Operação B,14478,97.4,633840.81,605,4.18,15544,148.64,6507.61,93.14
2025-05-09,Rio de Janeiro,Operação C,13016,85.6,512464.12,559,4.3,13660,152.06,5986.73,95.29
2025-05-09,Curitiba,Operação A,12838,79.5,620120.37,444,3.46,12690,161.48,7800.26,101.17
2025-05-09,Curitiba,Operação B,10632,68.7,460693.89,258,2.43,10963,154.76,6705.88,96.98
2025-05-09,Curitiba,Operação C,10665,63.2,503351.73,430,4.03,10085,168.75,7964.43,105.75
2025-05-09,Belo Horizonte,Operação A,13413,75.2,547276.42,336,2.51,11991,178.36,7277.61,111.86
2025-05-09,Belo Horizonte,Operação B,12429,68.5,530233.07,436,3.51,10928,181.45,7740.63,113.74
2025-05-09,Belo Horizonte,Operação C,10799,72.8,398025.26,238,2.21,11614,148.34,5467.38,92.98
2025-05-09,Campinas,Operação A,12231,73.3,589178.83,451,3.69,11700,166.86,8037.91,104.54
2025-05-09,Campinas,Operação B,9674,58.7,410862.81,209,2.16,9361,164.8,6999.37,103.34
2025-05-09,Campinas,Operação C,12489,73.1,535029.18,498,3.99,11662,170.85,7319.14,107.09
2025-05-10,São Paulo,Operação A,17633,122.8,696063.3,701,3.98,17234,143.59,5668.27,102.32
2025-05-10,São Paulo,Operação B,14386,105.2,685868.99,537,3.73,14759,136.75,6519.67,97.47
2025-05-10,São Paulo,Operação C,15163,95.3,638173.6,569,3.75,13371,159.11,6696.47,113.4
2025-05-10,Rio de Janeiro,Operação A,15055,109.4,635564.99,542,3.6,15348,137.61,5809.55,98.09
2025-05-10,Rio de Janeiro,Operação B,14070,83.5,511737.53,346,2.46,11715,168.5,6128.59,120.1
2025-05-10,Rio de Janeiro,Operação C,13482,88.6,510915.77,537,3.99,12426,152.17,5766.54,108.5
2025-05-10,Curitiba,Operação A,13764,95.1,721168.79,291,2.12,13348,144.73,7583.27,103.12
2025-05-10,Curitiba,Operação B,12334,78.7,562003.34,411,3.34,11035,156.72,7141.08,111.77
2025-05-10,Curitiba,Operação C,9403,62.9,425608.16,374,3.98,8826,149.49,6766.43,106.54
2025-05-10,Belo Horizonte,Operação A,11771,87.4,483657.63,323,2.75,12266,134.68,5533.84,95.96
2025-05-10,Belo Horizonte,Operação B,10403,67.0,441419.43,581,5.59,9399,155.27,6588.35,110.68
2025-05-10,Belo Horizonte,Operação C,9126,62.7,387168.1,272,2.99,8795,145.55,6174.93,103.76
2025-05-10,Campinas,Operação A,10999,70.3,466972.25,315,2.87,9865,156.46,6642.56,111.5
2025-05-10,Campinas,Operação B,7725,55.0,326732.38,344,4.45,7719,140.45,5940.59,100.08
2025-05-10,Campinas,Operação C,6377,45.0,271515.06,129,2.03,6313,141.71,6033.67,101.01
2025-05-11,São Paulo,Operação A,15457,112.0,599980.74,564,3.65,15706,138.01,5356.97,98.41
2025-05-11,São Paulo,Operação B,14114,101.4,616949.06,688,4.88,14211,139.19,6084.31,99.32
2025-05-11,São Paulo,Operação C,12745,101.7,564709.14,427,3.36,14253,125.32,5552.7,89.42
2025-05-11,Rio de Janeiro,Operação A,14759,104.8,626819.96,534,3.62,14693,140.83,5981.11,100.45
2025-05-11,Rio de Janeiro,Operação B,11695,86.1,470200.02,431,3.69,12076,135.83,5461.09,96.84
2025-05-11,Rio de Janeiro,Operação C,12828,83.6,513418.12,478,3.73,11714,153.44,6141.37,109.51
2025-05-11,Curitiba,Operação A,14352,91.6,599406.52,476,3.32,12841,156.68,6543.74,111.77
2025-05-11,Curitiba,Operação B,10008,75.1,412585.42,409,4.1,10533,133.26,5493.81,95.02
2025-05-11,Curitiba,Operação C,9868,69.4,423049.77,280,2.84,9733,142.19,6095.82,101.39
2025-05-11,Belo Horizonte,Operação A,12257,85.1,501264.65,393,3.21,11926,144.03,5890.3,102.78
2025-05-11,Belo Horizonte,Operação B,9718,69.3,433739.34,309,3.18,9709,140.23,6258.86,100.09
2025-05-11,Belo Horizonte,Operação C,11577,72.5,444948.4,411,3.56,10161,159.68,6137.22,113.94
2025-05-11,Campinas,Operação A,9365,66.2,468340.93,304,3.25,9275,141.47,7074.64,100.97
2025-05-11,Campinas,Operação B,9625,64.0,365725.77,271,2.82,8974,150.39,5714.47,107.25
2025-05-11,Campinas,Operação C,6206,45.7,189902.85,244,3.94,6403,135.8,4155.42,96.92
2025-05-12,São Paulo,Operação A,21977,132.3,798532.64,656,2.99,21050,166.11,6035.77,104.4
2025-05-12,São Paulo,Operação B,15166,99.3,689154.12,629,4.15,15803,152.73,6940.12,95.97
2025-05-12,São Paulo,Operação C,14190,82.1,682641.89,712,5.02,13069,172.84,8314.76,108.58
2025-05-12,Rio de Janeiro,Operação A,19073,123.8,1016531.42,613,3.22,19702,154.06,8211.08,96.81
2025-05-12,Rio de Janeiro,Operação B,14477,86.1,574327.99,552,3.82,13696,168.14,6670.48,105.7
2025-05-12,Rio de Janeiro,Operação C,11342,70.1,534688.29,391,3.45,11163,161.8,7627.51,101.6
2025-05-12,Curitiba,Operação A,14591,85.9,681146.5,317,2.18,13666,169.86,7929.53,106.77
2025-05-12,Curitiba,Operação B,12570,77.9,536318.55,546,4.35,12397,161.36,6884.71,101.4
2025-05-12,Curitiba,Operação C,8646,56.6,296197.09,264,3.06,9006,152.76,5233.16,96.0
2025-05-12,Belo Horizonte,Operação A,14590,89.5,534570.31,453,3.11,14240,163.02,5972.85,102.46
2025-05-12,Belo Horizonte,Operação B,8982,59.3,391213.49,230,2.56,9436,151.47,6597.19,95.19
2025-05-12,Belo Horizonte,Operação C,11312,69.1,478976.99,370,3.28,11002,163.7,6931.65,102.82
2025-05-12,Campinas,Operação A,13208,76.1,572437.59,521,3.95,12118,173.56,7522.18,108.99
2025-05-12,Campinas,Operação B,10245,60.0,416443.77,358,3.5,9552,170.75,6940.73,107.26
2025-05-12,Campinas,Operação C,8310,52.2,326113.92,321,3.87,8308,159.2,6247.39,100.02
2025-05-13,São Paulo,Operação A,22589,127.0,835199.78,1023,4.53,20204,177.87,6576.38,111.8
2025-05-13,São Paulo,Operação B,17171,100.3,658939.51,620,3.61,15946,171.2,6569.69,107.68
2025-05-13,São Paulo,Operação C,13605,92.4,604511.9,622,4.58,14693,147.24,6542.34,92.6
2025-05-13,Rio de Janeiro,Operação A,18449,102.5,760859.38,771,4.18,16301,179.99,7423.02,113.18
2025-05-13,Rio de Janeiro,Operação B,14348,74.7,688443.34,469,3.27,11874,192.07,9216.11,120.84
2025-05-13,Rio de Janeiro,Operação C,10992,65.6,398177.48,423,3.86,10427,167.56,6069.78,105.42
2025-05-13,Curitiba,Operação A,13470,87.8,626137.7,558,4.14,13955,153.42,7131.41,96.52
2025-05-13,Curitiba,Operação B,13258,80.6,481767.93,567,4.28,12822,164.49,5977.27,103.4
2025-05-13,Curitiba,Operação C,9353,63.1,443408.5,484,5.18,10027,148.23,7027.08,93.28
2025-05-13,Belo Horizonte,Operação A,15108,79.9,640054.33,482,3.2,12701,189.09,8010.69,118.95
2025-05-13,Belo Horizonte,Operação B,11958,65.3,464920.16,488,4.09,10382,183.12,7119.76,115.18
2025-05-13,Belo Horizonte,Operação C,9132,57.4,421176.96,291,3.2,9131,159.09,7337.58,100.01
2025-05-13,Campinas,Operação A,12041,67.9,582659.04,483,4.02,10796,177.33,8581.13,111.53
2025-05-13,Campinas,Operação B,9018,56.9,381638.7,338,3.76,9051,158.49,6707.18,99.64
2025-05-13,Campinas,Operação C,8149,47.2,345045.39,173,2.13,7507,172.65,7310.28,108.55
2025-05-14,São Paulo,Operação A,17641,111.4,735780.87,884,5.01,17696,158.36,6604.86,99.69
2025-05-14,São Paulo,Operação B,16096,104.2,690237.09,518,3.22,16551,154.47,6624.16,97.25
2025-05-14,São Paulo,Operação C,15800,92.5,740023.38,549,3.48,14693,170.81,8000.25,107.53
2025-05-14,Rio de Janeiro,Operação A,20117,115.2,787987.75,1059,5.27,18305,174.63,6840.17,109.9
2025-05-14,Rio de Janeiro,Operação B,14298,92.5,695049.4,738,5.16,14696,154.57,7514.05,97.29
2025-05-14,Rio de Janeiro,Operação C,12536,79.1,517868.43,510,4.07,12575,158.48,6547.01,99.69
2025-05-14,Curitiba,Operação A,16018,93.8,679273.61,752,4.7,14906,170.77,7241.72,107.46
2025-05-14,Curitiba,Operação B,12606,71.6,514926.72,484,3.84,11378,176.06,7191.71,110.79
2025-05-14,Curitiba,Operação C,10491,64.1,424785.35,480,4.58,10192,163.67,6626.92,102.93
2025-05-14,Belo Horizonte,Operação A,11680,75.0,589652.82,500,4.28,11920,155.73,7862.04,97.99
2025-05-14,Belo Horizonte,Operação B,8358,53.0,290457.57,228,2.74,8422,157.7,5480.33,99.24
2025-05-14,Belo Horizonte,Operação C,7317,45.0,273891.65,259,3.55,7150,162.6,6086.48,102.34
2025-05-14,Campinas,Operação A,9801,59.3,395375.62,460,4.7,9430,165.28,6667.38,103.93
2025-05-14,Campinas,Operação B,12364,71.4,503134.99,629,5.09,11341,173.17,7046.71,109.02
2025-05-14,Campinas,Operação C,6662,45.0,277571.35,353,5.3,7150,148.04,6168.25,93.17
2025-05-15,São Paulo,Operação A,18859,116.5,683306.05,802,4.26,18488,161.88,5865.29,102.01
2025-05-15,São Paulo,Operação B,18898,109.2,746151.95,554,2.93,17331,173.06,6832.89,109.04
2025-05-15,São Paulo,Operação C,13390,81.1,504513.38,342,2.56,12882,165.1,6220.88,103.94
2025-05-15,Rio de Janeiro,Operação A,15964,100.8,636134.84,618,3.87,15996,158.37,6310.86,99.8
2025-05-15,Rio de Janeiro,Operação B,14587,90.8,623332.44,394,2.71,14407,160.65,6864.89,101.25
2025-05-15,Rio de Janeiro,Operação C,13280,80.1,477918.15,570,4.3,12718,165.79,5966.52,104.42
2025-05-15,Curitiba,Operação A,12992,78.7,606176.15,550,4.24,12493,165.08,7702.37,103.99
2025-05-15,Curitiba,Operação B,11837,74.0,542016.79,478,4.04,11754,159.96,7324.55,100.71
2025-05-15,Curitiba,Operação C,9390,60.6,316542.34,340,3.62,9622,154.95,5223.47,97.59
2025-05-15,Belo Horizonte,Operação A,14092,79.6,612103.22,643,4.57,12633,177.04,7689.74,111.55
2025-05-15,Belo Horizonte,Operação B,11480,64.8,457872.16,473,4.12,10290,177.16,7065.93,111.56
2025-05-15,Belo Horizonte,Operação C,8524,51.1,290338.08,280,3.29,8116,166.81,5681.76,105.03
2025-05-15,Campinas,Operação A,11666,73.8,440954.38,487,4.18,11717,158.08,5974.99,99.56
2025-05-15,Campinas,Operação B,9628,60.8,405989.5,540,5.61,9648,158.36,6677.46,99.79
2025-05-15,Campinas,Operação C,11033,62.2,482607.53,400,3.63,9873,177.38,7758.96,111.75
2025-05-16,São Paulo,Operação A,15783,101.1,632546.38,315,2.0,16036,156.11,6256.64,98.42
2025-05-16,São Paulo,Operação B,13326,94.4,557649.19,553,4.16,14972,141.17,5907.3,89.01
2025-05-16,São Paulo,Operação C,16519,97.9,630140.62,322,1.95,15535,168.73,6436.57,106.33
2025-05-16,Rio de Janeiro,Operação A,13654,91.4,524922.04,460,3.37,14502,149.39,5743.13,94.15
2025-05-16,Rio de Janeiro,Operação B,13943,83.1,572651.64,489,3.51,13180,167.79,6891.11,105.79
2025-05-16,Rio de Janeiro,Operação C,13134,87.4,573625.06,458,3.49,13855,150.27,6563.22,94.8
2025-05-16,Curitiba,Operação A,14365,82.5,653838.15,394,2.74,13091,174.12,7925.31,109.73
2025-05-16,Curitiba,Operação B,12120,72.5,495804.63,480,3.97,11503,167.17,6838.68,105.36
2025-05-16,Curitiba,Operação C,12373,66.9,443929.43,420,3.4,10613,184.95,6635.72,116.58
2025-05-16,Belo Horizonte,Operação A,12606,73.8,447907.72,476,3.78,11704,170.81,6069.21,107.71
2025-05-16,Belo Horizonte,Operação B,10150,65.3,367572.17,317,3.13,10355,155.44,5628.98,98.02
2025-05-16,Belo Horizonte,Operação C,11277,68.9,501947.41,544,4.83,10932,163.67,7285.16,103.16
2025-05-16,Campinas,Operação A,11429,72.6,501378.9,350,3.06,11510,157.42,6906.05,99.3
2025-05-16,Campinas,Operação B,8490,58.0,388035.7,270,3.19,9194,146.38,6690.27,92.34
2025-05-16,Campinas,Operação C,8420,55.4,368322.72,243,2.89,8786,151.99,6648.42,95.83
2025-05-17,São Paulo,Operação A,17877,116.9,807379.62,622,3.48,16299,152.93,6906.58,109.68
2025-05-17,São Paulo,Operação B,15707,90.1,769382.83,640,4.08,12567,174.33,8539.21,124.99
2025-05-17,São Paulo,Operação C,12140,84.9,483491.5,547,4.51,11843,142.99,5694.84,102.51
2025-05-17,Rio de Janeiro,Operação A,14377,105.6,576761.82,632,4.4,14721,136.15,5461.76,97.66
2025-05-17,Rio de Janeiro,Operação B,16174,101.4,728284.95,533,3.3,14140,159.51,7182.3,114.38
2025-05-17,Rio de Janeiro,Operação C,8338,56.7,350135.01,301,3.61,7904,147.05,6175.22,105.49
2025-05-17,Curitiba,Operação A,11143,85.2,492850.81,446,4.01,11887,130.79,5784.63,93.74
2025-05-17,Curitiba,Operação B,12073,78.6,536236.86,382,3.17,10957,153.6,6822.35,110.19
2025-05-17,Curitiba,Operação C,9346,64.4,396558.24,401,4.3,8987,145.12,6157.74,103.99
2025-05-17,Belo Horizonte,Operação A,13973,84.7,710189.96,497,3.56,11806,164.97,8384.77,118.36
2025-05-17,Belo Horizonte,Operação B,7045,45.0,280662.19,201,2.86,6275,156.56,6236.94,112.27
2025-05-17,Belo Horizonte,Operação C,8172,58.5,363237.88,184,2.25,8164,139.69,6209.19,100.1
2025-05-17,Campinas,Operação A,9323,63.2,414796.83,374,4.01,8810,147.52,6563.24,105.82
2025-05-17,Campinas,Operação B,7515,56.0,300400.56,277,3.69,7807,134.2,5364.3,96.26
2025-05-17,Campinas,Operação C,7964,64.5,327456.46,193,2.43,8997,123.47,5076.84,88.52
2025-05-18,São Paulo,Operação A,16340,106.3,721876.66,630,3.86,14811,153.72,6790.94,110.32
2025-05-18,São Paulo,Operação B,15157,108.9,610364.05,795,5.25,15178,139.18,5604.81,99.86
2025-05-18,São Paulo,Operação C,13392,88.5,562805.85,270,2.02,12326,151.32,6359.39,108.65
2025-05-18,Rio de Janeiro,Operação A,12351,89.4,570917.63,510,4.13,12457,138.15,6386.1,99.15
2025-05-18,Rio de Janeiro,Operação B,12945,96.6,627359.88,353,2.73,13458,134.01,6494.41,96.19
2025-05-18,Rio de Janeiro,Operação C,11633,80.9,480495.3,531,4.57,11266,143.79,5939.37,103.26
2025-05-18,Curitiba,Operação A,10420,79.9,438473.41,331,3.18,11136,130.41,5487.78,93.57
2025-05-18,Curitiba,Operação B,14692,97.4,593007.87,390,2.66,13575,150.84,6088.38,108.23
2025-05-18,Curitiba,Operação C,6919,51.8,293779.13,321,4.64,7214,133.57,5671.41,95.91
2025-05-18,Belo Horizonte,Operação A,12873,88.0,524025.45,478,3.72,12261,146.28,5954.83,104.99
2025-05-18,Belo Horizonte,Operação B,10655,66.1,439446.71,365,3.43,9204,161.2,6648.21,115.76
2025-05-18,Belo Horizonte,Operação C,6506,45.8,295020.66,172,2.65,6384,142.05,6441.5,101.91
2025-05-18,Campinas,Operação A,9948,65.5,359056.86,432,4.35,9121,151.88,5481.78,109.07
2025-05-18,Campinas,Operação B,8091,57.8,303448.8,307,3.8,8049,139.98,5249.98,100.52
2025-05-18,Campinas,Operação C,10832,71.3,417496.25,477,4.41,9939,151.92,5855.49,108.98
2025-05-19,São Paulo,Operação A,20722,115.7,937187.79,237,1.15,18293,179.1,8100.15,113.28
2025-05-19,São Paulo,Operação B,16635,95.5,708761.27,445,2.68,15100,174.19,7421.58,110.17
2025-05-19,São Paulo,Operação C,12147,85.8,505880.12,639,5.27,13565,141.57,5896.04,89.55
2025-05-19,Rio de Janeiro,Operação A,20615,109.4,938592.46,890,4.32,17298,188.44,8579.46,119.18
2025-05-19,Rio de Janeiro,Operação B,17449,104.0,719790.28,754,4.33,16452,167.78,6921.06,106.06
2025-05-19,Rio de Janeiro,Operação C,14144,89.6,553224.51,510,3.61,14164,157.86,6174.38,99.86
2025-05-19,Curitiba,Operação A,15650,90.7,568147.11,787,5.03,14344,172.55,6264.03,109.1
2025-05-19,Curitiba,Operação B,11118,69.3,426813.16,629,5.66,10963,160.43,6158.92,101.41
2025-05-19,Curitiba,Operação C,10242,66.6,465557.22,421,4.12,10540,153.78,6990.35,97.17
2025-05-19,Belo Horizonte,Operação A,13644,78.8,528006.87,423,3.11,12470,173.15,6700.59,109.41
2025-05-19,Belo Horizonte,Operação B,8249,55.6,406102.59,397,4.81,8798,148.36,7304.0,93.76
2025-05-19,Belo Horizonte,Operação C,11275,61.8,466330.64,372,3.31,9774,182.44,7545.8,115.36
2025-05-19,Campinas,Operação A,11522,71.1,474006.03,508,4.41,11249,162.05,6666.75,102.43
2025-05-19,Campinas,Operação B,10733,62.6,495065.23,408,3.81,9893,171.45,7908.39,108.49
2025-05-19,Campinas,Operação C,7002,47.3,298251.05,235,3.36,7485,148.03,6305.52,93.55
2025-05-20,São Paulo,Operação A,19325,118.5,1011360.24,470,2.44,18722,163.08,8534.69,103.22
2025-05-20,São Paulo,Operação B,14798,88.6,599234.8,555,3.75,13995,167.02,6763.37,105.74
2025-05-20,São Paulo,Operação C,16779,94.3,603559.03,512,3.05,14898,177.93,6400.41,112.63
2025-05-20,Rio de Janeiro,Operação A,18367,106.7,932562.35,783,4.26,16865,172.14,8740.04,108.91
2025-05-20,Rio de Janeiro,Operação B,13749,89.8,546424.32,416,3.03,14190,153.11,6084.9,96.89
2025-05-20,Rio de Janeiro,Operação C,13956,84.0,512260.59,439,3.15,13267,166.14,6098.34,105.19
2025-05-20,Curitiba,Operação A,15226,91.0,674124.73,579,3.81,14381,167.32,7407.96,105.88
2025-05-20,Curitiba,Operação B,14139,85.2,572006.09,391,2.77,13460,165.95,6713.69,105.04
2025-05-20,Curitiba,Operação C,9029,66.7,372562.22,301,3.34,10538,135.37,5585.64,85.68
2025-05-20,Belo Horizonte,Operação A,10779,70.6,487627.19,397,3.68,11156,152.68,6906.9,96.62
2025-05-20,Belo Horizonte,Operação B,11743,70.4,497556.9,527,4.49,11126,166.8,7067.57,105.55
2025-05-20,Belo Horizonte,Operação C,9119,62.2,442458.62,346,3.8,9828,146.61,7113.48,92.79
2025-05-20,Campinas,Operação A,9920,66.6,432349.88,337,3.41,10523,148.95,6491.74,94.27
2025-05-20,Campinas,Operação B,11554,72.5,446567.61,487,4.22,11459,159.37,6159.55,100.83
2025-05-20,Campinas,Operação C,10011,60.6,447546.04,347,3.47,9575,165.2,7385.25,104.55
2025-05-21,São Paulo,Operação A,21085,119.5,938309.35,709,3.36,18866,176.44,7851.96,111.76
2025-05-21,São Paulo,Operação B,15240,112.0,765174.39,325,2.14,17675,136.07,6831.91,86.22
2025-05-21,São Paulo,Operação C,13957,85.8,578016.28,600,4.31,13546,162.67,6736.79,103.03
2025-05-21,Rio de Janeiro,Operação A,15999,96.3,634954.74,597,3.74,15206,166.14,6593.51,105.22
2025-05-21,Rio de Janeiro,Operação B,14735,89.7,586457.43,455,3.09,14167,164.27,6537.99,104.01
2025-05-21,Rio de Janeiro,Operação C,14153,81.4,560556.21,396,2.8,12847,173.87,6886.44,110.17
2025-05-21,Curitiba,Operação A,14511,89.2,657667.43,402,2.78,14075,162.68,7372.95,103.1
2025-05-21,Curitiba,Operação B,9633,61.3,375056.9,331,3.44,9683,157.15,6118.38,99.48
2025-05-21,Curitiba,Operação C,10378,60.5,423914.31,375,3.62,9548,171.54,7006.85,108.69
2025-05-21,Belo Horizonte,Operação A,13436,81.3,563015.21,525,3.91,12827,165.26,6925.16,104.75
2025-05-21,Belo Horizonte,Operação B,11485,64.1,471503.47,281,2.45,10123,179.17,7355.75,113.45
2025-05-21,Belo Horizonte,Operação C,9611,62.7,429240.12,506,5.27,9890,153.29,6845.93,97.18
2025-05-21,Campinas,Operação A,10886,65.2,380770.26,420,3.86,10295,166.96,5840.03,105.74
2025-05-21,Campinas,Operação B,8626,55.3,324293.21,352,4.09,8729,155.99,5864.25,98.82
2025-05-21,Campinas,Operação C,9994,61.2,385191.68,476,4.77,9656,163.3,6293.98,103.5
2025-05-22,São Paulo,Operação A,15575,112.6,682707.64,407,2.62,17761,138.32,6063.12,87.69
2025-05-22,São Paulo,Operação B,17355,109.4,770819.77,802,4.62,17256,158.64,7045.88,100.57
2025-05-22,São Paulo,Operação C,12792,81.7,533392.06,605,4.73,12890,156.57,6528.67,99.24
2025-05-22,Rio de Janeiro,Operação A,15480,99.1,679766.46,470,3.04,15631,156.21,6859.4,99.03
2025-05-22,Rio de Janeiro,Operação B,13257,91.3,674215.49,321,2.42,14393,145.2,7384.62,92.11
2025-05-22,Rio de Janeiro,Operação C,12539,77.1,622570.79,305,2.44,12162,162.63,8074.85,103.1
2025-05-22,Curitiba,Operação A,16946,98.8,740004.39,459,2.71,15574,171.52,7489.92,108.81
2025-05-22,Curitiba,Operação B,12036,77.8,566494.14,327,2.72,12269,154.7,7281.42,98.1
2025-05-22,Curitiba,Operação C,10047,64.2,382287.43,411,4.09,10117,156.5,5954.63,99.31
2025-05-22,Belo Horizonte,Operação A,14830,83.9,517277.81,645,4.35,13231,176.76,6165.41,112.09
2025-05-22,Belo Horizonte,Operação B,13767,87.2,682576.04,452,3.29,13757,157.88,7827.71,100.07
2025-05-22,Belo Horizonte,Operação C,8249,51.7,381044.54,233,2.83,8157,159.56,7370.3,101.13
2025-05-22,Campinas,Operação A,11291,66.5,474360.21,447,3.97,10490,169.79,7133.24,107.64
2025-05-22,Campinas,Operação B,10639,63.2,428440.99,392,3.69,9961,168.34,6779.13,106.81
2025-05-22,Campinas,Operação C,8461,47.6,333895.61,372,4.4,7511,177.75,7014.61,112.65
2025-05-23,São Paulo,Operação A,19191,116.2,768026.54,515,2.69,18313,165.15,6609.52,104.79
2025-05-23,São Paulo,Operação B,13612,90.3,554067.81,499,3.67,14224,150.74,6135.86,95.7
2025-05-23,São Paulo,Operação C,15341,97.3,590201.36,359,2.35,15324,157.67,6065.79,100.11
2025-05-23,Rio de Janeiro,Operação A,19121,107.1,899936.0,777,4.07,16871,178.53,8402.76,113.34
2025-05-23,Rio de Janeiro,Operação B,17243,94.7,747110.32,692,4.02,14914,182.08,7889.23,115.62
2025-05-23,Rio de Janeiro,Operação C,11359,77.1,446006.64,396,3.49,12151,147.33,5784.78,93.48
2025-05-23,Curitiba,Operação A,15758,85.3,666959.06,700,4.44,13437,184.74,7818.98,117.27
2025-05-23,Curitiba,Operação B,11267,70.8,413318.28,327,2.91,11147,159.14,5837.83,101.08
2025-05-23,Curitiba,Operação C,11179,68.6,511682.44,407,3.65,10812,162.96,7458.93,103.39
2025-05-23,Belo Horizonte,Operação A,14549,77.7,605593.19,644,4.43,12239,187.25,7793.99,118.87
2025-05-23,Belo Horizonte,Operação B,11430,66.9,522488.88,419,3.67,10538,170.85,7810.0,108.46
2025-05-23,Belo Horizonte,Operação C,7335,45.0,344171.7,287,3.92,7089,163.0,7648.26,103.47
2025-05-23,Campinas,Operação A,10572,73.8,413557.4,404,3.83,11634,143.25,5603.76,90.87
2025-05-23,Campinas,Operação B,11370,64.4,470951.46,434,3.82,10141,176.55,7312.91,112.12
2025-05-23,Campinas,Operação C,8219,54.2,271036.6,316,3.84,8544,151.64,5000.68,96.2
2025-05-24,São Paulo,Operação A,16306,119.1,579243.06,652,4.0,16494,136.91,4863.5,98.86
2025-05-24,São Paulo,Operação B,14964,100.6,740062.49,267,1.79,13938,148.75,7356.49,107.36
2025-05-24,São Paulo,Operação C,12029,85.3,575218.42,263,2.19,11814,141.02,6743.48,101.82
2025-05-24,Rio de Janeiro,Operação A,16944,117.3,705141.46,566,3.34,16243,144.45,6011.44,104.32
2025-05-24,Rio de Janeiro,Operação B,13386,87.1,504999.12,505,3.78,12069,153.69,5797.92,110.91
2025-05-24,Rio de Janeiro,Operação C,10389,76.7,543800.78,398,3.84,10620,135.45,7089.97,97.82
2025-05-24,Curitiba,Operação A,13776,89.2,500269.93,675,4.9,12348,154.44,5608.41,111.56
2025-05-24,Curitiba,Operação B,7615,56.2,305847.9,301,3.97,7788,135.5,5442.13,97.78
2025-05-24,Curitiba,Operação C,9402,66.5,394432.8,255,2.72,9206,141.38,5931.32,102.13
2025-05-24,Belo Horizonte,Operação A,10478,69.7,469150.61,499,4.77,9649,150.33,6731.0,108.59
2025-05-24,Belo Horizonte,Operação B,9628,64.2,393449.89,428,4.45,8887,149.97,6128.5,108.34
2025-05-24,Belo Horizonte,Operação C,9946,68.5,404224.13,424,4.27,9485,145.2,5901.08,104.86
2025-05-24,Campinas,Operação A,10253,75.3,376170.32,335,3.27,10422,136.16,4995.62,98.38
2025-05-24,Campinas,Operação B,11147,72.1,418577.54,286,2.57,9986,154.6,5805.51,111.63
2025-05-24,Campinas,Operação C,8305,63.0,365728.79,249,3.01,8731,131.83,5805.22,95.12
2025-05-25,São Paulo,Operação A,17474,129.2,813824.4,637,3.65,17874,135.25,6298.95,97.76
2025-05-25,São Paulo,Operação B,12850,104.3,426470.25,427,3.32,14425,123.2,4088.88,89.08
2025-05-25,São Paulo,Operação C,12107,91.9,455770.76,478,3.95,12718,131.74,4959.42,95.2
2025-05-25,Rio de Janeiro,Operação A,15244,107.7,687821.58,390,2.56,14896,141.54,6386.46,102.34
2025-05-25,Rio de Janeiro,Operação B,13985,87.7,591191.94,503,3.6,12134,159.46,6741.07,115.25
2025-05-25,Rio de Janeiro,Operação C,12318,95.5,556597.72,595,4.83,13215,128.98,5828.25,93.21
2025-05-25,Curitiba,Operação A,12518,82.6,476584.32,369,2.95,11427,151.55,5769.79,109.55
2025-05-25,Curitiba,Operação B,11547,76.5,536747.82,549,4.76,10583,150.94,7016.31,109.11
2025-05-25,Curitiba,Operação C,9987,64.5,405779.61,421,4.22,8919,154.84,6291.16,111.97
2025-05-25,Belo Horizonte,Operação A,12030,81.6,525639.2,266,2.22,11290,147.43,6441.66,106.55
2025-05-25,Belo Horizonte,Operação B,8903,61.8,313838.62,370,4.16,8554,144.06,5078.29,104.08
2025-05-25,Belo Horizonte,Operação C,9861,67.4,369939.99,454,4.6,9330,146.31,5488.72,105.69
2025-05-25,Campinas,Operação A,12275,85.0,540617.29,449,3.66,11758,144.41,6360.2,104.4
2025-05-25,Campinas,Operação B,9245,65.2,387011.81,390,4.22,9022,141.79,5935.76,102.47
2025-05-25,Campinas,Operação C,9096,70.5,378254.89,232,2.56,9759,129.02,5365.32,93.21
2025-05-26,São Paulo,Operação A,20076,129.0,727297.2,805,4.01,20262,155.63,5637.96,99.08
2025-05-26,São Paulo,Operação B,19480,114.7,834117.85,745,3.83,18015,169.83,7272.17,108.13
2025-05-26,São Paulo,Operação C,15251,100.1,633718.88,478,3.14,15721,152.36,6330.86,97.01
2025-05-26,Rio de Janeiro,Operação A,15151,95.6,703474.33,598,3.95,15007,158.48,7358.52,100.96
2025-05-26,Rio de Janeiro,Operação B,15527,94.7,684636.59,443,2.86,14874,163.96,7229.53,104.39
2025-05-26,Rio de Janeiro,Operação C,12698,77.2,547411.59,476,3.76,12126,164.48,7090.82,104.72
2025-05-26,Curitiba,Operação A,13256,83.9,724189.66,560,4.23,13177,158.0,8631.58,100.6
2025-05-26,Curitiba,Operação B,12243,76.7,492108.91,415,3.4,12044,159.62,6416.02,101.65
2025-05-26,Curitiba,Operação C,9441,67.0,337255.57,282,2.99,10521,140.91,5033.67,89.73
2025-05-26,Belo Horizonte,Operação A,13021,81.6,623868.47,301,2.31,12816,159.57,7645.45,101.6
2025-05-26,Belo Horizonte,Operação B,11570,64.4,492008.2,486,4.21,10120,179.66,7639.88,114.33
2025-05-26,Belo Horizonte,Operação C,11687,75.7,486211.25,383,3.28,11888,154.39,6422.87,98.31
2025-05-26,Campinas,Operação A,9056,57.0,412267.6,356,3.93,8958,158.88,7232.76,101.09
2025-05-26,Campinas,Operação B,10403,65.8,409624.48,469,4.52,10339,158.1,6225.3,100.62
2025-05-26,Campinas,Operação C,8387,50.6,357733.55,391,4.67,7952,165.75,7069.83,105.47
2025-05-27,São Paulo,Operação A,18379,124.7,684613.84,728,3.96,19559,147.39,5490.09,93.97
2025-05-27,São Paulo,Operação B,16016,102.0,737737.18,584,3.65,16010,157.02,7232.72,100.04
2025-05-27,São Paulo,Operação C,15483,90.6,627054.75,736,4.75,14208,170.89,6921.13,108.97
2025-05-27,Rio de Janeiro,Operação A,16654,98.2,794984.21,399,2.4,15408,169.59,8095.56,108.09
2025-05-27,Rio de Janeiro,Operação B,15371,87.8,716734.02,516,3.36,13774,175.07,8163.26,111.59
2025-05-27,Rio de Janeiro,Operação C,12839,74.2,600020.35,329,2.57,11646,173.03,8086.53,110.24
2025-05-27,Curitiba,Operação A,12587,76.4,560341.05,410,3.26,11992,164.75,7334.31,104.96
2025-05-27,Curitiba,Operação B,12101,78.6,405882.37,382,3.16,12324,153.96,5163.9,98.19
2025-05-27,Curitiba,Operação C,10395,65.4,388415.28,212,2.05,10258,158.94,5939.07,101.34
2025-05-27,Belo Horizonte,Operação A,13190,76.6,620256.98,586,4.45,12010,172.19,8097.35,109.83
2025-05-27,Belo Horizonte,Operação B,9535,64.0,419411.64,382,4.01,10038,148.98,6553.31,94.99
2025-05-27,Belo Horizonte,Operação C,8931,64.1,344133.42,310,3.48,10062,139.33,5368.7,88.76
2025-05-27,Campinas,Operação A,12663,74.1,539152.73,476,3.76,11630,170.89,7276.02,108.88
2025-05-27,Campinas,Operação B,10549,62.1,456259.68,374,3.55,9741,169.87,7347.18,108.29
2025-05-27,Campinas,Operação C,8517,52.2,374223.06,316,3.71,8195,163.16,7169.02,103.93
2025-05-28,São Paulo,Operação A,21354,120.5,919517.24,636,2.98,18890,177.21,7630.85,113.04
2025-05-28,São Paulo,Operação B,15917,108.7,599662.57,599,3.77,17032,146.43,5516.67,93.45
2025-05-28,São Paulo,Operação C,13868,93.8,561220.35,418,3.02,14702,147.85,5983.16,94.33
2025-05-28,Rio de Janeiro,Operação A,17319,100.3,776341.87,603,3.48,15722,172.67,7740.2,110.16
2025-05-28,Rio de Janeiro,Operação B,12666,86.4,603924.25,503,3.97,13536,146.6,6989.86,93.57
2025-05-28,Rio de Janeiro,Operação C,12660,74.4,528163.88,414,3.27,11664,170.16,7098.98,108.54
2025-05-28,Curitiba,Operação A,13498,87.9,548355.9,485,3.6,13777,153.56,6238.41,97.97
2025-05-28,Curitiba,Operação B,11918,70.3,589658.14,345,2.9,11017,169.53,8387.74,108.18
2025-05-28,Curitiba,Operação C,7420,53.3,307174.11,220,2.97,8351,139.21,5763.12,88.85
2025-05-28,Belo Horizonte,Operação A,13338,81.6,474661.17,273,2.05,12789,163.46,5816.93,104.29
2025-05-28,Belo Horizonte,Operação B,11732,71.8,472761.21,255,2.17,11247,163.4,6584.42,104.31
2025-05-28,Belo Horizonte,Operação C,11398,64.6,491389.78,321,2.82,10129,176.44,7606.65,112.53
2025-05-28,Campinas,Operação A,10403,71.0,480949.86,370,3.57,11132,146.52,6773.94,93.45
2025-05-28,Campinas,Operação B,7787,49.1,341484.92,251,3.23,7698,158.59,6954.89,101.16
2025-05-28,Campinas,Operação C,7727,52.2,342044.65,230,2.98,8178,148.03,6552.58,94.49
2025-05-29,São Paulo,Operação A,16193,102.8,743657.03,516,3.19,16089,157.52,7234.02,100.65
2025-05-29,São Paulo,Operação B,19105,114.7,828297.9,649,3.4,17950,166.56,7221.43,106.43
2025-05-29,São Paulo,Operação C,14245,89.7,581066.69,559,3.92,14045,158.81,6477.89,101.42
2025-05-29,Rio de Janeiro,Operação A,14535,97.2,545167.44,746,5.14,15212,149.54,5608.72,95.55
2025-05-29,Rio de Janeiro,Operação B,15515,93.9,586000.64,620,4.0,14701,165.23,6240.69,105.54
2025-05-29,Rio de Janeiro,Operação C,12898,78.6,491330.2,467,3.63,12298,164.1,6251.02,104.88
2025-05-29,Curitiba,Operação A,12538,81.9,563412.9,284,2.27,12821,153.09,6879.28,97.79
2025-05-29,Curitiba,Operação B,13180,77.8,507185.19,374,2.84,12171,169.41,6519.09,108.29
2025-05-29,Curitiba,Operação C,10455,63.4,432717.6,402,3.85,9922,164.91,6825.2,105.37
2025-05-29,Belo Horizonte,Operação A,14430,92.5,507059.81,600,4.16,14479,156.0,5481.73,99.66
2025-05-29,Belo Horizonte,Operação B,13543,81.5,509880.48,460,3.4,12755,166.17,6256.2,106.18
2025-05-29,Belo Horizonte,Operação C,9044,53.5,330963.72,294,3.26,8376,169.05,6186.24,107.98
2025-05-29,Campinas,Operação A,10394,63.7,421316.98,378,3.64,9970,163.17,6614.08,104.25
2025-05-29,Campinas,Operação B,9284,61.7,413207.71,321,3.46,9651,150.47,6697.05,96.2
2025-05-29,Campinas,Operação C,8832,47.2,387775.32,298,3.38,7388,187.12,8215.58,119.55
2025-05-30,São Paulo,Operação A,23309,127.8,965426.2,880,3.78,19981,182.39,7554.2,116.66
2025-05-30,São Paulo,Operação B,15285,95.6,629799.32,557,3.65,14946,159.88,6587.86,102.27
2025-05-30,São Paulo,Operação C,15536,92.5,667280.07,393,2.53,14468,167.96,7213.84,107.38
2025-05-30,Rio de Janeiro,Operação A,15098,97.2,617070.93,655,4.34,15192,155.33,6348.47,99.38
2025-05-30,Rio de Janeiro,Operação B,12927,82.1,592212.22,421,3.26,12831,157.45,7213.3,100.75
2025-05-30,Rio de Janeiro,Operação C,13216,82.6,568646.59,438,3.32,12915,160.0,6884.34,102.33
2025-05-30,Curitiba,Operação A,12903,89.5,523174.74,482,3.74,14001,144.17,5845.53,92.16
2025-05-30,Curitiba,Operação B,13837,77.5,559511.57,648,4.68,12124,178.54,7219.5,114.13
2025-05-30,Curitiba,Operação C,10654,60.3,482305.18,295,2.77,9433,176.68,7998.43,112.94
2025-05-30,Belo Horizonte,Operação A,13251,82.3,589700.49,440,3.32,12869,161.01,7165.26,102.97
2025-05-30,Belo Horizonte,Operação B,11960,67.5,497597.19,497,4.16,10562,177.19,7371.81,113.24
2025-05-30,Belo Horizonte,Operação C,10782,59.8,423588.78,324,3.01,9344,180.3,7083.42,115.39
2025-05-30,Campinas,Operação A,12742,81.4,616767.56,536,4.21,12727,156.54,7577.0,100.12
2025-05-30,Campinas,Operação B,8523,60.4,357307.4,305,3.58,9447,141.11,5915.69,90.22
2025-05-30,Campinas,Operação C,11184,62.3,439084.41,463,4.14,9740,179.52,7047.9,114.83
2025-05-31,São Paulo,Operação A,18818,123.2,827893.39,366,1.95,16938,152.74,6719.91,111.1
2025-05-31,São Paulo,Operação B,13238,101.4,545267.62,567,4.28,13939,130.55,5377.39,94.97
2025-05-31,São Paulo,Operação C,14168,92.3,614423.88,348,2.46,12691,153.5,6656.81,111.64
2025-05-31,Rio de Janeiro,Operação A,12353,86.1,508255.47,335,2.72,11832,143.47,5903.08,104.4
2025-05-31,Rio de Janeiro,Operação B,10548,78.3,434810.02,425,4.03,10761,134.71,5553.13,98.02
2025-05-31,Rio de Janeiro,Operação C,12751,80.7,482722.05,536,4.2,11091,158.0,5981.69,114.97
2025-05-31,Curitiba,Operação A,12689,85.2,510782.25,552,4.36,11710,148.93,5995.1,108.36
2025-05-31,Curitiba,Operação B,10262,75.9,430510.44,339,3.31,10427,135.2,5672.07,98.42
2025-05-31,Curitiba,Operação C,8908,68.4,373090.14,339,3.82,9397,130.23,5454.53,94.8
2025-05-31,Belo Horizonte,Operação A,12493,80.4,563385.47,436,3.49,11049,155.39,7007.28,113.07
2025-05-31,Belo Horizonte,Operação B,10324,71.2,450262.66,210,2.04,9788,145.0,6323.91,105.48
2025-05-31,Belo Horizonte,Operação C,7537,59.2,355091.61,260,3.45,8140,127.31,5998.17,92.59
2025-05-31,Campinas,Operação A,10471,69.4,457470.65,271,2.6,9535,150.88,6591.8,109.82
2025-05-31,Campinas,Operação B,8461,61.0,296320.03,249,2.95,8384,138.7,4857.71,100.92
2025-05-31,Campinas,Operação C,7443,52.8,268477.01,329,4.42,7262,140.97,5084.79,102.49
2025-06-01,São Paulo,Operação A,16665,117.2,726636.77,478,2.87,16085,142.19,6199.97,103.61
2025-06-01,São Paulo,Operação B,14609,105.7,561185.13,578,3.96,14511,138.21,5309.23,100.68
2025-06-01,São Paulo,Operação C,15002,100.6,685470.04,462,3.08,13817,149.13,6813.82,108.58
2025-06-01,Rio de Janeiro,Operação A,14499,92.5,728111.65,686,4.73,12706,156.75,7871.48,114.11
2025-06-01,Rio de Janeiro,Operação B,11455,87.8,432280.42,246,2.15,12061,130.47,4923.47,94.98
2025-06-01,Rio de Janeiro,Operação C,12408,78.6,514105.0,464,3.74,10794,157.86,6540.78,114.95
2025-06-01,Curitiba,Operação A,13027,94.5,653201.47,663,5.09,12974,137.85,6912.18,100.41
2025-06-01,Curitiba,Operação B,9921,72.9,444351.19,319,3.22,10006,136.09,6095.35,99.15
2025-06-01,Curitiba,Operação C,8788,56.8,411856.56,318,3.62,7804,154.72,7251.0,112.61
2025-06-01,Belo Horizonte,Operação A,9246,71.3,392297.77,286,3.1,9791,129.68,5502.07,94.43
2025-06-01,Belo Horizonte,Operação B,10232,67.3,459751.56,470,4.6,9241,152.04,6831.38,110.72
2025-06-01,Belo Horizonte,Operação C,7532,54.4,339210.6,290,3.86,7468,138.46,6235.49,100.86
2025-06-01,Campinas,Operação A,11895,81.5,587523.03,467,3.93,11182,145.95,7208.87,106.38
2025-06-01,Campinas,Operação B,9558,68.9,401982.23,404,4.23,9464,138.72,5834.28,100.99
2025-06-01,Campinas,Operação C,9753,65.4,406381.3,448,4.6,8980,149.13,6213.78,108.61
2025-06-02,São Paulo,Operação A,14866,102.5,664904.7,521,3.51,15977,145.03,6486.88,93.05
2025-06-02,São Paulo,Operação B,17265,106.7,764559.51,491,2.85,16633,161.81,7165.51,103.8
2025-06-02,São Paulo,Operação C,16223,94.2,760569.97,829,5.11,14678,172.22,8073.99,110.53
2025-06-02,Rio de Janeiro,Operação A,17304,105.4,621340.09,532,3.07,16431,164.17,5895.07,105.31
2025-06-02,Rio de Janeiro,Operação B,15359,88.8,607540.53,635,4.14,13845,172.96,6841.67,110.94
2025-06-02,Rio de Janeiro,Operação C,12621,79.4,542647.16,402,3.19,12367,158.95,6834.35,102.05
2025-06-02,Curitiba,Operação A,11609,81.9,476064.0,361,3.12,12757,141.75,5812.75,91.0
2025-06-02,Curitiba,Operação B,11632,70.2,519188.83,428,3.69,10937,165.7,7395.85,106.35
2025-06-02,Curitiba,Operação C,12046,71.9,491715.01,377,3.13,11206,167.54,6838.87,107.5
2025-06-02,Belo Horizonte,Operação A,13792,82.3,656380.27,614,4.45,12832,167.58,7975.46,107.48
2025-06-02,Belo Horizonte,Operação B,10537,65.9,470836.06,458,4.35,10271,159.89,7144.71,102.59
2025-06-02,Belo Horizonte,Operação C,10886,67.9,402606.84,294,2.7,10582,160.32,5929.41,102.87
2025-06-02,Campinas,Operação A,11976,72.6,450360.86,423,3.54,11318,164.96,6203.32,105.81
2025-06-02,Campinas,Operação B,9759,65.9,453012.67,312,3.2,10272,148.09,6874.24,95.01
2025-06-02,Campinas,Operação C,9754,62.9,369613.18,305,3.13,9805,155.07,5876.2,99.48
2025-06-03,São Paulo,Operação A,18339,117.2,754393.0,690,3.77,18244,156.48,6436.8,100.52
2025-06-03,São Paulo,Operação B,16218,101.3,570275.07,618,3.81,15768,160.1,5629.57,102.85
2025-06-03,São Paulo,Operação C,16031,89.6,613053.32,329,2.05,13942,178.92,6842.11,114.98
2025-06-03,Rio de Janeiro,Operação A,17801,108.1,675837.54,405,2.28,16819,164.67,6251.97,105.84
2025-06-03,Rio de Janeiro,Operação B,17846,101.0,571967.39,559,3.13,15715,176.69,5663.04,113.56
2025-06-03,Rio de Janeiro,Operação C,14152,91.0,566611.42,463,3.27,14168,155.52,6226.5,99.89
2025-06-03,Curitiba,Operação A,10910,77.0,504153.16,220,2.03,11989,141.69,6547.44,91.0
2025-06-03,Curitiba,Operação B,12902,75.5,466989.11,356,2.76,11756,170.89,6185.29,109.75
2025-06-03,Curitiba,Operação C,12252,73.4,484332.06,546,4.46,11430,166.92,6598.53,107.19
2025-06-03,Belo Horizonte,Operação A,14519,88.6,557520.29,460,3.17,13791,163.87,6292.55,105.28
2025-06-03,Belo Horizonte,Operação B,11380,71.7,520701.33,259,2.28,11161,158.72,7262.22,101.96
2025-06-03,Belo Horizonte,Operação C,8286,50.9,331720.25,248,3.0,7919,162.79,6517.1,104.63
2025-06-03,Campinas,Operação A,9397,58.3,392691.04,378,4.02,9082,161.18,6735.7,103.47
2025-06-03,Campinas,Operação B,9876,62.0,461288.23,241,2.45,9647,159.29,7440.13,102.37
2025-06-03,Campinas,Operação C,8219,57.9,317636.01,207,2.53,9008,141.95,5485.94,91.24
2025-06-04,São Paulo,Operação A,19725,123.3,827384.59,515,2.61,19177,159.98,6710.34,102.86
2025-06-04,São Paulo,Operação B,15267,100.4,664630.83,413,2.71,15609,152.06,6619.83,97.81
2025-06-04,São Paulo,Operação C,14111,99.5,547138.79,683,4.84,15470,141.82,5498.88,91.22
2025-06-04,Rio de Janeiro,Operação A,14686,100.7,629681.14,458,3.12,15653,145.84,6253.04,93.82
2025-06-04,Rio de Janeiro,Operação B,12511,84.3,664002.49,412,3.3,13113,148.41,7876.66,95.41
2025-06-04,Rio de Janeiro,Operação C,11693,65.9,519687.01,337,2.89,10245,177.44,7885.99,114.13
2025-06-04,Curitiba,Operação A,13178,78.3,540460.44,258,1.96,12179,168.3,6902.43,108.2
2025-06-04,Curitiba,Operação B,13444,86.3,645073.87,608,4.52,13418,155.78,7474.78,100.19
2025-06-04,Curitiba,Operação C,9980,57.9,393154.41,200,2.01,9007,172.37,6790.23,110.8
2025-06-04,Belo Horizonte,Operação A,12744,77.2,511659.54,414,3.25,11999,165.08,6627.71,106.21
2025-06-04,Belo Horizonte,Operação B,12576,77.7,485770.72,510,4.06,12080,161.85,6251.88,104.11
2025-06-04,Belo Horizonte,Operação C,8297,62.7,362690.18,316,3.81,9751,132.33,5784.53,85.09
2025-06-04,Campinas,Operação A,12095,70.9,475459.6,455,3.77,11017,170.59,6706.06,109.78
2025-06-04,Campinas,Operação B,8349,50.5,415882.38,225,2.7,7856,165.33,8235.29,106.28
2025-06-04,Campinas,Operação C,7450,48.8,316773.95,197,2.65,7587,152.66,6491.27,98.19
2025-06-05,São Paulo,Operação A,20536,120.8,906405.42,428,2.09,18762,170.0,7503.36,109.46
2025-06-05,São Paulo,Operação B,18717,109.5,848266.52,710,3.8,16998,170.93,7746.73,110.11
2025-06-05,São Paulo,Operação C,15784,91.7,784370.95,432,2.74,14246,172.13,8553.66,110.8
2025-06-05,Rio de Janeiro,Operação A,17747,111.3,736168.77,402,2.27,17279,159.45,6614.27,102.71
2025-06-05,Rio de Janeiro,Operação B,13165,88.2,528503.43,345,2.62,13697,149.26,5992.1,96.12
2025-06-05,Rio de Janeiro,Operação C,11884,76.2,503727.34,262,2.21,11838,155.96,6610.6,100.39
2025-06-05,Curitiba,Operação A,12298,74.8,477288.42,536,4.36,11607,164.41,6380.86,105.95
2025-06-05,Curitiba,Operação B,12608,75.4,600680.04,410,3.25,11704,167.21,7966.58,107.72
2025-06-05,Curitiba,Operação C,10372,60.9,456762.7,347,3.35,9460,170.31,7500.21,109.64
2025-06-05,Belo Horizonte,Operação A,14210,89.9,598682.85,499,3.52,13959,158.06,6659.43,101.8
2025-06-05,Belo Horizonte,Operação B,10189,63.2,484864.36,392,3.86,9807,161.22,7671.9,103.9
2025-06-05,Belo Horizonte,Operação C,9765,61.6,423053.67,400,4.1,9558,158.52,6867.75,102.17
2025-06-05,Campinas,Operação A,11753,75.0,508894.63,456,3.88,11644,156.71,6785.26,100.94
2025-06-05,Campinas,Operação B,8840,54.4,294856.29,343,3.89,8455,162.5,5420.15,104.55
2025-06-05,Campinas,Operação C,9919,58.7,400924.12,371,3.75,9121,168.98,6830.05,108.75
2025-06-06,São Paulo,Operação A,22517,127.8,943086.47,813,3.61,19828,176.19,7379.39,113.56
2025-06-06,São Paulo,Operação B,15817,110.3,643873.64,722,4.57,17103,143.4,5837.48,92.48
2025-06-06,São Paulo,Operação C,15952,97.0,573899.85,551,3.46,15048,164.45,5916.49,106.01
2025-06-06,Rio de Janeiro,Operação A,16332,99.6,633071.0,437,2.68,15448,163.98,6356.13,105.72
2025-06-06,Rio de Janeiro,Operação B,13178,75.7,532403.3,477,3.63,11748,174.08,7033.07,112.17
2025-06-06,Rio de Janeiro,Operação C,11768,79.4,434989.3,317,2.7,12308,148.21,5478.45,95.61
2025-06-06,Curitiba,Operação A,13119,79.8,509241.92,642,4.9,12378,164.4,6381.48,105.99
2025-06-06,Curitiba,Operação B,13714,81.0,569423.99,646,4.71,12561,169.31,7029.93,109.18
2025-06-06,Curitiba,Operação C,10141,63.4,432816.85,411,4.06,9836,159.95,6826.76,103.1
2025-06-06,Belo Horizonte,Operação A,13109,84.6,522629.94,525,4.01,13123,154.95,6177.66,99.89
2025-06-06,Belo Horizonte,Operação B,11643,74.7,415087.48,388,3.33,11587,155.86,5556.73,100.48
2025-06-06,Belo Horizonte,Operação C,11860,65.7,441288.87,374,3.16,10190,180.52,6716.73,116.39
2025-06-06,Campinas,Operação A,11932,68.0,499476.31,331,2.77,10546,175.47,7345.24,113.14
2025-06-06,Campinas,Operação B,10186,65.4,377925.56,283,2.79,10145,155.75,5778.68,100.4
2025-06-06,Campinas,Operação C,10904,66.3,462668.06,359,3.3,10276,164.46,6978.4,106.11
2025-06-07,São Paulo,Operação A,17224,119.9,743537.26,618,3.59,16347,143.65,6201.31,105.36
2025-06-07,São Paulo,Operação B,15320,108.6,583511.91,461,3.01,14802,141.07,5373.04,103.5
2025-06-07,São Paulo,Operação C,12280,76.3,558138.51,348,2.84,10407,160.94,7315.05,118.0
2025-06-07,Rio de Janeiro,Operação A,13695,101.8,659690.74,323,2.36,13871,134.53,6480.26,98.73
2025-06-07,Rio de Janeiro,Operação B,12721,91.0,576354.86,434,3.42,12405,139.79,6333.57,102.55
2025-06-07,Rio de Janeiro,Operação C,9281,67.1,353711.45,330,3.56,9142,138.32,5271.41,101.52
2025-06-07,Curitiba,Operação A,11741,94.9,455540.34,359,3.06,12938,123.72,4800.21,90.75
2025-06-07,Curitiba,Operação B,10538,71.1,435280.76,403,3.83,9696,148.21,6122.09,108.68
2025-06-07,Curitiba,Operação C,8668,60.6,391023.8,252,2.91,8256,143.04,6452.54,104.99
2025-06-07,Belo Horizonte,Operação A,12105,85.6,559031.18,404,3.34,11672,141.41,6530.74,103.71
2025-06-07,Belo Horizonte,Operação B,10165,72.4,423018.01,376,3.71,9865,140.4,5842.79,103.04
2025-06-07,Belo Horizonte,Operação C,8367,65.1,399394.85,168,2.01,8873,128.53,6135.1,94.3
2025-06-07,Campinas,Operação A,9226,65.9,402709.58,439,4.76,8987,140.0,6110.92,102.66
2025-06-07,Campinas,Operação B,6588,48.5,220649.68,232,3.53,6610,135.84,4549.48,99.67
2025-06-07,Campinas,Operação C,8770,56.0,372571.87,380,4.34,7637,156.61,6653.07,114.84
2025-06-08,São Paulo,Operação A,16636,122.0,604954.12,618,3.72,16605,136.36,4958.64,100.19
2025-06-08,São Paulo,Operação B,14125,92.1,584093.49,629,4.46,12533,153.37,6341.95,112.7
2025-06-08,São Paulo,Operação C,12447,86.8,533197.06,431,3.46,11823,143.4,6142.82,105.28
2025-06-08,Rio de Janeiro,Operação A,14557,100.7,557465.37,368,2.53,13711,144.56,5535.9,106.17
2025-06-08,Rio de Janeiro,Operação B,14622,98.9,617977.87,706,4.83,13465,147.85,6248.51,108.59
2025-06-08,Rio de Janeiro,Operação C,11913,77.5,508712.46,319,2.68,10552,153.72,6564.03,112.9
2025-06-08,Curitiba,Operação A,14715,97.8,610906.7,600,4.08,13316,150.46,6246.49,110.51
2025-06-08,Curitiba,Operação B,10565,71.0,342683.02,283,2.68,9663,148.8,4826.52,109.33
2025-06-08,Curitiba,Operação C,9925,71.8,425089.43,240,2.42,9775,138.23,5920.47,101.53
2025-06-08,Belo Horizonte,Operação A,14188,93.1,584506.71,450,3.18,12674,152.4,6278.27,111.95
2025-06-08,Belo Horizonte,Operação B,12322,76.9,564532.94,645,5.24,10471,160.23,7341.13,117.68
2025-06-08,Belo Horizonte,Operação C,7278,54.9,271063.55,280,3.85,7472,132.57,4937.41,97.4
2025-06-08,Campinas,Operação A,10015,72.0,453048.9,449,4.49,9797,139.1,6292.35,102.23
2025-06-08,Campinas,Operação B,6851,50.8,310217.22,214,3.13,6919,134.86,6106.64,99.02
2025-06-08,Campinas,Operação C,7315,48.5,269499.23,238,3.26,6608,150.82,5556.69,110.7
2025-06-09,São Paulo,Operação A,18419,120.2,831297.78,560,3.04,18571,153.24,6915.95,99.18
2025-06-09,São Paulo,Operação B,17784,112.4,794679.47,728,4.1,17363,158.22,7070.1,102.42
2025-06-09,São Paulo,Operação C,11732,85.8,509673.55,417,3.56,13260,136.74,5940.25,88.48
2025-06-09,Rio de Janeiro,Operação A,16912,107.6,681186.43,863,5.11,16630,157.17,6330.73,101.7
2025-06-09,Rio de Janeiro,Operação B,13413,79.9,532517.46,433,3.23,12346,167.87,6664.8,108.64
2025-06-09,Rio de Janeiro,Operação C,11627,77.2,514900.5,536,4.61,11923,150.61,6669.7,97.52
2025-06-09,Curitiba,Operação A,14179,88.2,539571.04,554,3.91,13623,160.76,6117.59,104.08
2025-06-09,Curitiba,Operação B,13816,88.9,559493.64,421,3.05,13737,155.41,6293.52,100.58
2025-06-09,Curitiba,Operação C,7935,61.5,346125.82,224,2.82,9506,129.02,5628.06,83.47
2025-06-09,Belo Horizonte,Operação A,11579,68.9,436203.26,373,3.23,10644,168.06,6330.96,108.78
2025-06-09,Belo Horizonte,Operação B,11509,80.0,412823.31,427,3.72,12357,143.86,5160.29,93.14
2025-06-09,Belo Horizonte,Operação C,9858,69.4,430112.02,390,3.96,10721,142.05,6197.58,91.95
2025-06-09,Campinas,Operação A,9494,56.3,432037.98,308,3.25,8701,168.63,7673.85,109.11
2025-06-09,Campinas,Operação B,12112,70.3,513699.86,380,3.14,10858,172.29,7307.25,111.55
2025-06-09,Campinas,Operação C,7534,47.3,333598.25,244,3.24,7310,159.28,7052.82,103.06
2025-06-10,São Paulo,Operação A,17797,102.5,761015.61,568,3.2,15818,173.63,7424.54,112.51
2025-06-10,São Paulo,Operação B,19150,108.5,589673.57,736,3.85,16745,176.5,5434.78,114.36
2025-06-10,São Paulo,Operação C,13239,80.2,562812.51,530,4.01,12380,165.07,7017.61,106.94
2025-06-10,Rio de Janeiro,Operação A,13889,100.2,558317.34,531,3.83,15470,138.61,5572.03,89.78
2025-06-10,Rio de Janeiro,Operação B,14246,97.3,656858.01,424,2.98,15018,146.41,6750.85,94.86
2025-06-10,Rio de Janeiro,Operação C,12597,81.9,538253.21,530,4.21,12642,153.81,6572.08,99.64
2025-06-10,Curitiba,Operação A,11586,76.3,495183.91,628,5.42,11773,151.85,6489.96,98.41
2025-06-10,Curitiba,Operação B,12349,67.8,617668.49,422,3.42,10457,182.14,9110.15,118.09
2025-06-10,Curitiba,Operação C,9539,62.9,398035.66,226,2.37,9701,151.65,6328.07,98.33
2025-06-10,Belo Horizonte,Operação A,14028,79.6,554886.79,463,3.31,12288,176.23,6970.94,114.16
2025-06-10,Belo Horizonte,Operação B,9458,57.8,407241.87,335,3.55,8919,163.63,7045.71,106.04
2025-06-10,Belo Horizonte,Operação C,9344,59.8,411207.02,324,3.48,9232,156.25,6876.37,101.21
2025-06-10,Campinas,Operação A,11806,72.9,548904.73,477,4.04,11256,161.95,7529.56,104.89
2025-06-10,Campinas,Operação B,11089,62.9,484379.43,503,4.54,9700,176.3,7700.79,114.32
2025-06-10,Campinas,Operação C,8108,58.4,382854.4,292,3.61,9008,138.84,6555.73,90.01
2025-06-11,São Paulo,Operação A,19086,117.5,775274.61,702,3.68,18114,162.43,6598.08,105.37
2025-06-11,São Paulo,Operação B,17064,98.4,708934.93,545,3.19,15161,173.41,7204.62,112.55
2025-06-11,São Paulo,Operação C,13587,83.7,580822.9,517,3.81,12906,162.33,6939.34,105.28
2025-06-11,Rio de Janeiro,Operação A,13653,96.5,607590.79,640,4.69,14881,141.48,6296.28,91.75
2025-06-11,Rio de Janeiro,Operação B,14694,83.0,633835.16,513,3.49,12796,177.04,7636.57,114.83
2025-06-11,Rio de Janeiro,Operação C,11017,76.6,506241.22,317,2.88,11806,143.83,6608.89,93.32
2025-06-11,Curitiba,Operação A,13527,79.4,466249.53,308,2.28,12241,170.37,5872.16,110.51
2025-06-11,Curitiba,Operação B,11975,73.7,526168.79,390,3.26,11356,162.48,7139.33,105.45
2025-06-11,Curitiba,Operação C,12955,82.7,532150.66,370,2.86,12741,156.65,6434.71,101.68
2025-06-11,Belo Horizonte,Operação A,13461,81.0,630167.46,310,2.31,12489,166.19,7779.85,107.78
2025-06-11,Belo Horizonte,Operação B,11166,68.0,495192.34,391,3.51,10478,164.21,7282.24,106.57
2025-06-11,Belo Horizonte,Operação C,9787,65.1,472042.88,420,4.29,10040,150.34,7251.04,97.48
2025-06-11,Campinas,Operação A,9030,61.3,341445.19,365,4.04,9450,147.31,5570.07,95.56
2025-06-11,Campinas,Operação B,8169,52.5,357955.92,281,3.45,8093,155.6,6818.21,100.94
2025-06-11,Campinas,Operação C,8244,55.9,365863.92,248,3.01,8621,147.48,6544.97,95.63
2025-06-12,São Paulo,Operação A,18696,115.6,792940.6,657,3.52,17797,161.73,6859.35,105.05
2025-06-12,São Paulo,Operação B,15145,97.2,636222.28,363,2.4,14971,155.81,6545.5,101.16
2025-06-12,São Paulo,Operação C,14209,87.0,524173.61,628,4.43,13388,163.32,6024.98,106.13
2025-06-12,Rio de Janeiro,Operação A,16354,112.6,775678.05,553,3.39,17337,145.24,6888.79,94.33
2025-06-12,Rio de Janeiro,Operação B,14300,93.1,653398.16,546,3.82,14337,153.6,7018.24,99.74
2025-06-12,Rio de Janeiro,Operação C,10764,73.7,389213.22,392,3.65,11342,146.05,5281.05,94.9
2025-06-12,Curitiba,Operação A,14783,88.9,613909.54,380,2.57,13682,166.29,6905.62,108.05
2025-06-12,Curitiba,Operação B,11866,69.0,475369.59,428,3.61,10626,171.97,6889.41,111.67
2025-06-12,Curitiba,Operação C,9348,57.4,375502.26,405,4.34,8839,162.86,6541.85,105.76
2025-06-12,Belo Horizonte,Operação A,13140,85.6,545222.54,401,3.06,13173,153.5,6369.42,99.75
2025-06-12,Belo Horizonte,Operação B,8936,59.8,382397.08,336,3.76,9200,149.43,6394.6,97.13
2025-06-12,Belo Horizonte,Operação C,9713,62.4,444197.5,344,3.55,9602,155.66,7118.55,101.16
2025-06-12,Campinas,Operação A,10540,75.6,277311.61,392,3.73,11646,139.42,3668.14,90.5
2025-06-12,Campinas,Operação B,8075,51.5,329392.27,385,4.77,7932,156.8,6395.97,101.8
2025-06-12,Campinas,Operação C,9160,56.9,415387.36,347,3.79,8762,160.98,7300.31,104.54
2025-06-13,São Paulo,Operação A,19585,114.7,735632.17,736,3.76,17631,170.75,6413.53,111.08
2025-06-13,São Paulo,Operação B,14772,91.7,631827.37,715,4.84,14094,161.09,6890.16,104.81
2025-06-13,São Paulo,Operação C,12061,79.2,546251.49,454,3.77,12184,152.29,6897.11,98.99
2025-06-13,Rio de Janeiro,Operação A,15564,105.0,616906.01,699,4.5,16143,148.23,5875.3,96.41
2025-06-13,Rio de Janeiro,Operação B,14648,89.8,608466.89,374,2.55,13813,163.12,6775.8,106.05
2025-06-13,Rio de Janeiro,Operação C,14130,85.9,723774.59,379,2.69,13209,164.49,8425.78,106.97
2025-06-13,Curitiba,Operação A,13077,90.6,557464.48,559,4.28,13934,144.34,6153.03,93.85
2025-06-13,Curitiba,Operação B,9285,59.3,369052.39,272,2.94,9117,156.58,6223.48,101.84
2025-06-13,Curitiba,Operação C,11589,67.6,480559.73,424,3.66,10400,171.43,7108.87,111.43
2025-06-13,Belo Horizonte,Operação A,12863,81.0,484197.14,564,4.39,12447,158.8,5977.74,103.34
2025-06-13,Belo Horizonte,Operação B,11717,71.8,454314.51,367,3.13,11034,163.19,6327.5,106.19
2025-06-13,Belo Horizonte,Operação C,8523,60.1,300417.53,257,3.02,9241,141.81,4998.63,92.23
2025-06-13,Campinas,Operação A,11277,74.4,427677.74,321,2.85,11436,151.57,5748.36,98.61
2025-06-13,Campinas,Operação B,9035,58.3,457731.95,392,4.34,8965,154.97,7851.32,100.78
2025-06-13,Campinas,Operação C,10535,61.3,400379.69,265,2.52,9424,171.86,6531.48,111.79
2025-06-14,São Paulo,Operação A,16814,110.1,669386.07,420,2.5,14881,152.72,6079.8,112.99
2025-06-14,São Paulo,Operação B,13659,99.5,588343.03,505,3.7,13443,137.28,5913.0,101.61
2025-06-14,São Paulo,Operação C,12351,84.4,487163.28,416,3.37,11405,146.34,5772.08,108.29
2025-06-14,Rio de Janeiro,Operação A,14475,108.5,574984.55,575,3.97,14667,133.41,5299.4,98.69
2025-06-14,Rio de Janeiro,Operação B,11440,84.2,505910.76,588,5.14,11377,135.87,6008.44,100.55
2025-06-14,Rio de Janeiro,Operação C,12061,83.6,532169.99,318,2.64,11299,144.27,6365.67,106.74
2025-06-14,Curitiba,Operação A,11939,85.7,516795.59,428,3.59,11578,139.31,6030.29,103.12
2025-06-14,Curitiba,Operação B,10443,76.5,441054.21,262,2.52,10332,136.51,5765.41,101.07
2025-06-14,Curitiba,Operação C,9608,62.7,415788.44,334,3.48,8473,153.24,6631.39,113.4
2025-06-14,Belo Horizonte,Operação A,11803,93.4,443346.38,574,4.87,12625,126.37,4746.75,93.49
2025-06-14,Belo Horizonte,Operação B,9611,70.0,357559.79,370,3.86,9462,137.3,5108.0,101.57
2025-06-14,Belo Horizonte,Operação C,8400,65.1,348086.74,271,3.23,8803,129.03,5346.95,95.42
2025-06-14,Campinas,Operação A,9332,72.5,438676.69,394,4.23,9799,128.72,6050.71,95.23
2025-06-14,Campinas,Operação B,8108,59.0,336111.56,233,2.88,7967,137.42,5696.81,101.77
2025-06-14,Campinas,Operação C,6988,51.0,338578.9,297,4.26,6893,137.02,6638.8,101.38
2025-06-15,São Paulo,Operação A,17800,124.4,668046.32,617,3.47,16791,143.09,5370.15,106.01
2025-06-15,São Paulo,Operação B,13899,109.3,619147.81,744,5.36,14750,127.16,5664.66,94.23
2025-06-15,São Paulo,Operação C,14963,97.6,641514.01,639,4.27,13176,153.31,6572.89,113.56
2025-06-15,Rio de Janeiro,Operação A,14532,98.7,648382.27,542,3.73,13321,147.23,6569.22,109.09
2025-06-15,Rio de Janeiro,Operação B,13340,99.4,550298.61,477,3.58,13416,134.21,5536.2,99.43
2025-06-15,Rio de Janeiro,Operação C,10224,72.2,359110.62,443,4.34,9739,141.61,4973.83,104.98
2025-06-15,Curitiba,Operação A,11448,85.2,442608.36,379,3.31,11498,134.37,5194.93,99.57
2025-06-15,Curitiba,Operação B,11384,78.6,446000.62,321,2.82,10610,144.83,5674.31,107.3
2025-06-15,Curitiba,Operação C,9207,69.5,388900.36,331,3.6,9385,132.47,5595.69,98.1
2025-06-15,Belo Horizonte,Operação A,12172,82.3,449732.86,239,1.97,11112,147.9,5464.55,109.54
2025-06-15,Belo Horizonte,Operação B,10322,65.7,517015.52,512,4.96,8870,157.11,7869.34,116.37
2025-06-15,Belo Horizonte,Operação C,7321,60.0,238868.44,220,3.01,8095,122.02,3981.14,90.44
2025-06-15,Campinas,Operação A,10550,69.3,479721.39,388,3.68,9357,152.24,6922.39,112.75
2025-06-15,Campinas,Operação B,7189,55.3,309245.7,291,4.06,7459,130.0,5592.15,96.38
2025-06-15,Campinas,Operação C,7355,56.9,328052.64,282,3.84,7674,129.26,5765.42,95.84
2025-06-16,São Paulo,Operação A,16510,110.4,738888.27,546,3.31,16906,149.55,6692.83,97.66
2025-06-16,São Paulo,Operação B,18614,113.6,745555.39,649,3.49,17403,163.86,6562.99,106.96
2025-06-16,São Paulo,Operação C,13614,90.6,522092.1,552,4.06,13883,150.26,5762.61,98.06
2025-06-16,Rio de Janeiro,Operação A,18087,109.6,869284.23,554,3.07,16793,165.03,7931.43,107.71
2025-06-16,Rio de Janeiro,Operação B,15113,101.9,573527.13,316,2.09,15610,148.31,5628.33,96.82
2025-06-16,Rio de Janeiro,Operação C,11643,76.3,513499.95,430,3.7,11679,152.6,6730.01,99.69
2025-06-16,Curitiba,Operação A,11777,76.5,477135.17,244,2.08,11719,153.95,6237.06,100.49
2025-06-16,Curitiba,Operação B,10021,66.9,478347.43,366,3.65,10251,149.79,7150.19,97.76
2025-06-16,Curitiba,Operação C,9857,69.6,461079.49,447,4.54,10657,141.62,6624.71,92.49
2025-06-16,Belo Horizonte,Operação A,9955,66.2,437851.39,399,4.02,10134,150.38,6614.07,98.23
2025-06-16,Belo Horizonte,Operação B,10059,65.0,398441.78,360,3.59,9948,154.75,6129.87,101.12
2025-06-16,Belo Horizonte,Operação C,10438,69.7,480182.26,300,2.87,10678,149.76,6889.27,97.75
2025-06-16,Campinas,Operação A,10842,64.8,495346.54,453,4.18,9923,167.31,7644.24,109.26
2025-06-16,Campinas,Operação B,8005,52.3,362562.09,282,3.53,8008,153.06,6932.35,99.96
2025-06-16,Campinas,Operação C,7612,46.6,297939.55,375,4.94,7138,163.35,6393.55,106.64
2025-06-17,São Paulo,Operação A,21201,128.7,1005860.81,753,3.55,19684,164.73,7815.55,107.71
2025-06-17,São Paulo,Operação B,18811,107.9,808534.3,619,3.3,16498,174.34,7493.37,114.02
2025-06-17,São Paulo,Operação C,12299,78.3,557067.13,523,4.26,11972,157.08,7114.52,102.73
2025-06-17,Rio de Janeiro,Operação A,16311,107.3,556086.25,506,3.1,16407,152.01,5182.54,99.41
2025-06-17,Rio de Janeiro,Operação B,13615,88.1,605516.58,692,5.09,13471,154.54,6873.06,101.07
2025-06-17,Rio de Janeiro,Operação C,12490,80.2,511629.28,449,3.6,12273,155.74,6379.42,101.77
2025-06-17,Curitiba,Operação A,12603,79.1,552052.35,462,3.67,12095,159.33,6979.17,104.2
2025-06-17,Curitiba,Operação B,12540,77.0,437801.66,502,4.01,11778,162.86,5685.74,106.47
2025-06-17,Curitiba,Operação C,8792,60.2,330422.64,338,3.85,9215,146.05,5488.75,95.41
2025-06-17,Belo Horizonte,Operação A,10960,78.6,481277.18,257,2.35,12022,139.44,6123.12,91.17
2025-06-17,Belo Horizonte,Operação B,11358,70.7,517269.54,559,4.93,10811,160.65,7316.4,105.06
2025-06-17,Belo Horizonte,Operação C,8154,51.8,333455.05,313,3.85,7920,157.41,6437.36,102.95
2025-06-17,Campinas,Operação A,11135,72.2,448032.22,290,2.61,11049,154.22,6205.43,100.78
2025-06-17,Campinas,Operação B,11161,68.4,509734.84,362,3.25,10465,163.17,7452.26,106.65
2025-06-17,Campinas,Operação C,7236,49.5,314300.51,193,2.67,7575,146.18,6349.51,95.52
2025-06-18,São Paulo,Operação A,18759,130.8,808412.36,891,4.75,19983,143.42,6180.52,93.87
2025-06-18,São Paulo,Operação B,17049,106.7,650011.29,408,2.39,16298,159.78,6091.95,104.61
2025-06-18,São Paulo,Operação C,16680,95.6,671279.93,431,2.59,14602,174.48,7021.76,114.23
2025-06-18,Rio de Janeiro,Operação A,12720,86.5,528457.14,607,4.78,13217,147.05,6109.33,96.24
2025-06-18,Rio de Janeiro,Operação B,15302,94.9,618193.48,464,3.03,14499,161.24,6514.16,105.54
2025-06-18,Rio de Janeiro,Operação C,14281,89.2,479693.04,422,2.96,13628,160.1,5377.72,104.79
2025-06-18,Curitiba,Operação A,11972,78.9,529780.67,408,3.41,12047,151.74,6714.58,99.38
2025-06-18,Curitiba,Operação B,12628,73.3,495196.36,630,4.99,11191,172.28,6755.75,112.84
2025-06-18,Curitiba,Operação C,9569,60.2,391134.65,344,3.6,9203,158.95,6497.25,103.98
2025-06-18,Belo Horizonte,Operação A,13543,83.3,528008.13,352,2.6,12720,162.58,6338.63,106.47
2025-06-18,Belo Horizonte,Operação B,13302,87.2,595887.7,294,2.21,13324,152.55,6833.57,99.83
2025-06-18,Belo Horizonte,Operação C,9289,59.4,407705.92,122,1.32,9070,156.38,6863.74,102.41
2025-06-18,Campinas,Operação A,10434,71.9,451764.89,278,2.67,10981,145.12,6283.24,95.02
2025-06-18,Campinas,Operação B,8594,55.5,324773.12,268,3.12,8480,154.85,5851.77,101.34
2025-06-18,Campinas,Operação C,6297,45.8,290114.3,155,2.46,6991,137.49,6334.37,90.07
2025-06-19,São Paulo,Operação A,19354,116.6,765261.49,549,2.84,17792,165.99,6563.13,108.78
2025-06-19,São Paulo,Operação B,17692,104.1,660313.9,597,3.38,15879,169.95,6343.07,111.42
2025-06-19,São Paulo,Operação C,11969,78.1,504335.58,337,2.82,11910,153.25,6457.56,100.5
2025-06-19,Rio de Janeiro,Operação A,14286,100.5,604416.58,620,4.34,15337,142.15,6014.1,93.15
2025-06-19,Rio de Janeiro,Operação B,12442,82.5,547574.72,556,4.47,12589,150.81,6637.27,98.83
2025-06-19,Rio de Janeiro,Operação C,10737,68.9,463113.9,367,3.42,10515,155.83,6721.54,102.11
2025-06-19,Curitiba,Operação A,11019,67.5,529764.27,395,3.59,10302,163.24,7848.36,106.96
2025-06-19,Curitiba,Operação B,10119,66.6,496637.0,427,4.23,10157,151.94,7457.01,99.63
2025-06-19,Curitiba,Operação C,11217,69.4,441450.1,374,3.34,10591,161.63,6360.95,105.91
2025-06-19,Belo Horizonte,Operação A,13033,79.6,626048.96,572,4.39,12145,163.73,7864.94,107.31
2025-06-19,Belo Horizonte,Operação B,9569,59.8,430098.35,382,4.0,9117,160.02,7192.28,104.96
2025-06-19,Belo Horizonte,Operação C,10805,56.9,398614.41,284,2.63,8685,189.89,7005.53,124.41
2025-06-19,Campinas,Operação A,13097,72.4,506267.42,430,3.29,11039,180.9,6992.64,118.64
2025-06-19,Campinas,Operação B,10870,69.0,441991.42,429,3.95,10533,157.54,6405.67,103.2
2025-06-19,Campinas,Operação C,9469,56.0,446613.68,354,3.75,8547,169.09,7975.24,110.79
2025-06-20,São Paulo,Operação A,19162,119.9,842294.88,679,3.54,18270,159.82,7024.98,104.88
2025-06-20,São Paulo,Operação B,17488,102.5,840551.36,401,2.29,15616,170.61,8200.5,111.99
2025-06-20,São Paulo,Operação C,13526,90.3,551267.2,516,3.82,13753,149.79,6104.84,98.35
2025-06-20,Rio de Janeiro,Operação A,16934,108.4,581625.98,461,2.73,16518,156.22,5365.55,102.52
2025-06-20,Rio de Janeiro,Operação B,12275,96.5,573852.67,480,3.92,14699,127.2,5946.66,83.51
2025-06-20,Rio de Janeiro,Operação C,13753,88.6,464223.96,528,3.84,13497,155.23,5239.55,101.9
2025-06-20,Curitiba,Operação A,15722,93.8,618648.66,561,3.57,14290,167.61,6595.4,110.02
2025-06-20,Curitiba,Operação B,10399,70.1,476498.34,264,2.54,10675,148.35,6797.41,97.41
2025-06-20,Curitiba,Operação C,8525,58.7,307232.56,308,3.62,8941,145.23,5233.94,95.35
2025-06-20,Belo Horizonte,Operação A,13719,88.3,493568.58,572,4.17,13451,155.37,5589.68,101.99
2025-06-20,Belo Horizonte,Operação B,12250,81.5,491050.84,479,3.91,12417,150.31,6025.16,98.66
2025-06-20,Belo Horizonte,Operação C,11027,72.7,404362.31,441,4.01,11074,151.68,5562.07,99.58
2025-06-20,Campinas,Operação A,12020,76.3,478004.95,516,4.3,11627,157.54,6264.81,103.38
2025-06-20,Campinas,Operação B,9712,65.2,409811.23,234,2.42,9933,148.96,6285.45,97.78
2025-06-20,Campinas,Operação C,9106,58.9,366581.67,316,3.47,8977,154.6,6223.8,101.44
2025-06-21,São Paulo,Operação A,17372,118.2,770697.7,586,3.37,15821,146.97,6520.29,109.8
2025-06-21,São Paulo,Operação B,15340,107.8,618103.85,521,3.4,14440,142.3,5733.8,106.23
2025-06-21,São Paulo,Operação C,12772,89.2,517673.55,407,3.19,11938,143.18,5803.52,106.99
2025-06-21,Rio de Janeiro,Operação A,17328,117.5,675057.25,685,3.96,15734,147.47,5745.17,110.13
2025-06-21,Rio de Janeiro,Operação B,12940,91.0,550588.79,576,4.45,12188,142.2,6050.43,106.17
2025-06-21,Rio de Janeiro,Operação C,11268,81.8,520229.61,415,3.69,10952,137.75,6359.78,102.89
2025-06-21,Curitiba,Operação A,12121,85.7,504543.46,425,3.51,11477,141.44,5887.32,105.61
2025-06-21,Curitiba,Operação B,9135,69.7,347182.24,217,2.39,9331,131.06,4981.09,97.9
2025-06-21,Curitiba,Operação C,8034,58.8,340741.79,263,3.28,7871,136.63,5794.93,102.07
2025-06-21,Belo Horizonte,Operação A,9779,63.7,453216.76,377,3.86,8524,153.52,7114.86,114.72
2025-06-21,Belo Horizonte,Operação B,10705,83.1,530438.11,292,2.73,11120,128.82,6383.13,96.27
2025-06-21,Belo Horizonte,Operação C,7940,63.0,333946.68,302,3.81,8436,126.03,5300.74,94.12
2025-06-21,Campinas,Operação A,10117,69.6,428920.92,311,3.08,9324,145.36,6162.66,108.5
2025-06-21,Campinas,Operação B,8412,57.5,331306.89,356,4.23,7703,146.3,5761.86,109.2
2025-06-21,Campinas,Operação C,7659,62.7,356386.33,394,5.15,8392,122.15,5683.99,91.27
2025-06-22,São Paulo,Operação A,17224,119.6,794853.52,564,3.28,15998,144.01,6645.93,107.66
2025-06-22,São Paulo,Operação B,13020,103.8,554060.11,507,3.9,13876,125.43,5337.77,93.83
2025-06-22,São Paulo,Operação C,13929,93.8,541849.12,428,3.07,12544,148.5,5776.64,111.04
2025-06-22,Rio de Janeiro,Operação A,15996,117.0,684630.96,551,3.45,15644,136.72,5851.55,102.25
2025-06-22,Rio de Janeiro,Operação B,12994,84.4,518320.19,337,2.6,11292,153.96,6141.23,115.07
2025-06-22,Rio de Janeiro,Operação C,9056,76.2,356759.76,246,2.73,10192,118.85,4681.89,88.85
2025-06-22,Curitiba,Operação A,11743,89.2,534907.93,542,4.62,11926,131.65,5996.73,98.47
2025-06-22,Curitiba,Operação B,10787,79.3,459142.81,245,2.28,10599,136.03,5789.95,101.77
2025-06-22,Curitiba,Operação C,8311,64.0,372144.19,461,5.56,8559,129.86,5814.75,97.1
2025-06-22,Belo Horizonte,Operação A,9947,83.7,403401.37,357,3.6,11186,118.84,4819.61,88.92
2025-06-22,Belo Horizonte,Operação B,9218,70.3,396200.4,231,2.51,9402,131.12,5635.85,98.04
2025-06-22,Belo Horizonte,Operação C,7903,54.7,299818.85,310,3.93,7317,144.48,5481.15,108.01
2025-06-22,Campinas,Operação A,9491,61.1,369227.62,315,3.32,8175,155.34,6043.01,116.1
2025-06-22,Campinas,Operação B,8468,63.8,360513.45,335,3.96,8533,132.73,5650.68,99.24
2025-06-22,Campinas,Operação C,8873,60.8,366568.1,300,3.38,8136,145.94,6029.08,109.06
2025-06-23,São Paulo,Operação A,22462,134.3,860579.99,804,3.58,20382,167.25,6407.89,110.21
2025-06-23,São Paulo,Operação B,15556,100.2,576847.89,493,3.17,15198,155.25,5756.96,102.36
2025-06-23,São Paulo,Operação C,16786,102.9,537745.46,750,4.47,15612,163.13,5225.9,107.52
2025-06-23,Rio de Janeiro,Operação A,17022,111.4,763761.04,478,2.81,16898,152.8,6856.02,100.73
2025-06-23,Rio de Janeiro,Operação B,15057,86.9,616028.24,301,2.0,13188,173.27,7088.93,114.17
2025-06-23,Rio de Janeiro,Operação C,12309,78.9,575980.87,432,3.51,11978,156.01,7300.14,102.76
2025-06-23,Curitiba,Operação A,13785,81.9,585630.37,399,2.9,12431,168.32,7150.55,110.89
2025-06-23,Curitiba,Operação B,13014,81.9,546740.31,474,3.64,12426,158.9,6675.71,104.73
2025-06-23,Curitiba,Operação C,8675,57.4,364474.32,290,3.34,8717,151.13,6349.73,99.52
2025-06-23,Belo Horizonte,Operação A,14178,89.1,643959.31,497,3.51,13515,159.12,7227.38,104.91
2025-06-23,Belo Horizonte,Operação B,12425,77.1,522517.0,433,3.49,11698,161.15,6777.13,106.21
2025-06-23,Belo Horizonte,Operação C,8874,54.7,371280.89,274,3.1,8293,162.23,6787.58,107.01
2025-06-23,Campinas,Operação A,11227,78.5,452560.55,485,4.32,11907,143.02,5765.1,94.29
2025-06-23,Campinas,Operação B,9956,63.7,428147.97,362,3.64,9667,156.3,6721.32,102.99
2025-06-23,Campinas,Operação C,6883,45.0,333592.07,204,2.97,6828,152.96,7413.16,100.81
2025-06-24,São Paulo,Operação A,17423,115.6,725701.74,528,3.03,17525,150.72,6277.7,99.42
2025-06-24,São Paulo,Operação B,16813,105.9,758168.62,447,2.66,16049,158.76,7159.29,104.76
2025-06-24,São Paulo,Operação C,13534,87.8,593094.9,387,2.87,13308,154.15,6755.07,101.7
2025-06-24,Rio de Janeiro,Operação A,18679,110.1,710633.41,580,3.11,16691,169.65,6454.44,111.91
2025-06-24,Rio de Janeiro,Operação B,16037,86.5,645976.77,776,4.84,13105,185.4,7467.94,122.37
2025-06-24,Rio de Janeiro,Operação C,10276,70.5,403369.81,290,2.82,10685,145.76,5721.56,96.17
2025-06-24,Curitiba,Operação A,12351,83.0,478263.25,546,4.43,12577,148.81,5762.21,98.2
2025-06-24,Curitiba,Operação B,13755,82.4,606540.42,491,3.57,12482,166.93,7360.93,110.2
2025-06-24,Curitiba,Operação C,8982,61.5,390285.71,230,2.56,9314,146.05,6346.11,96.44
2025-06-24,Belo Horizonte,Operação A,12387,73.2,614427.36,472,3.81,11092,169.22,8393.82,111.68
2025-06-24,Belo Horizonte,Operação B,11918,77.4,436786.4,475,3.99,11736,153.98,5643.24,101.55
2025-06-24,Belo Horizonte,Operação C,10280,65.3,421793.52,438,4.27,9899,157.43,6459.32,103.85
2025-06-24,Campinas,Operação A,9453,63.8,358907.48,337,3.57,9672,148.17,5625.51,97.74
2025-06-24,Campinas,Operação B,8033,53.9,314708.66,264,3.29,8165,149.04,5838.75,98.38
2025-06-24,Campinas,Operação C,7089,45.0,333106.54,255,3.61,6819,157.53,7402.37,103.96
2025-06-25,São Paulo,Operação A,22000,128.7,992440.68,783,3.56,19472,170.94,7711.27,112.98
2025-06-25,São Paulo,Operação B,16912,102.7,683808.27,337,1.99,15536,164.67,6658.31,108.86
2025-06-25,São Paulo,Operação C,13485,93.6,514472.1,471,3.5,14172,144.07,5496.5,95.15
2025-06-25,Rio de Janeiro,Operação A,14524,103.1,619622.4,620,4.27,15597,140.87,6009.92,93.12
2025-06-25,Rio de Janeiro,Operação B,14017,82.3,501238.34,728,5.19,12455,170.32,6090.38,112.54
2025-06-25,Rio de Janeiro,Operação C,12084,76.5,416074.67,416,3.45,11577,157.96,5438.88,104.38
2025-06-25,Curitiba,Operação A,13440,86.5,534208.76,368,2.74,13086,155.38,6175.82,102.71
2025-06-25,Curitiba,Operação B,12806,81.7,616775.5,394,3.08,12366,156.74,7549.27,103.56
2025-06-25,Curitiba,Operação C,10232,61.9,363318.88,258,2.53,9368,165.3,5869.45,109.22
2025-06-25,Belo Horizonte,Operação A,12609,87.8,437832.34,629,4.99,13293,143.61,4986.7,94.85
2025-06-25,Belo Horizonte,Operação B,9495,59.9,401413.86,118,1.25,9071,158.51,6701.4,104.67
2025-06-25,Belo Horizonte,Operação C,9591,59.5,416414.73,405,4.22,8999,161.19,6998.57,106.58
2025-06-25,Campinas,Operação A,11166,68.0,438183.81,264,2.37,10293,164.21,6443.88,108.48
2025-06-25,Campinas,Operação B,7358,52.4,338750.13,168,2.29,7932,140.42,6464.7,92.76
2025-06-25,Campinas,Operação C,8600,56.0,357668.89,394,4.59,8480,153.57,6386.94,101.42
2025-06-26,São Paulo,Operação A,18697,114.8,788083.29,631,3.38,17351,162.87,6864.84,107.76
2025-06-26,São Paulo,Operação B,16653,118.6,785297.65,670,4.03,17924,140.41,6621.4,92.91
2025-06-26,São Paulo,Operação C,15109,86.8,522885.62,465,3.08,13125,174.07,6024.03,115.12
2025-06-26,Rio de Janeiro,Operação A,15307,95.3,574743.31,588,3.85,14398,160.62,6030.88,106.31
2025-06-26,Rio de Janeiro,Operação B,13417,88.9,584371.92,440,3.29,13435,150.92,6573.36,99.87
2025-06-26,Rio de Janeiro,Operação C,13403,71.8,536807.99,231,1.73,10844,186.67,7476.43,123.6
2025-06-26,Curitiba,Operação A,11239,79.0,509178.2,422,3.76,11935,142.27,6445.29,94.17
2025-06-26,Curitiba,Operação B,11651,76.6,476323.16,373,3.2,11575,152.1,6218.32,100.66
2025-06-26,Curitiba,Operação C,10641,64.4,461226.71,415,3.9,9729,165.23,7161.91,109.37
2025-06-26,Belo Horizonte,Operação A,13872,83.7,598612.87,525,3.79,12642,165.73,7151.89,109.73
2025-06-26,Belo Horizonte,Operação B,11617,78.0,448149.35,296,2.55,11791,148.94,5745.5,98.52
2025-06-26,Belo Horizonte,Operação C,8510,62.6,373151.73,290,3.41,9463,135.94,5960.89,89.93
2025-06-26,Campinas,Operação A,11707,78.7,482173.01,514,4.4,11889,148.75,6126.72,98.47
2025-06-26,Campinas,Operação B,10587,71.2,452352.07,395,3.74,10758,148.69,6353.26,98.41
2025-06-26,Campinas,Operação C,8697,56.7,409850.77,172,1.99,8574,153.39,7228.41,101.43
2025-06-27,São Paulo,Operação A,18485,114.9,810177.2,847,4.58,17345,160.88,7051.15,106.57
2025-06-27,São Paulo,Operação B,16948,110.9,799936.87,496,2.93,16736,152.82,7213.14,101.27
2025-06-27,São Paulo,Operação C,16995,96.7,796381.9,609,3.58,14597,175.75,8235.59,116.43
2025-06-27,Rio de Janeiro,Operação A,14123,101.4,610709.01,368,2.61,15305,139.28,6022.77,92.28
2025-06-27,Rio de Janeiro,Operação B,12101,84.6,485957.17,420,3.48,12775,143.04,5744.17,94.72
2025-06-27,Rio de Janeiro,Operação C,12145,81.3,562035.8,404,3.33,12269,149.38,6913.11,98.99
2025-06-27,Curitiba,Operação A,12572,79.4,626767.14,473,3.77,11977,158.34,7893.79,104.97
2025-06-27,Curitiba,Operação B,9925,71.3,408139.33,366,3.69,10755,139.2,5724.25,92.28
2025-06-27,Curitiba,Operação C,8574,62.2,330937.01,399,4.66,9392,137.85,5320.53,91.29
2025-06-27,Belo Horizonte,Operação A,13193,90.2,589608.72,337,2.56,13612,146.26,6536.68,96.92
2025-06-27,Belo Horizonte,Operação B,12616,79.5,577794.71,268,2.13,12003,158.69,7267.86,105.11
2025-06-27,Belo Horizonte,Operação C,10300,66.1,467699.48,435,4.23,9973,155.82,7075.64,103.28
2025-06-27,Campinas,Operação A,10635,71.2,479838.28,367,3.45,10743,149.37,6739.3,98.99
2025-06-27,Campinas,Operação B,8082,55.4,291690.23,249,3.09,8360,145.88,5265.17,96.67
2025-06-27,Campinas,Operação C,9764,61.8,389397.39,404,4.14,9333,157.99,6300.93,104.62
2025-06-28,São Paulo,Operação A,15459,112.0,638170.38,637,4.12,14861,138.03,5697.95,104.02
2025-06-28,São Paulo,Operação B,11789,91.5,417884.89,388,3.29,12130,128.84,4567.05,97.19
2025-06-28,São Paulo,Operação C,13046,98.7,521282.47,547,4.2,13088,132.18,5281.48,99.68
2025-06-28,Rio de Janeiro,Operação A,15147,111.2,677659.5,399,2.64,14750,136.21,6094.06,102.69
2025-06-28,Rio de Janeiro,Operação B,15742,99.8,693983.92,288,1.83,13243,157.74,6953.75,118.87
2025-06-28,Rio de Janeiro,Operação C,10787,75.5,434867.85,487,4.52,10009,142.87,5759.84,107.77
2025-06-28,Curitiba,Operação A,11593,89.0,488402.18,322,2.78,11802,130.26,5487.66,98.23
2025-06-28,Curitiba,Operação B,9553,72.5,446116.0,496,5.19,9619,131.77,6153.32,99.31
2025-06-28,Curitiba,Operação C,6514,54.9,267199.79,148,2.29,7285,118.65,4867.03,89.42
2025-06-28,Belo Horizonte,Operação A,11608,80.5,556912.0,424,3.66,10674,144.2,6918.16,108.75
2025-06-28,Belo Horizonte,Operação B,8070,68.3,339785.26,287,3.56,9065,118.16,4974.89,89.02
2025-06-28,Belo Horizonte,Operação C,8572,65.8,345106.92,198,2.32,8728,130.27,5244.79,98.21
2025-06-28,Campinas,Operação A,6913,54.7,246923.35,260,3.77,7253,126.38,4514.14,95.31
2025-06-28,Campinas,Operação B,7633,57.9,290529.9,76,1.0,7676,131.83,5017.79,99.44
2025-06-28,Campinas,Operação C,8243,64.7,332607.69,192,2.34,8578,127.4,5140.77,96.09
2025-06-29,São Paulo,Operação A,17236,124.7,666939.07,549,3.19,16514,138.22,5348.35,104.37
2025-06-29,São Paulo,Operação B,15557,114.2,642085.09,427,2.75,15132,136.23,5622.46,102.81
2025-06-29,São Paulo,Operação C,10412,76.9,450859.8,456,4.38,10190,135.4,5862.94,102.18
2025-06-29,Rio de Janeiro,Operação A,11094,88.0,440177.03,387,3.5,11654,126.07,5002.01,95.19
2025-06-29,Rio de Janeiro,Operação B,12102,89.2,528039.11,336,2.78,11812,135.67,5919.72,102.46
2025-06-29,Rio de Janeiro,Operação C,12115,85.9,493330.93,579,4.78,11379,141.04,5743.08,106.47
2025-06-29,Curitiba,Operação A,13963,95.8,417853.57,665,4.76,12684,145.75,4361.73,110.08
2025-06-29,Curitiba,Operação B,12388,79.4,581614.85,590,4.76,10512,156.02,7325.12,117.85
2025-06-29,Curitiba,Operação C,10649,71.1,532199.69,391,3.67,9416,149.77,7485.23,113.09
2025-06-29,Belo Horizonte,Operação A,9260,69.1,403363.59,329,3.56,9159,134.01,5837.39,101.1
2025-06-29,Belo Horizonte,Operação B,7392,61.0,288549.3,306,4.15,8076,121.18,4730.32,91.53
2025-06-29,Belo Horizonte,Operação C,10544,72.4,487446.05,362,3.44,9589,145.64,6732.68,109.96
2025-06-29,Campinas,Operação A,7755,58.5,317683.13,240,3.1,7752,132.56,5430.48,100.04
2025-06-29,Campinas,Operação B,8731,61.9,396492.7,286,3.28,8196,141.05,6405.37,106.53
2025-06-29,Campinas,Operação C,5950,45.0,250940.31,266,4.48,5960,132.22,5576.45,99.83
2025-06-30,São Paulo,Operação A,18325,113.9,790913.44,647,3.54,17120,160.89,6943.93,107.04
2025-06-30,São Paulo,Operação B,16148,109.0,641063.56,563,3.49,16385,148.15,5881.32,98.55
2025-06-30,São Paulo,Operação C,13787,85.7,539722.87,507,3.68,12884,160.88,6297.82,107.01
2025-06-30,Rio de Janeiro,Operação A,16243,103.0,652335.68,524,3.23,15486,157.7,6333.36,104.89
2025-06-30,Rio de Janeiro,Operação B,14313,90.9,600905.43,696,4.86,13658,157.46,6610.62,104.8
2025-06-30,Rio de Janeiro,Operação C,11200,72.4,399901.42,425,3.8,10888,154.7,5523.5,102.87
2025-06-30,Curitiba,Operação A,11736,77.1,475445.81,437,3.72,11583,152.22,6166.61,101.32
2025-06-30,Curitiba,Operação B,10408,69.9,496913.58,387,3.73,10511,148.9,7108.92,99.02
2025-06-30,Curitiba,Operação C,9310,61.0,452293.02,308,3.31,9171,152.62,7414.64,101.52
2025-06-30,Belo Horizonte,Operação A,11139,75.3,443371.12,336,3.02,11322,147.93,5888.06,98.38
2025-06-30,Belo Horizonte,Operação B,8692,60.7,336230.19,345,3.97,9130,143.2,5539.21,95.2
2025-06-30,Belo Horizonte,Operação C,8980,58.7,422781.56,407,4.54,8818,152.98,7202.41,101.84
2025-06-30,Campinas,Operação A,10206,68.8,393362.5,413,4.05,10333,148.34,5717.48,98.77
2025-06-30,Campinas,Operação B,9077,60.1,351691.47,261,2.88,9028,151.03,5851.77,100.54
2025-06-30,Campinas,Operação C,7947,56.4,365398.89,244,3.07,8471,140.9,6478.7,93.81
2025-07-01,São Paulo,Operação A,16424,116.8,688995.61,531,3.24,17536,140.62,5898.94,93.66
2025-07-01,São Paulo,Operação B,17476,102.1,746413.8,500,2.86,15332,171.17,7310.62,113.98
2025-07-01,São Paulo,Operação C,13768,85.2,649777.64,512,3.73,12791,161.6,7626.5,107.64
2025-07-01,Rio de Janeiro,Operação A,17555,108.6,836956.7,340,1.94,16293,161.65,7706.78,107.75
2025-07-01,Rio de Janeiro,Operação B,15728,94.9,576354.21,439,2.79,14240,165.73,6073.28,110.45
2025-07-01,Rio de Janeiro,Operação C,10807,73.4,433070.34,399,3.69,11020,147.23,5900.14,98.07
2025-07-01,Curitiba,Operação A,15171,90.9,586339.55,428,2.82,13648,166.9,6450.38,111.16
2025-07-01,Curitiba,Operação B,13458,83.0,569696.78,521,3.88,12460,162.14,6863.82,108.01
2025-07-01,Curitiba,Operação C,10409,64.7,423185.53,386,3.72,9716,160.88,6540.73,107.13
2025-07-01,Belo Horizonte,Operação A,10272,69.6,403606.96,328,3.2,10444,147.59,5798.95,98.35
2025-07-01,Belo Horizonte,Operação B,9438,63.2,339223.84,371,3.94,9488,149.34,5367.47,99.47
2025-07-01,Belo Horizonte,Operação C,8299,60.8,320844.99,312,3.77,9120,136.5,5277.06,91.0
2025-07-01,Campinas,Operação A,9873,66.9,411720.19,372,3.77,10045,147.58,6154.26,98.29
2025-07-01,Campinas,Operação B,8286,51.4,321487.08,288,3.49,7722,161.21,6254.61,107.3
2025-07-01,Campinas,Operação C,8047,53.9,305024.44,263,3.27,8086,149.29,5659.08,99.52
2025-07-02,São Paulo,Operação A,18112,129.3,883308.69,596,3.29,19374,140.08,6831.47,93.49
2025-07-02,São Paulo,Operação B,14704,102.7,572205.02,455,3.1,15401,143.17,5571.62,95.47
2025-07-02,São Paulo,Operação C,12649,82.9,510664.62,629,4.98,12423,152.58,6160.01,101.82
2025-07-02,Rio de Janeiro,Operação A,14909,95.6,640958.56,394,2.64,14325,155.95,6704.59,104.08
2025-07-02,Rio de Janeiro,Operação B,14305,95.0,458195.46,576,4.03,14241,150.58,4823.11,100.45
2025-07-02,Rio de Janeiro,Operação C,10270,71.6,459599.02,330,3.22,10726,143.44,6418.98,95.75
2025-07-02,Curitiba,Operação A,15338,91.3,604628.35,634,4.13,13684,168.0,6622.44,112.09
2025-07-02,Curitiba,Operação B,12270,68.5,481329.67,530,4.32,10269,179.12,7026.71,119.49
2025-07-02,Curitiba,Operação C,11217,70.9,441028.07,379,3.38,10620,158.21,6220.42,105.62
2025-07-02,Belo Horizonte,Operação A,10238,65.1,444313.45,369,3.61,9755,157.27,6825.09,104.95
2025-07-02,Belo Horizonte,Operação B,6901,48.9,269191.7,257,3.73,7327,141.12,5504.94,94.19
2025-07-02,Belo Horizonte,Operação C,9697,63.4,431913.9,259,2.68,9497,152.95,6812.52,102.11
2025-07-02,Campinas,Operação A,12002,75.0,522209.65,402,3.35,11241,160.03,6962.8,106.77
2025-07-02,Campinas,Operação B,11908,74.3,454012.23,440,3.7,11139,160.27,6110.53,106.9
2025-07-02,Campinas,Operação C,8820,59.4,408869.52,335,3.81,8901,148.48,6883.33,99.09
2025-07-03,São Paulo,Operação A,16025,101.5,647023.53,629,3.93,15190,157.88,6374.62,105.5
2025-07-03,São Paulo,Operação B,17107,109.1,832443.88,574,3.36,16332,156.8,7630.1,104.75
2025-07-03,São Paulo,Operação C,15452,94.6,642967.24,637,4.12,14156,163.34,6796.69,109.16
2025-07-03,Rio de Janeiro,Operação A,14945,99.6,549229.43,551,3.69,14904,150.05,5514.35,100.28
2025-07-03,Rio de Janeiro,Operação B,15485,92.5,699373.21,506,3.27,13842,167.41,7560.79,111.87
2025-07-03,Rio de Janeiro,Operação C,11335,71.1,526431.55,465,4.1,10647,159.42,7404.1,106.46
2025-07-03,Curitiba,Operação A,14089,92.5,565441.22,410,2.91,13840,152.31,6112.88,101.8
2025-07-03,Curitiba,Operação B,11292,73.4,483599.22,383,3.4,10988,153.84,6588.55,102.77
2025-07-03,Curitiba,Operação C,9362,64.0,428465.75,333,3.56,9581,146.28,6694.78,97.71
2025-07-03,Belo Horizonte,Operação A,11570,78.9,424299.06,526,4.55,11815,146.64,5377.68,97.93
2025-07-03,Belo Horizonte,Operação B,10087,73.6,454445.27,427,4.24,11014,137.05,6174.53,91.58
2025-07-03,Belo Horizonte,Operação C,10698,62.2,458589.87,253,2.37,9311,171.99,7372.83,114.9
2025-07-03,Campinas,Operação A,11529,73.3,456396.36,456,3.96,10969,157.29,6226.42,105.11
2025-07-03,Campinas,Operação B,8241,49.8,317175.6,223,2.71,7458,165.48,6368.99,110.5
2025-07-03,Campinas,Operação C,8498,53.3,362488.11,246,2.91,7981,159.44,6800.9,106.48
2025-07-04,São Paulo,Operação A,16259,114.3,668265.72,708,4.36,17090,142.25,5846.59,95.14
2025-07-04,São Paulo,Operação B,16780,102.5,802446.54,508,3.03,15317,163.71,7828.75,109.55
2025-07-04,São Paulo,Operação C,15818,88.9,755742.5,341,2.16,13288,177.93,8501.04,119.04
2025-07-04,Rio de Janeiro,Operação A,16442,106.4,744918.17,477,2.9,15911,154.53,7001.11,103.34
2025-07-04,Rio de Janeiro,Operação B,12408,84.3,492750.04,515,4.15,12604,147.19,5845.2,98.44
2025-07-04,Rio de Janeiro,Operação C,10505,71.1,366035.7,452,4.31,10629,147.75,5148.18,98.83
2025-07-04,Curitiba,Operação A,14152,93.8,577517.68,546,3.86,14016,150.87,6156.9,100.97
2025-07-04,Curitiba,Operação B,13365,84.1,524039.41,294,2.2,12574,158.92,6231.15,106.29
2025-07-04,Curitiba,Operação C,8871,57.1,349328.36,324,3.66,8541,155.36,6117.83,103.86
2025-07-04,Belo Horizonte,Operação A,10910,76.3,406854.34,518,4.75,11403,142.99,5332.3,95.68
2025-07-04,Belo Horizonte,Operação B,13148,75.9,580613.1,414,3.16,11349,173.23,7649.71,115.85
2025-07-04,Belo Horizonte,Operação C,10879,70.6,466528.15,377,3.47,10553,154.09,6608.05,103.09
2025-07-04,Campinas,Operação A,8607,50.1,378398.28,323,3.76,7488,171.8,7552.86,114.94
2025-07-04,Campinas,Operação B,9540,61.1,377887.84,380,3.99,9128,156.14,6184.74,104.51
2025-07-04,Campinas,Operação C,7041,45.0,311538.16,235,3.34,6726,156.47,6923.07,104.68
2025-07-05,São Paulo,Operação A,15218,120.5,580364.19,561,3.69,15825,126.29,4816.3,96.16
2025-07-05,São Paulo,Operação B,12647,107.2,557581.98,387,3.07,14088,117.98,5201.32,89.77
2025-07-05,São Paulo,Operação C,10929,88.9,421788.7,466,4.27,11671,122.94,4744.53,93.64
2025-07-05,Rio de Janeiro,Operação A,13733,104.0,570387.06,534,3.89,13656,132.05,5484.49,100.56
2025-07-05,Rio de Janeiro,Operação B,12596,93.3,584099.65,538,4.28,12254,135.01,6260.45,102.79
2025-07-05,Rio de Janeiro,Operação C,11210,82.3,500294.28,420,3.75,10807,136.21,6078.91,103.73
2025-07-05,Curitiba,Operação A,13317,92.3,505073.65,350,2.63,12124,144.28,5472.09,109.84
2025-07-05,Curitiba,Operação B,9990,68.9,356590.69,381,3.82,9049,144.99,5175.48,110.4
2025-07-05,Curitiba,Operação C,9905,67.5,423155.02,240,2.43,8864,146.74,6268.96,111.74
2025-07-05,Belo Horizonte,Operação A,9144,73.4,364372.16,306,3.35,9647,124.58,4964.2,94.79
2025-07-05,Belo Horizonte,Operação B,9213,61.5,338106.73,421,4.58,8084,149.8,5497.67,113.97
2025-07-05,Belo Horizonte,Operação C,10046,69.6,394053.68,379,3.77,9147,144.34,5661.69,109.83
2025-07-05,Campinas,Operação A,8921,61.8,372041.93,283,3.17,8116,144.35,6020.1,109.92
2025-07-05,Campinas,Operação B,5939,52.9,224766.42,260,4.39,6953,112.27,4248.89,85.42
2025-07-05,Campinas,Operação C,6881,51.3,307045.48,340,4.94,6739,134.13,5985.29,102.11
2025-07-06,São Paulo,Operação A,16062,127.2,549797.73,865,5.39,16679,126.27,4322.31,96.3
2025-07-06,São Paulo,Operação B,16259,118.4,600250.53,694,4.27,15529,137.32,5069.68,104.7
2025-07-06,São Paulo,Operação C,12028,89.4,548210.2,453,3.77,11733,134.54,6132.11,102.51
2025-07-06,Rio de Janeiro,Operação A,12641,95.4,564352.54,494,3.91,12518,132.51,5915.65,100.98
2025-07-06,Rio de Janeiro,Operação B,13290,92.0,538951.12,484,3.64,12073,144.46,5858.16,110.08
2025-07-06,Rio de Janeiro,Operação C,7318,55.7,329716.97,233,3.19,7313,131.38,5919.51,100.07
2025-07-06,Curitiba,Operação A,10255,81.6,471868.07,403,3.94,10705,125.67,5782.7,95.8
2025-07-06,Curitiba,Operação B,9483,79.6,392199.81,310,3.28,10439,119.13,4927.13,90.84
2025-07-06,Curitiba,Operação C,8169,63.0,331788.7,341,4.18,8261,129.67,5266.49,98.89
2025-07-06,Belo Horizonte,Operação A,10176,66.8,447086.27,352,3.47,8758,152.34,6692.91,116.19
2025-07-06,Belo Horizonte,Operação B,9261,76.0,364338.82,315,3.4,9976,121.86,4793.93,92.83
2025-07-06,Belo Horizonte,Operação C,9578,70.9,419518.49,290,3.03,9300,135.09,5917.04,102.99
2025-07-06,Campinas,Operação A,11228,74.1,516287.09,385,3.43,9724,151.52,6967.44,115.47
2025-07-06,Campinas,Operação B,9340,66.2,411206.12,409,4.39,8688,141.09,6211.57,107.5
2025-07-06,Campinas,Operação C,8309,61.9,370311.49,265,3.19,8113,134.23,5982.42,102.42
2025-07-07,São Paulo,Operação A,16815,111.4,701099.53,365,2.17,16585,150.94,6293.53,101.39
2025-07-07,São Paulo,Operação B,13459,108.5,711432.88,632,4.7,16155,124.05,6556.99,83.31
2025-07-07,São Paulo,Operação C,13603,88.4,587811.31,411,3.03,13155,153.88,6649.45,103.41
2025-07-07,Rio de Janeiro,Operação A,16001,105.1,666008.17,583,3.65,15642,152.25,6336.9,102.3
2025-07-07,Rio de Janeiro,Operação B,12495,81.0,532959.12,450,3.6,12058,154.26,6579.74,103.62
2025-07-07,Rio de Janeiro,Operação C,12931,77.9,524809.68,476,3.68,11591,165.99,6736.97,111.56
2025-07-07,Curitiba,Operação A,14371,94.0,615910.21,491,3.42,13986,152.88,6552.24,102.75
2025-07-07,Curitiba,Operação B,12456,82.5,587093.86,425,3.42,12275,150.98,7116.29,101.47
2025-07-07,Curitiba,Operação C,9495,58.9,387218.72,379,4.0,8772,161.21,6574.17,108.24
2025-07-07,Belo Horizonte,Operação A,9394,61.0,377277.87,248,2.65,9088,154.0,6184.88,103.37
2025-07-07,Belo Horizonte,Operação B,9719,65.8,406332.5,233,2.41,9799,147.71,6175.27,99.18
2025-07-07,Belo Horizonte,Operação C,10710,63.5,461854.98,444,4.15,9460,168.66,7273.31,113.21
2025-07-07,Campinas,Operação A,13101,78.4,648244.75,406,3.1,11669,167.1,8268.43,112.27
2025-07-07,Campinas,Operação B,9163,56.5,410805.37,377,4.12,8406,162.18,7270.89,109.01
2025-07-07,Campinas,Operação C,10367,67.3,453085.86,281,2.72,10025,154.04,6732.33,103.41
2025-07-08,São Paulo,Operação A,19922,132.8,812162.89,642,3.22,19745,150.02,6115.68,100.9
2025-07-08,São Paulo,Operação B,14283,98.0,569965.73,343,2.41,14566,145.74,5815.98,98.06
2025-07-08,São Paulo,Operação C,14786,84.7,664521.59,627,4.24,12591,174.57,7845.59,117.43
2025-07-08,Rio de Janeiro,Operação A,19408,112.0,677616.92,488,2.52,16645,173.29,6050.15,116.6
2025-07-08,Rio de Janeiro,Operação B,12564,84.6,512582.58,394,3.14,12572,148.51,6058.9,99.94
2025-07-08,Rio de Janeiro,Operação C,12459,80.9,487254.81,219,1.76,12028,154.0,6022.93,103.58
2025-07-08,Curitiba,Operação A,11509,77.9,472003.45,298,2.6,11583,147.74,6059.09,99.36
2025-07-08,Curitiba,Operação B,9953,70.4,413016.88,262,2.64,10460,141.38,5866.72,95.15
2025-07-08,Curitiba,Operação C,8233,59.0,340730.92,231,2.81,8771,139.54,5775.1,93.87
2025-07-08,Belo Horizonte,Operação A,13665,86.5,570111.9,391,2.86,12859,157.98,6590.89,106.27
2025-07-08,Belo Horizonte,Operação B,11653,72.4,496076.99,557,4.78,10757,160.95,6851.89,108.33
2025-07-08,Belo Horizonte,Operação C,10550,64.6,448736.46,426,4.04,9596,163.31,6946.38,109.94
2025-07-08,Campinas,Operação A,9686,65.1,420347.74,365,3.77,9684,148.79,6456.95,100.02
2025-07-08,Campinas,Operação B,10762,65.1,390661.84,292,2.72,9670,165.31,6000.95,111.29
2025-07-08,Campinas,Operação C,8126,55.7,451082.98,317,3.91,8284,145.89,8098.44,98.09
2025-07-09,São Paulo,Operação A,17348,117.3,695296.58,611,3.52,17417,147.89,5927.51,99.6
2025-07-09,São Paulo,Operação B,15337,103.3,627396.66,701,4.58,15333,148.47,6073.54,100.03
2025-07-09,São Paulo,Operação C,15594,99.9,571285.58,612,3.93,14829,156.1,5718.57,105.16
2025-07-09,Rio de Janeiro,Operação A,19267,114.6,865814.73,893,4.64,17014,168.12,7555.1,113.24
2025-07-09,Rio de Janeiro,Operação B,14505,90.6,569711.4,541,3.73,13446,160.1,6288.21,107.88
2025-07-09,Rio de Janeiro,Operação C,13042,88.7,502824.22,466,3.58,13165,147.03,5668.82,99.07
2025-07-09,Curitiba,Operação A,13356,83.3,536737.06,651,4.87,12363,160.34,6443.42,108.03
2025-07-09,Curitiba,Operação B,10808,64.8,420870.04,222,2.06,9615,166.79,6494.91,112.41
2025-07-09,Curitiba,Operação C,10035,66.6,376930.28,216,2.15,9888,150.68,5659.61,101.49
2025-07-09,Belo Horizonte,Operação A,13126,80.1,582004.4,465,3.55,11890,163.87,7265.97,110.4
2025-07-09,Belo Horizonte,Operação B,11185,73.1,405804.14,264,2.36,10844,153.01,5551.36,103.14
2025-07-09,Belo Horizonte,Operação C,9087,59.9,412585.52,373,4.11,8894,151.7,6887.91,102.17
2025-07-09,Campinas,Operação A,11273,75.0,411209.63,431,3.83,11128,150.31,5482.8,101.3
2025-07-09,Campinas,Operação B,8326,65.2,321905.2,245,2.95,9675,127.7,4937.2,86.06
2025-07-09,Campinas,Operação C,7955,54.9,332896.56,265,3.33,8157,144.9,6063.69,97.52
2025-07-10,São Paulo,Operação A,16989,116.8,670115.13,447,2.64,17309,145.45,5737.29,98.15
2025-07-10,São Paulo,Operação B,16753,105.2,651985.35,790,4.72,15590,159.25,6197.58,107.46
2025-07-10,São Paulo,Operação C,14924,88.0,588475.58,280,1.88,13045,169.59,6687.22,114.4
2025-07-10,Rio de Janeiro,Operação A,16605,106.5,699694.44,495,2.99,15795,155.92,6569.9,105.13
2025-07-10,Rio de Janeiro,Operação B,13287,90.0,541984.73,554,4.17,13336,147.63,6022.05,99.63
2025-07-10,Rio de Janeiro,Operação C,12884,80.7,529178.42,415,3.23,11958,159.65,6557.35,107.74
2025-07-10,Curitiba,Operação A,11459,76.8,329051.39,346,3.03,11384,149.21,4284.52,100.66
2025-07-10,Curitiba,Operação B,11660,73.2,477188.86,440,3.78,10855,159.29,6518.97,107.42
2025-07-10,Curitiba,Operação C,7581,49.7,267472.76,192,2.53,7365,152.54,5381.75,102.93
2025-07-10,Belo Horizonte,Operação A,13157,78.8,572129.87,462,3.51,11688,166.97,7260.53,112.57
2025-07-10,Belo Horizonte,Operação B,10124,69.6,403178.85,388,3.84,10312,145.46,5792.8,98.18
2025-07-10,Belo Horizonte,Operação C,8239,51.6,333234.36,342,4.16,7655,159.67,6458.03,107.63
2025-07-10,Campinas,Operação A,10475,77.5,415581.77,294,2.82,11482,135.16,5362.35,91.23
2025-07-10,Campinas,Operação B,6936,48.8,359042.2,276,3.99,7236,142.13,7357.42,95.85
2025-07-10,Campinas,Operação C,10947,67.5,427290.17,349,3.19,10012,162.18,6330.22,109.34
2025-07-11,São Paulo,Operação A,19234,122.0,763409.61,440,2.29,18060,157.66,6257.46,106.5
2025-07-11,São Paulo,Operação B,19011,125.5,773691.51,682,3.59,18581,151.48,6164.87,102.31
2025-07-11,São Paulo,Operação C,13655,88.5,643803.06,464,3.4,13102,154.29,7274.61,104.22
2025-07-11,Rio de Janeiro,Operação A,14458,95.6,580378.72,670,4.64,14151,151.23,6070.91,102.17
2025-07-11,Rio de Janeiro,Operação B,15166,98.4,559398.77,382,2.52,14567,154.13,5684.95,104.11
2025-07-11,Rio de Janeiro,Operação C,12445,79.5,504041.28,387,3.12,11766,156.54,6340.14,105.77
2025-07-11,Curitiba,Operação A,12328,80.7,400277.22,322,2.62,11950,152.76,4960.06,103.16
2025-07-11,Curitiba,Operação B,11516,69.4,446184.49,419,3.64,10275,165.94,6429.17,112.08
2025-07-11,Curitiba,Operação C,11102,66.5,522352.54,383,3.45,9849,166.95,7854.93,112.72
2025-07-11,Belo Horizonte,Operação A,11206,76.8,459846.58,353,3.15,11373,145.91,5987.59,98.53
2025-07-11,Belo Horizonte,Operação B,11586,73.6,514038.43,522,4.51,10892,157.42,6984.22,106.37
2025-07-11,Belo Horizonte,Operação C,11477,74.4,532508.18,369,3.22,11011,154.26,7157.37,104.23
2025-07-11,Campinas,Operação A,12986,79.0,597793.16,464,3.58,11698,164.38,7567.0,111.01
2025-07-11,Campinas,Operação B,7844,56.8,328191.79,370,4.73,8412,138.1,5778.02,93.25
2025-07-11,Campinas,Operação C,8384,52.0,380430.75,274,3.27,7691,161.23,7315.98,109.01
2025-07-12,São Paulo,Operação A,13606,127.1,504905.04,376,2.77,16534,107.05,3972.5,82.29
2025-07-12,São Paulo,Operação B,13314,96.8,574634.25,507,3.82,12588,137.54,5936.3,105.77
2025-07-12,São Paulo,Operação C,11843,94.4,439698.56,452,3.82,12278,125.46,4657.82,96.46
2025-07-12,Rio de Janeiro,Operação A,11884,99.3,545301.82,548,4.62,12921,119.68,5491.46,91.97
2025-07-12,Rio de Janeiro,Operação B,13769,101.1,612771.84,632,4.6,13153,136.19,6061.05,104.68
2025-07-12,Rio de Janeiro,Operação C,10850,74.9,467652.2,459,4.23,9742,144.86,6243.69,111.37
2025-07-12,Curitiba,Operação A,12636,86.2,542009.79,292,2.31,11211,146.59,6287.82,112.71
2025-07-12,Curitiba,Operação B,10539,84.0,495461.92,361,3.43,10923,125.46,5898.36,96.48
2025-07-12,Curitiba,Operação C,10619,73.2,464268.75,414,3.91,9520,145.07,6342.47,111.54
2025-07-12,Belo Horizonte,Operação A,9598,83.1,407658.93,250,2.61,10813,115.5,4905.64,88.76
2025-07-12,Belo Horizonte,Operação B,8768,70.9,326697.37,419,4.78,9223,123.67,4607.86,95.07
2025-07-12,Belo Horizonte,Operação C,9249,68.8,395293.7,305,3.3,8953,134.43,5745.55,103.31
2025-07-12,Campinas,Operação A,9569,74.7,439934.4,315,3.3,9720,128.1,5889.35,98.45
2025-07-12,Campinas,Operação B,7884,58.6,312485.59,296,3.76,7618,134.54,5332.52,103.49
2025-07-12,Campinas,Operação C,6992,50.4,327673.27,204,2.92,6551,138.73,6501.45,106.73
2025-07-13,São Paulo,Operação A,16209,117.0,652518.75,627,3.87,15195,138.54,5577.08,106.67
2025-07-13,São Paulo,Operação B,15366,106.4,608125.43,421,2.75,13822,144.42,5715.46,111.17
2025-07-13,São Paulo,Operação C,11019,88.0,487678.82,283,2.57,11439,125.22,5541.8,96.33
2025-07-13,Rio de Janeiro,Operação A,17580,120.1,739244.33,737,4.19,15598,146.38,6155.24,112.71
2025-07-13,Rio de Janeiro,Operação B,12438,78.7,493031.64,423,3.4,10230,158.04,6264.7,121.58
2025-07-13,Rio de Janeiro,Operação C,9215,66.4,346250.15,330,3.58,8624,138.78,5214.61,106.85
2025-07-13,Curitiba,Operação A,10061,81.1,390191.28,370,3.68,10531,124.06,4811.24,95.54
2025-07-13,Curitiba,Operação B,8247,64.8,368254.06,460,5.58,8422,127.27,5682.93,97.92
2025-07-13,Curitiba,Operação C,8579,68.3,347720.11,302,3.53,8872,125.61,5091.07,96.7
2025-07-13,Belo Horizonte,Operação A,11092,77.7,475512.86,468,4.23,10096,142.75,6119.86,109.87
2025-07-13,Belo Horizonte,Operação B,9902,67.5,409289.84,269,2.72,8769,146.7,6063.55,112.92
2025-07-13,Belo Horizonte,Operação C,8967,76.6,350116.92,268,3.0,9949,117.06,4570.72,90.13
2025-07-13,Campinas,Operação A,13351,88.3,640523.74,431,3.24,11470,151.2,7253.95,116.4
2025-07-13,Campinas,Operação B,10808,78.5,496185.05,393,3.64,10196,137.68,6320.83,106.0
2025-07-13,Campinas,Operação C,7092,53.8,291916.93,282,3.99,6986,131.82,5425.97,101.52
2025-07-14,São Paulo,Operação A,18309,120.4,879529.5,206,1.13,17758,152.07,7305.06,103.1
2025-07-14,São Paulo,Operação B,16971,106.1,790642.43,585,3.45,15638,159.95,7451.86,108.52
2025-07-14,São Paulo,Operação C,14927,91.7,715968.56,486,3.26,13513,162.78,7807.73,110.46
2025-07-14,Rio de Janeiro,Operação A,17978,105.6,602332.96,529,2.95,15569,170.25,5703.91,115.47
2025-07-14,Rio de Janeiro,Operação B,16475,100.5,726379.14,517,3.14,14811,163.93,7227.65,111.23
2025-07-14,Rio de Janeiro,Operação C,10691,73.2,515221.02,320,3.0,10792,146.05,7038.54,99.06
2025-07-14,Curitiba,Operação A,12350,85.6,560333.04,379,3.07,12617,144.28,6545.95,97.88
2025-07-14,Curitiba,Operação B,9826,73.1,349280.17,344,3.51,10780,134.42,4778.11,91.15
2025-07-14,Curitiba,Operação C,9730,55.7,328425.52,278,2.86,8207,174.69,5896.33,118.56
2025-07-14,Belo Horizonte,Operação A,11917,80.3,447881.59,325,2.73,11835,148.41,5577.6,100.69
2025-07-14,Belo Horizonte,Operação B,9370,62.8,466698.3,333,3.56,9253,149.2,7431.5,101.26
2025-07-14,Belo Horizonte,Operação C,10982,69.6,510173.75,138,1.26,10264,157.79,7330.08,107.0
2025-07-14,Campinas,Operação A,11406,68.6,452967.12,560,4.91,10113,166.27,6603.02,112.79
2025-07-14,Campinas,Operação B,10592,71.9,423545.97,284,2.69,10598,147.32,5890.76,99.94
2025-07-14,Campinas,Operação C,6920,49.7,302509.49,161,2.34,7329,139.24,6086.71,94.42
2025-07-15,São Paulo,Operação A,19393,122.1,685643.05,919,4.74,17977,158.83,5615.42,107.88
2025-07-15,São Paulo,Operação B,16988,106.1,661943.18,679,4.0,15621,160.11,6238.86,108.75
2025-07-15,São Paulo,Operação C,14820,98.1,741113.96,523,3.54,14441,151.07,7554.68,102.62
2025-07-15,Rio de Janeiro,Operação A,17345,111.7,769113.48,375,2.16,16448,155.28,6885.53,105.45
2025-07-15,Rio de Janeiro,Operação B,13392,92.8,517124.14,655,4.9,13663,144.31,5572.46,98.02
2025-07-15,Rio de Janeiro,Operação C,11016,77.9,446847.22,270,2.46,11466,141.41,5736.16,96.08
2025-07-15,Curitiba,Operação A,13736,94.9,605993.86,629,4.58,13973,144.74,6385.6,98.3
2025-07-15,Curitiba,Operação B,11093,70.3,420199.02,605,5.46,10350,157.8,5977.23,107.18
2025-07-15,Curitiba,Operação C,10731,71.5,417528.88,365,3.41,10527,150.08,5839.56,101.94
2025-07-15,Belo Horizonte,Operação A,13450,77.8,498966.23,485,3.61,11451,172.88,6413.45,117.46
2025-07-15,Belo Horizonte,Operação B,10497,69.6,436313.4,357,3.41,10243,150.82,6268.87,102.48
2025-07-15,Belo Horizonte,Operação C,10699,67.4,467285.74,114,1.07,9930,158.74,6933.02,107.74
2025-07-15,Campinas,Operação A,9795,72.8,436712.82,458,4.68,10722,134.55,5998.8,91.35
2025-07-15,Campinas,Operação B,8217,55.0,325414.38,368,4.49,8100,149.4,5916.63,101.44
2025-07-15,Campinas,Operação C,9343,54.8,407868.82,345,3.69,8066,170.49,7442.86,115.83
2025-07-16,São Paulo,Operação A,19011,118.4,666321.39,678,3.57,17402,160.57,5627.71,109.25
2025-07-16,São Paulo,Operação B,16286,102.0,671784.37,434,2.67,14999,159.67,6586.12,108.58
2025-07-16,São Paulo,Operação C,12673,90.3,434670.61,517,4.08,13270,140.34,4813.63,95.5
2025-07-16,Rio de Janeiro,Operação A,16911,107.8,798397.29,501,2.97,15848,156.87,7406.28,106.71
2025-07-16,Rio de Janeiro,Operação B,12122,80.2,492274.41,342,2.83,11789,151.15,6138.08,102.82
2025-07-16,Rio de Janeiro,Operação C,11462,78.8,397226.83,360,3.15,11588,145.46,5040.95,98.91
2025-07-16,Curitiba,Operação A,11875,76.9,467588.35,521,4.39,11309,154.42,6080.47,105.0
2025-07-16,Curitiba,Operação B,13533,85.0,484425.85,636,4.7,12502,159.21,5699.13,108.25
2025-07-16,Curitiba,Operação C,11558,76.0,546597.52,353,3.06,11170,152.08,7192.07,103.47
2025-07-16,Belo Horizonte,Operação A,9651,67.1,472099.93,222,2.31,9864,143.83,7035.77,97.84
2025-07-16,Belo Horizonte,Operação B,10614,69.7,424009.17,333,3.15,10247,152.28,6083.35,103.58
2025-07-16,Belo Horizonte,Operação C,9026,61.8,327750.0,331,3.67,9092,146.05,5303.4,99.27
2025-07-16,Campinas,Operação A,12610,78.2,488776.94,315,2.5,11503,161.25,6250.34,109.62
2025-07-16,Campinas,Operação B,10034,59.5,447339.72,407,4.06,8750,168.64,7518.31,114.67
2025-07-16,Campinas,Operação C,9439,60.3,400991.7,380,4.03,8873,156.53,6649.95,106.38
2025-07-17,São Paulo,Operação A,15591,114.1,699910.98,700,4.49,16746,136.64,6134.19,93.1
2025-07-17,São Paulo,Operação B,15191,94.7,740152.05,531,3.5,13901,160.41,7815.76,109.28
2025-07-17,São Paulo,Operação C,12927,84.5,514466.99,388,3.01,12403,152.98,6088.37,104.22
2025-07-17,Rio de Janeiro,Operação A,14380,106.8,520905.21,505,3.52,15676,134.64,4877.39,91.73
2025-07-17,Rio de Janeiro,Operação B,13990,90.0,692517.61,501,3.58,13221,155.44,7694.64,105.82
2025-07-17,Rio de Janeiro,Operação C,11813,83.6,532432.59,363,3.08,12270,141.3,6368.81,96.28
2025-07-17,Curitiba,Operação A,12854,85.4,592979.4,315,2.45,12535,150.52,6943.55,102.54
2025-07-17,Curitiba,Operação B,8641,57.8,379116.31,312,3.62,8489,149.5,6559.11,101.79
2025-07-17,Curitiba,Operação C,11504,73.6,457221.96,188,1.64,10802,156.3,6212.25,106.5
2025-07-17,Belo Horizonte,Operação A,12766,78.5,516152.47,449,3.52,11525,162.62,6575.19,110.77
2025-07-17,Belo Horizonte,Operação B,10239,72.6,455563.25,492,4.81,10667,141.03,6274.98,95.99
2025-07-17,Belo Horizonte,Operação C,8401,60.1,350603.94,144,1.72,8828,139.78,5833.68,95.16
2025-07-17,Campinas,Operação A,11440,73.1,557157.12,382,3.34,10731,156.5,7621.85,106.61
2025-07-17,Campinas,Operação B,9176,64.4,372309.7,209,2.28,9450,142.48,5781.21,97.1
2025-07-17,Campinas,Operação C,7833,52.8,338360.53,235,3.0,7746,148.35,6408.34,101.12
2025-07-18,São Paulo,Operação A,17530,118.5,713015.26,624,3.56,17370,147.93,6017.01,100.92
2025-07-18,São Paulo,Operação B,16404,102.8,681051.89,528,3.22,15071,159.57,6625.02,108.84
2025-07-18,São Paulo,Operação C,12801,88.9,519213.11,656,5.12,13041,143.99,5840.42,98.16
2025-07-18,Rio de Janeiro,Operação A,14461,97.3,584948.11,477,3.3,14273,148.62,6011.8,101.32
2025-07-18,Rio de Janeiro,Operação B,13576,87.9,477322.65,587,4.33,12886,154.45,5430.29,105.35
2025-07-18,Rio de Janeiro,Operação C,11593,83.8,381684.35,315,2.72,12288,138.34,4554.71,94.34
2025-07-18,Curitiba,Operação A,14878,83.2,657206.31,305,2.05,12196,178.82,7899.11,121.99
2025-07-18,Curitiba,Operação B,10412,69.0,447869.41,254,2.45,10113,150.9,6490.86,102.96
2025-07-18,Curitiba,Operação C,9210,64.0,346157.53,341,3.71,9384,143.91,5408.71,98.15
2025-07-18,Belo Horizonte,Operação A,13729,85.6,608161.0,425,3.1,12548,160.39,7104.68,109.41
2025-07-18,Belo Horizonte,Operação B,11564,74.7,491883.62,348,3.01,10954,154.81,6584.79,105.57
2025-07-18,Belo Horizonte,Operação C,8812,57.9,456104.7,329,3.74,8484,152.19,7877.46,103.87
2025-07-18,Campinas,Operação A,9481,66.4,379552.24,496,5.24,9743,142.79,5716.15,97.31
2025-07-18,Campinas,Operação B,9459,58.7,383054.38,350,3.71,8608,161.14,6525.63,109.89
2025-07-18,Campinas,Operação C,8678,59.7,342221.73,418,4.83,8748,145.36,5732.36,99.2
2025-07-19,São Paulo,Operação A,17533,124.8,791599.26,678,3.87,16078,140.49,6342.94,109.05
2025-07-19,São Paulo,Operação B,15577,116.6,690202.06,364,2.34,15029,133.59,5919.4,103.65
2025-07-19,São Paulo,Operação C,10297,84.4,484950.13,150,1.46,10879,122.0,5745.85,94.65
2025-07-19,Rio de Janeiro,Operação A,10621,100.9,410765.57,330,3.11,13004,105.26,4071.02,81.67
2025-07-19,Rio de Janeiro,Operação B,13671,99.9,528622.49,595,4.35,12873,136.85,5291.52,106.2
2025-07-19,Rio de Janeiro,Operação C,10614,79.5,394727.38,287,2.71,10245,133.51,4965.12,103.6
2025-07-19,Curitiba,Operação A,10566,79.1,447063.76,500,4.74,10192,133.58,5651.88,103.67
2025-07-19,Curitiba,Operação B,8255,76.5,355382.44,193,2.34,9857,107.91,4645.52,83.75
2025-07-19,Curitiba,Operação C,7307,58.2,287505.95,175,2.4,7497,125.55,4939.96,97.47
2025-07-19,Belo Horizonte,Operação A,9790,81.6,425147.1,517,5.29,10512,119.98,5210.14,93.13
2025-07-19,Belo Horizonte,Operação B,7882,60.4,251484.44,256,3.26,7782,130.5,4163.65,101.29
2025-07-19,Belo Horizonte,Operação C,9208,65.8,389585.46,387,4.21,8483,139.94,5920.75,108.55
2025-07-19,Campinas,Operação A,13204,88.5,526970.53,308,2.34,11410,149.2,5954.47,115.72
2025-07-19,Campinas,Operação B,7293,58.7,319472.71,186,2.56,7558,124.24,5442.47,96.49
2025-07-19,Campinas,Operação C,7557,53.6,314350.17,207,2.74,6908,140.99,5864.74,109.39
2025-07-20,São Paulo,Operação A,14563,126.1,592551.28,504,3.47,16228,115.49,4699.06,89.74
2025-07-20,São Paulo,Operação B,13818,102.6,614096.23,479,3.47,13205,134.68,5985.34,104.64
2025-07-20,São Paulo,Operação C,11320,87.6,447750.56,467,4.13,11276,129.22,5111.31,100.39
2025-07-20,Rio de Janeiro,Operação A,13974,99.2,587969.97,430,3.08,12766,140.87,5927.12,109.46
2025-07-20,Rio de Janeiro,Operação B,11930,94.5,531514.14,437,3.67,12165,126.24,5624.49,98.07
2025-07-20,Rio de Janeiro,Operação C,10370,75.2,458212.54,458,4.43,9677,137.9,6093.25,107.16
2025-07-20,Curitiba,Operação A,12604,91.6,472519.37,688,5.46,11792,137.6,5158.51,106.89
2025-07-20,Curitiba,Operação B,9072,64.0,396674.43,232,2.56,8233,141.75,6198.04,110.19
2025-07-20,Curitiba,Operação C,8473,64.1,400114.81,248,2.93,8245,132.18,6242.04,102.77
2025-07-20,Belo Horizonte,Operação A,8712,78.3,426357.01,230,2.64,10079,111.26,5445.17,86.44
2025-07-20,Belo Horizonte,Operação B,9505,72.0,395484.0,394,4.15,9264,132.01,5492.83,102.6
2025-07-20,Belo Horizonte,Operação C,9883,73.0,440982.54,371,3.76,9399,135.38,6040.86,105.15
2025-07-20,Campinas,Operação A,10016,77.8,463756.45,439,4.39,10018,128.74,5960.88,99.98
2025-07-20,Campinas,Operação B,8761,69.1,362062.78,323,3.69,8889,126.79,5239.69,98.56
2025-07-20,Campinas,Operação C,6652,45.0,279057.35,247,3.73,5791,147.82,6201.27,114.87
2025-07-21,São Paulo,Operação A,15583,113.8,616835.61,572,3.68,16625,136.93,5420.35,93.73
2025-07-21,São Paulo,Operação B,16363,107.2,709939.78,528,3.23,15658,152.64,6622.57,104.5
2025-07-21,São Paulo,Operação C,15604,93.7,699358.14,647,4.15,13680,166.53,7463.8,114.06
2025-07-21,Rio de Janeiro,Operação A,14285,105.8,540277.75,551,3.86,15450,135.02,5106.59,92.46
2025-07-21,Rio de Janeiro,Operação B,14019,90.1,682805.12,572,4.08,13162,155.59,7578.3,106.51
2025-07-21,Rio de Janeiro,Operação C,13397,88.2,519416.93,462,3.45,12879,151.89,5889.08,104.02
2025-07-21,Curitiba,Operação A,13262,79.2,598932.67,519,3.92,11572,167.45,7562.28,114.6
2025-07-21,Curitiba,Operação B,10683,82.5,473818.31,261,2.45,12041,129.49,5743.25,88.72
2025-07-21,Curitiba,Operação C,9579,64.9,427673.1,352,3.68,9477,147.6,6589.72,101.08
2025-07-21,Belo Horizonte,Operação A,12948,89.6,580542.45,469,3.63,13081,144.51,6479.27,98.98
2025-07-21,Belo Horizonte,Operação B,8225,58.3,340519.01,361,4.39,8507,141.08,5840.81,96.69
2025-07-21,Belo Horizonte,Operação C,8949,64.6,370835.24,457,5.11,9432,138.53,5740.48,94.88
2025-07-21,Campinas,Operação A,10543,71.5,463543.64,433,4.11,10442,147.45,6483.13,100.97
2025-07-21,Campinas,Operação B,9108,58.3,370553.9,371,4.08,8515,156.23,6355.98,106.96
2025-07-21,Campinas,Operação C,8628,55.3,336175.06,245,2.84,8077,156.02,6079.12,106.82
2025-07-22,São Paulo,Operação A,18658,124.5,804908.71,607,3.25,18157,149.86,6465.13,102.76
2025-07-22,São Paulo,Operação B,15698,108.8,650801.33,648,4.13,15867,144.28,5981.63,98.93
2025-07-22,São Paulo,Operação C,14288,98.4,712095.86,535,3.75,14353,145.2,7236.75,99.55
2025-07-22,Rio de Janeiro,Operação A,14908,96.4,603296.99,573,3.85,14064,154.65,6258.27,106.0
2025-07-22,Rio de Janeiro,Operação B,13619,89.9,522338.04,584,4.29,13112,151.49,5810.21,103.87
2025-07-22,Rio de Janeiro,Operação C,9909,71.3,430738.69,473,4.78,10396,138.98,6041.22,95.32
2025-07-22,Curitiba,Operação A,13028,82.4,603109.9,540,4.15,12018,158.11,7319.29,108.4
2025-07-22,Curitiba,Operação B,9969,71.6,330669.83,327,3.29,10446,139.23,4618.29,95.43
2025-07-22,Curitiba,Operação C,10162,73.2,455266.13,278,2.74,10675,138.83,6219.48,95.19
2025-07-22,Belo Horizonte,Operação A,12796,80.9,503676.39,465,3.64,11799,158.17,6225.91,108.45
2025-07-22,Belo Horizonte,Operação B,10563,66.8,453588.62,374,3.55,9742,158.13,6790.25,108.43
2025-07-22,Belo Horizonte,Operação C,11393,72.2,447045.28,390,3.43,10537,157.8,6191.76,108.12
2025-07-22,Campinas,Operação A,10638,70.2,554218.92,403,3.8,10237,151.54,7894.86,103.92
2025-07-22,Campinas,Operação B,6850,47.2,234753.0,221,3.24,6891,145.13,4973.58,99.41
2025-07-22,Campinas,Operação C,6368,45.0,228720.18,242,3.81,6563,141.51,5082.67,97.03
2025-07-23,São Paulo,Operação A,18118,117.9,753378.95,432,2.38,17170,153.67,6389.98,105.52
2025-07-23,São Paulo,Operação B,18117,106.1,790568.82,572,3.16,15453,170.75,7451.17,117.24
2025-07-23,São Paulo,Operação C,11304,80.2,495252.64,492,4.36,11682,140.95,6175.22,96.76
2025-07-23,Rio de Janeiro,Operação A,16777,105.6,752124.87,655,3.91,15375,158.87,7122.39,109.12
2025-07-23,Rio de Janeiro,Operação B,13039,85.6,503390.01,458,3.51,12467,152.32,5880.72,104.59
2025-07-23,Rio de Janeiro,Operação C,13740,81.7,505097.13,533,3.89,11899,168.18,6182.34,115.47
2025-07-23,Curitiba,Operação A,15096,95.2,684328.58,599,3.97,13872,158.57,7188.33,108.82
2025-07-23,Curitiba,Operação B,11526,82.9,420195.24,402,3.49,12073,139.03,5068.7,95.47
2025-07-23,Curitiba,Operação C,8143,49.8,381767.14,256,3.15,7256,163.51,7666.01,112.22
2025-07-23,Belo Horizonte,Operação A,11614,77.6,490204.67,418,3.6,11297,149.66,6317.07,102.81
2025-07-23,Belo Horizonte,Operação B,10945,73.6,500983.0,422,3.86,10721,148.71,6806.83,102.09
2025-07-23,Belo Horizonte,Operação C,9395,57.1,343546.7,321,3.43,8315,164.54,6016.58,112.99
2025-07-23,Campinas,Operação A,11073,77.5,478776.84,435,3.93,11287,142.88,6177.77,98.1
2025-07-23,Campinas,Operação B,8307,55.5,343693.69,254,3.06,8080,149.68,6192.68,102.81
2025-07-23,Campinas,Operação C,10006,70.2,460473.33,318,3.19,10229,142.54,6559.45,97.82
2025-07-24,São Paulo,Operação A,16694,110.3,744491.86,707,4.24,16040,151.35,6749.7,104.08
2025-07-24,São Paulo,Operação B,20566,113.4,884380.3,610,2.97,16501,181.36,7798.77,124.63
2025-07-24,São Paulo,Operação C,13773,93.4,629479.33,339,2.46,13582,147.46,6739.61,101.41
2025-07-24,Rio de Janeiro,Operação A,19167,120.3,675904.78,562,2.93,17500,159.33,5618.49,109.53
2025-07-24,Rio de Janeiro,Operação B,15604,95.9,575960.02,635,4.07,13952,162.71,6005.84,111.84
2025-07-24,Rio de Janeiro,Operação C,9820,65.7,456121.2,300,3.06,9563,149.47,6942.48,102.69
2025-07-24,Curitiba,Operação A,11286,74.3,446712.57,451,4.0,10811,151.9,6012.28,104.39
2025-07-24,Curitiba,Operação B,9612,67.6,326000.5,349,3.64,9833,142.19,4822.49,97.75
2025-07-24,Curitiba,Operação C,8794,63.8,376165.06,380,4.32,9283,137.84,5896.0,94.73
2025-07-24,Belo Horizonte,Operação A,12043,78.6,518971.95,305,2.54,11440,153.22,6602.7,105.27
2025-07-24,Belo Horizonte,Operação B,12224,84.1,545489.46,503,4.12,12233,145.35,6486.2,99.93
2025-07-24,Belo Horizonte,Operação C,9458,60.4,406535.83,223,2.37,8780,156.59,6730.73,107.72
2025-07-24,Campinas,Operação A,9840,68.4,395105.72,241,2.46,9949,143.86,5776.4,98.9
2025-07-24,Campinas,Operação B,11599,69.4,532533.43,523,4.52,10093,167.13,7673.39,114.92
2025-07-24,Campinas,Operação C,7426,51.7,288764.85,298,4.02,7521,143.64,5585.39,98.74
2025-07-25,São Paulo,Operação A,17836,119.5,841513.08,682,3.82,17355,149.26,7041.95,102.77
2025-07-25,São Paulo,Operação B,13814,96.6,617872.22,598,4.33,14038,143.0,6396.19,98.4
2025-07-25,São Paulo,Operação C,15995,94.1,776397.76,616,3.85,13665,169.98,8250.77,117.05
2025-07-25,Rio de Janeiro,Operação A,13343,97.9,539730.66,547,4.1,14216,136.29,5513.08,93.86
2025-07-25,Rio de Janeiro,Operação B,15912,103.0,742690.87,525,3.3,14961,154.49,7210.59,106.36
2025-07-25,Rio de Janeiro,Operação C,13294,83.7,453081.09,421,3.17,12164,158.83,5413.16,109.29
2025-07-25,Curitiba,Operação A,14002,91.5,521069.59,217,1.56,13295,153.03,5694.75,105.32
2025-07-25,Curitiba,Operação B,10640,71.2,409260.24,384,3.61,10349,149.44,5748.04,102.81
2025-07-25,Curitiba,Operação C,10764,68.5,350651.55,263,2.45,9949,157.14,5119.0,108.19
2025-07-25,Belo Horizonte,Operação A,12181,78.0,535439.44,472,3.88,11334,156.17,6864.61,107.47
2025-07-25,Belo Horizonte,Operação B,9829,67.0,384183.01,404,4.11,9735,146.7,5734.07,100.97
2025-07-25,Belo Horizonte,Operação C,8730,54.9,373918.24,302,3.46,7974,159.02,6810.9,109.48
2025-07-25,Campinas,Operação A,8985,66.1,354093.36,290,3.24,9606,135.93,5356.93,93.54
2025-07-25,Campinas,Operação B,6662,45.0,304436.28,263,3.95,6537,148.04,6765.25,101.91
2025-07-25,Campinas,Operação C,7628,50.6,303406.31,276,3.62,7357,150.75,5996.17,103.68
2025-07-26,São Paulo,Operação A,18124,128.7,798963.5,562,3.11,16426,140.82,6207.95,110.34
2025-07-26,São Paulo,Operação B,12537,107.7,513898.98,497,3.97,13757,116.41,4771.58,91.13
2025-07-26,São Paulo,Operação C,13174,95.4,568844.4,440,3.34,12178,138.09,5962.73,108.18
2025-07-26,Rio de Janeiro,Operação A,13236,107.5,511191.41,469,3.55,13724,123.13,4755.27,96.44
2025-07-26,Rio de Janeiro,Operação B,10519,91.4,460948.74,433,4.12,11671,115.09,5043.2,90.13
2025-07-26,Rio de Janeiro,Operação C,12129,78.8,476284.72,389,3.21,10065,153.92,6044.22,120.51
2025-07-26,Curitiba,Operação A,10774,82.1,438341.28,255,2.37,10482,131.23,5339.11,102.79
2025-07-26,Curitiba,Operação B,9168,70.0,430110.2,482,5.26,8934,130.97,6144.43,102.62
2025-07-26,Curitiba,Operação C,9269,74.3,363500.16,312,3.37,9485,124.75,4892.33,97.72
2025-07-26,Belo Horizonte,Operação A,12081,92.6,443251.53,374,3.1,11828,130.46,4786.73,102.14
2025-07-26,Belo Horizonte,Operação B,10372,75.0,427317.41,419,4.05,9575,138.29,5697.57,108.32
2025-07-26,Belo Horizonte,Operação C,6036,45.4,274292.39,171,2.83,5799,132.95,6041.68,104.09
2025-07-26,Campinas,Operação A,7440,64.9,359795.29,217,2.92,8282,114.64,5543.84,89.83
2025-07-26,Campinas,Operação B,8688,63.2,417443.39,293,3.38,8067,137.47,6605.12,107.7
2025-07-26,Campinas,Operação C,6722,50.3,316850.35,226,3.36,6427,133.64,6299.21,104.59
2025-07-27,São Paulo,Operação A,13070,111.2,485090.57,547,4.19,14178,117.54,4362.33,92.19
2025-07-27,São Paulo,Operação B,12648,100.3,494993.79,451,3.57,12783,126.1,4935.13,98.94
2025-07-27,São Paulo,Operação C,11441,88.5,542272.46,541,4.73,11287,129.28,6127.37,101.36
2025-07-27,Rio de Janeiro,Operação A,12462,92.5,484678.98,411,3.3,11789,134.72,5239.77,105.71
2025-07-27,Rio de Janeiro,Operação B,11989,92.4,514589.93,484,4.04,11777,129.75,5569.16,101.8
2025-07-27,Rio de Janeiro,Operação C,10244,81.4,404465.92,240,2.35,10384,125.85,4968.87,98.65
2025-07-27,Curitiba,Operação A,11822,78.9,459071.73,300,2.55,10059,149.84,5818.4,117.53
2025-07-27,Curitiba,Operação B,9941,76.0,409744.43,459,4.63,9695,130.8,5391.37,102.54
2025-07-27,Curitiba,Operação C,8727,68.8,351716.39,270,3.1,8771,126.85,5112.16,99.5
2025-07-27,Belo Horizonte,Operação A,11123,86.3,387385.01,385,3.46,11001,128.89,4488.82,101.11
2025-07-27,Belo Horizonte,Operação B,8953,58.9,341443.5,301,3.37,7515,152.0,5797.0,119.14
2025-07-27,Belo Horizonte,Operação C,8151,63.1,332885.85,312,3.84,8051,129.18,5275.53,101.24
2025-07-27,Campinas,Operação A,11302,81.4,541524.66,300,2.66,10380,138.85,6652.64,108.88
2025-07-27,Campinas,Operação B,8487,63.7,368372.85,390,4.6,8125,133.23,5782.93,104.46
2025-07-27,Campinas,Operação C,6730,52.6,297034.76,139,2.08,6703,127.95,5647.05,100.4
2025-07-28,São Paulo,Operação A,17215,116.2,659654.11,748,4.35,16818,148.15,5676.89,102.36
2025-07-28,São Paulo,Operação B,14080,95.1,607870.61,645,4.58,13757,148.05,6391.91,102.35
2025-07-28,São Paulo,Operação C,14360,90.1,643362.2,516,3.6,13042,159.38,7140.53,110.11
2025-07-28,Rio de Janeiro,Operação A,12927,96.1,548441.18,396,3.07,13907,134.52,5706.98,92.95
2025-07-28,Rio de Janeiro,Operação B,15204,96.6,627340.7,391,2.57,13984,157.39,6494.21,108.72
2025-07-28,Rio de Janeiro,Operação C,11520,83.0,448889.98,312,2.72,12004,138.8,5408.31,95.97
2025-07-28,Curitiba,Operação A,13573,83.9,569792.32,426,3.15,12141,161.78,6791.33,111.79
2025-07-28,Curitiba,Operação B,9803,63.1,381124.77,352,3.59,9134,155.36,6040.01,107.32
2025-07-28,Curitiba,Operação C,9888,62.5,409076.99,341,3.45,9039,158.21,6545.23,109.39
2025-07-28,Belo Horizonte,Operação A,14337,83.6,653104.65,491,3.43,12091,171.5,7812.26,118.58
2025-07-28,Belo Horizonte,Operação B,10043,69.7,383642.77,307,3.06,10089,144.09,5504.2,99.54
2025-07-28,Belo Horizonte,Operação C,8746,55.9,329857.32,399,4.57,8093,156.46,5900.85,108.07
2025-07-28,Campinas,Operação A,11379,76.0,477932.5,347,3.05,10996,149.72,6288.59,103.48
2025-07-28,Campinas,Operação B,10201,63.4,399750.4,231,2.27,9173,160.9,6305.21,111.21
2025-07-28,Campinas,Operação C,9029,59.0,338760.9,263,2.91,8544,153.03,5741.71,105.68
2025-07-29,São Paulo,Operação A,15858,111.9,645504.16,521,3.29,16167,141.72,5768.58,98.09
2025-07-29,São Paulo,Operação B,13851,97.9,569066.43,503,3.63,14155,141.48,5812.73,97.85
2025-07-29,São Paulo,Operação C,14206,88.0,625523.58,316,2.23,12716,161.43,7108.22,111.72
2025-07-29,Rio de Janeiro,Operação A,16719,107.4,673124.66,385,2.3,15521,155.67,6267.45,107.72
2025-07-29,Rio de Janeiro,Operação B,13472,90.3,505380.73,315,2.34,13044,149.19,5596.69,103.28
2025-07-29,Rio de Janeiro,Operação C,11571,78.8,466669.29,397,3.43,11383,146.84,5922.2,101.65
2025-07-29,Curitiba,Operação A,11171,77.2,493013.1,359,3.22,11150,144.7,6386.18,100.19
2025-07-29,Curitiba,Operação B,8967,62.1,338229.56,333,3.71,8974,144.4,5446.53,99.92
2025-07-29,Curitiba,Operação C,8867,67.2,399334.67,231,2.61,9708,131.95,5942.48,91.34
2025-07-29,Belo Horizonte,Operação A,13554,91.1,501693.53,350,2.59,13162,148.78,5507.06,102.98
2025-07-29,Belo Horizonte,Operação B,10478,72.1,436025.04,501,4.79,10425,145.33,6047.5,100.51
2025-07-29,Belo Horizonte,Operação C,8464,56.4,403558.25,314,3.72,8157,150.07,7155.29,103.76
2025-07-29,Campinas,Operação A,9197,59.5,343489.45,425,4.63,8596,154.57,5772.93,106.99
2025-07-29,Campinas,Operação B,10054,55.7,481279.99,287,2.86,8056,180.5,8640.57,124.8
2025-07-29,Campinas,Operação C,8531,54.3,385043.63,328,3.85,7842,157.11,7091.04,108.79
2025-07-30,São Paulo,Operação A,18726,126.6,759023.38,603,3.22,18280,147.91,5995.45,102.44
2025-07-30,São Paulo,Operação B,16598,108.5,716454.91,686,4.14,15662,152.98,6603.27,105.98
2025-07-30,São Paulo,Operação C,11558,75.8,495540.88,558,4.84,10947,152.48,6537.48,105.58
2025-07-30,Rio de Janeiro,Operação A,15388,93.0,650937.58,598,3.89,13428,165.46,6999.33,114.6
2025-07-30,Rio de Janeiro,Operação B,15800,101.9,688903.28,583,3.69,14713,155.05,6760.58,107.39
2025-07-30,Rio de Janeiro,Operação C,11312,76.0,442728.48,391,3.46,10969,148.84,5825.37,103.13
2025-07-30,Curitiba,Operação A,10526,68.5,436966.37,340,3.23,9890,153.66,6379.07,106.43
2025-07-30,Curitiba,Operação B,10109,75.3,502589.96,345,3.42,10874,134.25,6674.5,92.96
2025-07-30,Curitiba,Operação C,8890,63.9,374231.53,409,4.61,9227,139.12,5856.52,96.35
2025-07-30,Belo Horizonte,Operação A,13817,87.4,610512.38,443,3.21,12616,158.09,6985.27,109.52
2025-07-30,Belo Horizonte,Operação B,8757,59.5,359531.89,379,4.34,8595,147.18,6042.55,101.88
2025-07-30,Belo Horizonte,Operação C,10540,63.5,493166.12,330,3.13,9166,165.98,7766.4,114.99
2025-07-30,Campinas,Operação A,9516,58.2,451415.64,229,2.41,8395,163.51,7756.28,113.35
2025-07-30,Campinas,Operação B,11036,72.1,470605.3,528,4.79,10402,153.07,6527.12,106.09
2025-07-30,Campinas,Operação C,9908,63.5,434890.54,395,3.99,9170,156.03,6848.67,108.05
2025-07-31,São Paulo,Operação A,17076,115.1,655560.13,552,3.23,16589,148.36,5695.57,102.94
2025-07-31,São Paulo,Operação B,14225,99.9,605230.88,461,3.24,14406,142.39,6058.37,98.74
2025-07-31,São Paulo,Operação C,12375,93.7,514138.94,446,3.61,13510,132.07,5487.08,91.6
2025-07-31,Rio de Janeiro,Operação A,14946,101.6,532959.65,565,3.79,14640,147.11,5245.67,102.09
2025-07-31,Rio de Janeiro,Operação B,14599,94.7,673815.51,534,3.66,13657,154.16,7115.26,106.9
2025-07-31,Rio de Janeiro,Operação C,12458,82.7,557498.03,278,2.24,11926,150.64,6741.21,104.46
2025-07-31,Curitiba,Operação A,13012,78.6,418443.24,440,3.39,11333,165.55,5323.71,114.82
2025-07-31,Curitiba,Operação B,12136,82.0,490051.14,437,3.6,11822,148.0,5976.23,102.66
2025-07-31,Curitiba,Operação C,9326,62.5,366199.15,409,4.39,9006,149.22,5859.19,103.55
2025-07-31,Belo Horizonte,Operação A,13299,90.1,484802.31,409,3.08,12991,147.6,5380.71,102.37
2025-07-31,Belo Horizonte,Operação B,10552,68.4,400637.78,304,2.88,9862,154.27,5857.28,107.0
2025-07-31,Belo Horizonte,Operação C,10305,64.9,407187.89,250,2.43,9357,158.78,6274.08,110.13
2025-07-31,Campinas,Operação A,14726,93.7,602764.41,617,4.2,13510,157.16,6432.92,109.0
2025-07-31,Campinas,Operação B,9580,60.6,408467.95,342,3.57,8740,158.09,6740.4,109.61
2025-07-31,Campinas,Operação C,7138,53.3,355132.49,196,2.75,7687,133.92,6662.9,92.86
2025-08-01,São Paulo,Operação A,15881,108.4,605925.46,549,3.46,15601,146.5,5589.72,101.79
2025-08-01,São Paulo,Operação B,17079,107.3,772977.14,556,3.26,15451,159.17,7203.89,110.54
2025-08-01,São Paulo,Operação C,13856,90.5,484528.39,548,3.96,13037,153.1,5353.9,106.28
2025-08-01,Rio de Janeiro,Operação A,15903,93.5,642193.99,533,3.35,13466,170.09,6868.38,118.1
2025-08-01,Rio de Janeiro,Operação B,12062,84.8,616324.47,512,4.25,12211,142.24,7267.98,98.78
2025-08-01,Rio de Janeiro,Operação C,11270,68.5,527131.36,369,3.28,9867,164.53,7695.35,114.22
2025-08-01,Curitiba,Operação A,12933,87.0,645231.5,370,2.86,12529,148.66,7416.45,103.22
2025-08-01,Curitiba,Operação B,10798,74.8,391620.12,567,5.25,10773,144.36,5235.56,100.23
2025-08-01,Curitiba,Operação C,8562,56.7,299988.49,272,3.18,8160,151.01,5290.8,104.93
2025-08-01,Belo Horizonte,Operação A,11651,83.1,516689.31,382,3.28,11966,140.2,6217.68,97.37
2025-08-01,Belo Horizonte,Operação B,12682,77.8,502879.61,451,3.56,11205,163.01,6463.75,113.18
2025-08-01,Belo Horizonte,Operação C,9720,62.6,408799.17,354,3.65,9016,155.27,6530.34,107.81
2025-08-01,Campinas,Operação A,10352,69.0,488529.11,415,4.02,9938,150.03,7080.13,104.17
2025-08-01,Campinas,Operação B,10380,66.4,429573.86,389,3.76,9561,156.33,6469.49,108.57
2025-08-01,Campinas,Operação C,7536,46.5,232622.44,258,3.43,6698,162.06,5002.63,112.51
2025-08-02,São Paulo,Operação A,14887,125.9,649060.09,439,2.96,15927,118.24,5155.36,93.47
2025-08-02,São Paulo,Operação B,13931,99.9,596138.52,260,1.87,12644,139.45,5967.35,110.18
2025-08-02,São Paulo,Operação C,11645,83.4,510001.75,570,4.9,10549,139.63,6115.13,110.39
2025-08-02,Rio de Janeiro,Operação A,14743,115.5,766826.94,518,3.52,14617,127.65,6639.19,100.86
2025-08-02,Rio de Janeiro,Operação B,10430,83.5,343909.43,499,4.79,10562,124.91,4118.68,98.75
2025-08-02,Rio de Janeiro,Operação C,10998,90.5,451890.91,393,3.58,11457,121.52,4993.27,95.99
2025-08-02,Curitiba,Operação A,8963,78.1,368904.26,290,3.24,9889,114.76,4723.49,90.64
2025-08-02,Curitiba,Operação B,9440,71.1,450458.66,307,3.26,8995,132.77,6335.56,104.95
2025-08-02,Curitiba,Operação C,9088,66.1,401840.2,273,3.01,8369,137.49,6079.28,108.59
2025-08-02,Belo Horizonte,Operação A,10975,80.8,411415.38,495,4.51,10229,135.83,5091.77,107.29
2025-08-02,Belo Horizonte,Operação B,9897,79.7,423341.01,397,4.01,10088,124.18,5311.68,98.11
2025-08-02,Belo Horizonte,Operação C,7774,57.5,331584.6,180,2.33,7278,135.2,5766.69,106.82
2025-08-02,Campinas,Operação A,8924,73.9,408333.78,264,2.96,9357,120.76,5525.49,95.37
2025-08-02,Campinas,Operação B,8652,60.4,380562.78,228,2.64,7639,143.25,6300.71,113.26
2025-08-02,Campinas,Operação C,5890,47.0,256677.81,223,3.79,5949,125.32,5461.23,99.01
2025-08-03,São Paulo,Operação A,13429,112.0,579143.53,450,3.35,14152,119.9,5170.92,94.89
2025-08-03,São Paulo,Operação B,15399,117.6,758508.72,394,2.56,14864,130.94,6449.9,103.6
2025-08-03,São Paulo,Operação C,9531,79.2,445636.38,467,4.9,10008,120.34,5626.72,95.23
2025-08-03,Rio de Janeiro,Operação A,12419,98.3,463527.7,254,2.05,12418,126.34,4715.44,100.01
2025-08-03,Rio de Janeiro,Operação B,12631,95.2,531031.89,300,2.38,12036,132.68,5578.07,104.94
2025-08-03,Rio de Janeiro,Operação C,11448,90.9,505251.82,267,2.34,11483,125.94,5558.33,99.7
2025-08-03,Curitiba,Operação A,11133,83.5,482151.31,403,3.62,10558,133.33,5774.27,105.45
2025-08-03,Curitiba,Operação B,9292,77.3,397599.94,333,3.59,9765,120.21,5143.6,95.16
2025-08-03,Curitiba,Operação C,8738,66.6,322494.67,213,2.45,8413,131.2,4842.26,103.86
2025-08-03,Belo Horizonte,Operação A,8927,64.7,404487.99,372,4.17,8172,137.98,6251.75,109.24
2025-08-03,Belo Horizonte,Operação B,7982,71.8,302463.19,290,3.64,9081,111.17,4212.58,87.9
2025-08-03,Belo Horizonte,Operação C,8008,62.3,348153.16,281,3.51,7872,128.54,5588.33,101.73
2025-08-03,Campinas,Operação A,8929,71.6,410091.5,281,3.16,9046,124.71,5727.53,98.71
2025-08-03,Campinas,Operação B,6448,52.2,261828.36,276,4.3,6596,123.52,5015.87,97.76
2025-08-03,Campinas,Operação C,6938,53.8,256743.09,286,4.13,6803,128.96,4772.18,101.98
2025-08-04,São Paulo,Operação A,16679,113.3,799269.89,651,3.91,16255,147.21,7054.46,102.61
2025-08-04,São Paulo,Operação B,11832,91.1,493900.32,299,2.53,13069,129.88,5421.52,90.53
2025-08-04,São Paulo,Operação C,14085,94.7,600887.78,413,2.93,13591,148.73,6345.17,103.63
2025-08-04,Rio de Janeiro,Operação A,20603,115.9,842367.28,779,3.78,16629,177.77,7268.05,123.9
2025-08-04,Rio de Janeiro,Operação B,13227,90.9,511510.82,348,2.63,13037,145.51,5627.18,101.46
2025-08-04,Rio de Janeiro,Operação C,10888,71.4,434663.14,156,1.44,10246,152.49,6087.72,106.27
2025-08-04,Curitiba,Operação A,13007,88.0,616358.7,494,3.8,12621,147.81,7004.08,103.06
2025-08-04,Curitiba,Operação B,7937,63.4,310512.19,238,3.0,9102,125.19,4897.67,87.2
2025-08-04,Curitiba,Operação C,10599,71.5,493221.86,258,2.44,10263,148.24,6898.21,103.27
2025-08-04,Belo Horizonte,Operação A,13533,86.9,459134.95,616,4.56,12468,155.73,5283.49,108.54
2025-08-04,Belo Horizonte,Operação B,10715,70.4,412960.55,484,4.52,10092,152.2,5865.92,106.17
2025-08-04,Belo Horizonte,Operação C,8319,53.0,376704.53,226,2.72,7608,156.96,7107.63,109.35
2025-08-04,Campinas,Operação A,12745,84.6,568625.45,290,2.28,12137,150.65,6721.34,105.01
2025-08-04,Campinas,Operação B,10344,76.3,476853.7,279,2.7,10949,135.57,6249.72,94.47
2025-08-04,Campinas,Operação C,7787,49.8,359060.21,193,2.48,7142,156.37,7210.04,109.03
2025-08-05,São Paulo,Operação A,19942,125.5,762745.33,953,4.78,17983,158.9,6077.65,110.89
2025-08-05,São Paulo,Operação B,13068,92.3,573894.43,368,2.82,13225,141.58,6217.71,98.81
2025-08-05,São Paulo,Operação C,13858,92.0,571666.1,577,4.17,13188,150.63,6213.76,105.08
2025-08-05,Rio de Janeiro,Operação A,15366,102.1,715838.75,635,4.13,14633,150.5,7011.15,105.01
2025-08-05,Rio de Janeiro,Operação B,13029,95.7,574568.09,364,2.8,13712,136.14,6003.85,95.02
2025-08-05,Rio de Janeiro,Operação C,10372,70.4,398106.6,428,4.13,10088,147.33,5654.92,102.82
2025-08-05,Curitiba,Operação A,11624,90.6,449695.25,271,2.33,12977,128.3,4963.52,89.57
2025-08-05,Curitiba,Operação B,10780,70.6,442312.54,326,3.03,10110,152.69,6265.05,106.63
2025-08-05,Curitiba,Operação C,9194,74.0,431635.2,281,3.06,10609,124.24,5832.91,86.66
2025-08-05,Belo Horizonte,Operação A,11351,79.6,546795.29,285,2.52,11406,142.6,6869.29,99.52
2025-08-05,Belo Horizonte,Operação B,10713,69.8,380911.31,296,2.76,9998,153.48,5457.18,107.15
2025-08-05,Belo Horizonte,Operação C,8373,60.3,324350.2,269,3.22,8639,138.86,5378.94,96.92
2025-08-05,Campinas,Operação A,10877,75.3,503754.17,293,2.7,10785,144.45,6689.96,100.85
2025-08-05,Campinas,Operação B,8861,52.7,348841.33,217,2.45,7556,168.14,6619.38,117.27
2025-08-05,Campinas,Operação C,7164,45.0,291107.58,236,3.3,6447,159.2,6469.06,111.12
2025-08-06,São Paulo,Operação A,18491,116.8,763343.26,993,5.38,16710,158.31,6535.47,110.66
2025-08-06,São Paulo,Operação B,16433,103.4,743116.03,570,3.47,14803,158.93,7186.81,111.01
2025-08-06,São Paulo,Operação C,13027,86.1,573714.22,396,3.04,12320,151.3,6663.35,105.74
2025-08-06,Rio de Janeiro,Operação A,16854,104.9,847415.6,705,4.18,15011,160.67,8078.32,112.28
2025-08-06,Rio de Janeiro,Operação B,14594,103.2,653921.08,667,4.57,14775,141.41,6336.44,98.77
2025-08-06,Rio de Janeiro,Operação C,10443,73.1,511201.76,284,2.72,10461,142.86,6993.18,99.83
2025-08-06,Curitiba,Operação A,12356,75.5,578100.83,475,3.85,10802,163.66,7656.96,114.39
2025-08-06,Curitiba,Operação B,10533,73.5,454265.07,501,4.76,10516,143.31,6180.48,100.16
2025-08-06,Curitiba,Operação C,11345,66.6,435741.39,395,3.48,9533,170.35,6542.66,119.01
2025-08-06,Belo Horizonte,Operação A,10596,77.5,438543.7,406,3.83,11097,136.72,5658.63,95.49
2025-08-06,Belo Horizonte,Operação B,12498,73.4,548135.66,552,4.42,10500,170.27,7467.79,119.03
2025-08-06,Belo Horizonte,Operação C,10212,61.8,526875.86,400,3.92,8844,165.24,8525.5,115.47
2025-08-06,Campinas,Operação A,9069,63.8,391125.45,350,3.87,9127,142.15,6130.49,99.36
2025-08-06,Campinas,Operação B,10134,66.4,425911.14,303,2.99,9501,152.62,6414.32,106.66
2025-08-06,Campinas,Operação C,9511,56.9,438264.16,373,3.93,8147,167.15,7702.36,116.74
2025-08-07,São Paulo,Operação A,17996,125.1,719245.04,522,2.9,17880,143.85,5749.36,100.65
2025-08-07,São Paulo,Operação B,14567,101.6,682217.75,454,3.12,14526,143.38,6714.74,100.28
2025-08-07,São Paulo,Operação C,14192,84.6,570440.33,514,3.62,12090,167.75,6742.79,117.39
2025-08-07,Rio de Janeiro,Operação A,14532,106.9,682160.2,582,4.01,15279,135.94,6381.29,95.11
2025-08-07,Rio de Janeiro,Operação B,14224,101.1,603047.86,502,3.53,14453,140.69,5964.87,98.42
2025-08-07,Rio de Janeiro,Operação C,10775,81.2,457327.05,254,2.36,11610,132.7,5632.11,92.81
2025-08-07,Curitiba,Operação A,10983,87.4,379942.09,456,4.15,12490,125.66,4347.16,87.93
2025-08-07,Curitiba,Operação B,9620,70.0,452942.14,361,3.76,10002,137.43,6470.6,96.18
2025-08-07,Curitiba,Operação C,10372,71.0,546796.44,312,3.02,10156,146.08,7701.36,102.13
2025-08-07,Belo Horizonte,Operação A,13584,92.4,480628.52,527,3.89,13203,147.01,5201.61,102.89
2025-08-07,Belo Horizonte,Operação B,9839,71.9,376943.14,342,3.48,10278,136.84,5242.6,95.73
2025-08-07,Belo Horizonte,Operação C,7792,63.8,360087.69,241,3.1,9117,122.13,5644.01,85.47
2025-08-07,Campinas,Operação A,9667,61.4,405100.74,432,4.47,8777,157.44,6597.73,110.14
2025-08-07,Campinas,Operação B,9536,64.6,394686.27,370,3.89,9229,147.62,6109.69,103.33
2025-08-07,Campinas,Operação C,7114,51.2,316143.57,240,3.38,7322,138.95,6174.68,97.16
2025-08-08,São Paulo,Operação A,18754,118.1,779125.43,658,3.51,16863,158.8,6597.17,111.21
2025-08-08,São Paulo,Operação B,14940,98.3,648385.72,630,4.22,14035,151.98,6595.99,106.45
2025-08-08,São Paulo,Operação C,12302,86.1,555663.5,455,3.7,12299,142.88,6453.7,100.02
2025-08-08,Rio de Janeiro,Operação A,15682,97.4,552103.59,647,4.13,13904,161.01,5668.41,112.79
2025-08-08,Rio de Janeiro,Operação B,13585,81.3,486636.45,600,4.42,11614,167.1,5985.69,116.97
2025-08-08,Rio de Janeiro,Operação C,11328,78.8,484176.69,453,4.01,11251,143.76,6144.37,100.68
2025-08-08,Curitiba,Operação A,10925,78.5,487237.73,233,2.13,11213,139.17,6206.85,97.43
2025-08-08,Curitiba,Operação B,12474,69.7,475608.03,551,4.42,9953,178.97,6823.64,125.33
2025-08-08,Curitiba,Operação C,9296,60.8,414763.56,409,4.4,8687,152.89,6821.77,107.01
2025-08-08,Belo Horizonte,Operação A,13236,78.8,524710.16,488,3.69,11244,167.97,6658.76,117.72
2025-08-08,Belo Horizonte,Operação B,9709,71.4,396675.87,352,3.63,10196,135.98,5555.68,95.22
2025-08-08,Belo Horizonte,Operação C,10073,58.3,389276.17,447,4.44,8325,172.78,6677.12,121.0
2025-08-08,Campinas,Operação A,11308,76.7,435800.86,326,2.89,10954,147.43,5681.89,103.23
2025-08-08,Campinas,Operação B,7471,57.9,283794.44,172,2.31,8263,129.03,4901.46,90.42
2025-08-08,Campinas,Operação C,9780,63.5,441507.31,388,3.97,9072,154.02,6952.87,107.8
2025-08-09,São Paulo,Operação A,17016,119.0,673101.05,610,3.59,14940,142.99,5656.31,113.9
2025-08-09,São Paulo,Operação B,12678,107.7,689510.22,446,3.52,13520,117.72,6402.14,93.77
2025-08-09,São Paulo,Operação C,12867,91.2,587504.92,454,3.53,11445,141.09,6441.94,112.42
2025-08-09,Rio de Janeiro,Operação A,12141,104.6,482897.8,475,3.91,13132,116.07,4616.61,92.45
2025-08-09,Rio de Janeiro,Operação B,13135,93.3,545338.87,313,2.39,11710,140.78,5845.0,112.17
2025-08-09,Rio de Janeiro,Operação C,12384,86.8,564623.44,417,3.37,10890,142.67,6504.88,113.72
2025-08-09,Curitiba,Operação A,14823,92.2,629393.61,363,2.45,11568,160.77,6826.39,128.14
2025-08-09,Curitiba,Operação B,9434,69.7,335669.1,342,3.64,8747,135.35,4815.91,107.85
2025-08-09,Curitiba,Operação C,9709,67.6,458660.73,406,4.19,8484,143.62,6784.92,114.44
2025-08-09,Belo Horizonte,Operação A,8975,65.0,402277.93,332,3.7,8159,138.08,6188.89,110.0
2025-08-09,Belo Horizonte,Operação B,7062,57.6,263643.59,133,1.89,7227,122.6,4577.15,97.72
2025-08-09,Belo Horizonte,Operação C,7507,61.3,394126.68,252,3.36,7695,122.46,6429.47,97.56
2025-08-09,Campinas,Operação A,9210,79.8,367291.5,329,3.58,10012,115.41,4602.65,91.99
2025-08-09,Campinas,Operação B,6939,55.1,285388.55,229,3.31,6920,125.93,5179.47,100.27
2025-08-09,Campinas,Operação C,8933,67.1,392319.87,351,3.93,8421,133.13,5846.79,106.08
2025-08-10,São Paulo,Operação A,15733,122.2,640600.79,571,3.63,15314,128.75,5242.23,102.74
2025-08-10,São Paulo,Operação B,15456,110.6,634289.6,635,4.11,13864,139.75,5734.99,111.48
2025-08-10,São Paulo,Operação C,11535,88.8,462621.63,386,3.35,11136,129.9,5209.7,103.58
2025-08-10,Rio de Janeiro,Operação A,14748,113.1,627396.59,345,2.34,14180,130.4,5547.27,104.01
2025-08-10,Rio de Janeiro,Operação B,11211,88.0,433679.89,394,3.52,11036,127.4,4928.18,101.59
2025-08-10,Rio de Janeiro,Operação C,9948,76.4,422650.85,272,2.74,9573,130.21,5532.08,103.92
2025-08-10,Curitiba,Operação A,10690,82.1,499620.64,396,3.71,10289,130.21,6085.51,103.9
2025-08-10,Curitiba,Operação B,9209,69.2,449677.27,389,4.23,8670,133.08,6498.23,106.22
2025-08-10,Curitiba,Operação C,9361,68.8,447079.64,408,4.36,8621,136.06,6498.25,108.58
2025-08-10,Belo Horizonte,Operação A,11712,84.1,441230.81,269,2.3,10545,139.26,5246.5,111.07
2025-08-10,Belo Horizonte,Operação B,9215,70.8,366981.48,383,4.16,8875,130.16,5183.35,103.83
2025-08-10,Belo Horizonte,Operação C,6022,48.3,241242.39,131,2.19,6054,124.68,4994.67,99.47
2025-08-10,Campinas,Operação A,9516,81.2,377277.42,402,4.23,10177,117.19,4646.27,93.5
2025-08-10,Campinas,Operação B,7889,66.0,352874.63,294,3.73,8276,119.53,5346.59,95.32
2025-08-10,Campinas,Operação C,9384,70.5,388826.35,264,2.81,8831,133.11,5515.27,106.26
2025-08-11,São Paulo,Operação A,15608,112.7,741136.44,548,3.51,16031,138.49,6576.19,97.36
2025-08-11,São Paulo,Operação B,17312,106.5,563785.08,783,4.52,15148,162.55,5293.76,114.29
2025-08-11,São Paulo,Operação C,13725,90.6,530970.66,397,2.9,12890,151.49,5860.6,106.48
2025-08-11,Rio de Janeiro,Operação A,18385,107.2,845953.66,829,4.51,15247,171.5,7891.36,120.58
2025-08-11,Rio de Janeiro,Operação B,12516,88.9,486581.78,389,3.11,12643,140.79,5473.36,99.0
2025-08-11,Rio de Janeiro,Operação C,9073,65.0,360729.66,304,3.36,9250,139.58,5549.69,98.09
2025-08-11,Curitiba,Operação A,12934,85.8,542455.82,392,3.03,12207,150.75,6322.33,105.96
2025-08-11,Curitiba,Operação B,8474,60.1,322945.81,328,3.87,8545,141.0,5373.47,99.17
2025-08-11,Curitiba,Operação C,11174,71.3,503140.76,379,3.39,10146,156.72,7056.67,110.13
2025-08-11,Belo Horizonte,Operação A,10660,76.5,383440.25,457,4.29,10885,139.35,5012.29,97.93
2025-08-11,Belo Horizonte,Operação B,9190,68.5,355598.18,257,2.81,9743,134.16,5191.21,94.32
2025-08-11,Belo Horizonte,Operação C,9740,61.6,395522.33,165,1.7,8770,158.12,6420.82,111.06
2025-08-11,Campinas,Operação A,10093,69.4,414825.52,302,3.0,9875,145.43,5977.31,102.21
2025-08-11,Campinas,Operação B,9309,63.0,390053.42,356,3.83,8967,147.76,6191.32,103.81
2025-08-11,Campinas,Operação C,7259,51.1,344951.26,286,3.95,7272,142.05,6750.51,99.82
2025-08-12,São Paulo,Operação A,16369,145.9,869814.68,1103,6.74,20741,112.19,5961.72,78.92
2025-08-12,São Paulo,Operação B,13622,91.4,562168.04,659,4.84,12997,149.04,6150.64,104.81
2025-08-12,São Paulo,Operação C,13575,96.7,590392.72,493,3.63,13743,140.38,6105.41,98.78
2025-08-12,Rio de Janeiro,Operação A,14582,106.9,633443.04,483,3.32,15196,136.41,5925.57,95.96
2025-08-12,Rio de Janeiro,Operação B,12852,92.2,509707.07,570,4.44,13101,139.39,5528.28,98.1
2025-08-12,Rio de Janeiro,Operação C,9853,72.0,411793.08,284,2.88,10236,136.85,5719.35,96.26
2025-08-12,Curitiba,Operação A,11640,78.7,418804.13,313,2.69,11182,147.9,5321.53,104.1
2025-08-12,Curitiba,Operação B,13367,88.2,521496.75,512,3.83,12533,151.55,5912.66,106.65
2025-08-12,Curitiba,Operação C,10826,68.9,449185.64,463,4.28,9795,157.13,6519.39,110.53
2025-08-12,Belo Horizonte,Operação A,8961,65.9,382235.81,337,3.76,9364,135.98,5800.24,95.7
2025-08-12,Belo Horizonte,Operação B,9468,63.3,374029.92,310,3.28,8999,149.57,5908.85,105.21
2025-08-12,Belo Horizonte,Operação C,10702,68.5,406801.84,284,2.65,9737,156.23,5938.71,109.91
2025-08-12,Campinas,Operação A,9946,67.8,391558.17,430,4.33,9643,146.7,5775.19,103.14
2025-08-12,Campinas,Operação B,9656,63.9,356633.2,428,4.43,9087,151.11,5581.11,106.26
2025-08-12,Campinas,Operação C,6995,45.0,319932.04,220,3.15,6396,155.44,7109.6,109.37
2025-08-13,São Paulo,Operação A,15370,149.6,782422.69,963,6.27,21241,102.74,5230.1,72.36
2025-08-13,São Paulo,Operação B,20034,124.8,897613.85,554,2.77,17720,160.53,7192.42,113.06
2025-08-13,São Paulo,Operação C,12619,91.2,571494.87,455,3.61,12949,138.37,6266.39,97.45
2025-08-13,Rio de Janeiro,Operação A,14143,95.9,545952.75,512,3.62,13610,147.48,5692.94,103.92
2025-08-13,Rio de Janeiro,Operação B,12375,84.2,556898.26,427,3.46,11953,146.97,6613.99,103.53
2025-08-13,Rio de Janeiro,Operação C,11404,76.6,510770.68,298,2.61,10881,148.88,6668.02,104.81
2025-08-13,Curitiba,Operação A,13892,86.7,615340.97,492,3.55,12309,160.23,7097.36,112.86
2025-08-13,Curitiba,Operação B,11848,78.3,533330.66,222,1.88,11114,151.32,6811.37,106.6
2025-08-13,Curitiba,Operação C,8490,54.1,305460.72,324,3.82,7677,156.93,5646.22,110.59
2025-08-13,Belo Horizonte,Operação A,10603,77.7,460155.35,388,3.66,11030,136.46,5922.21,96.13
2025-08-13,Belo Horizonte,Operação B,11851,84.5,566008.98,448,3.78,11993,140.25,6698.33,98.82
2025-08-13,Belo Horizonte,Operação C,8785,56.7,388850.05,309,3.53,8051,154.94,6858.03,109.12
2025-08-13,Campinas,Operação A,10204,72.6,394862.67,419,4.11,10306,140.55,5438.88,99.01
2025-08-13,Campinas,Operação B,8743,59.9,376991.92,324,3.71,8509,145.96,6293.69,102.75
2025-08-13,Campinas,Operação C,7196,45.0,305720.11,240,3.34,6389,159.91,6793.78,112.63
2025-08-14,São Paulo,Operação A,14948,142.7,811679.2,961,6.43,20232,104.75,5688.01,73.88
2025-08-14,São Paulo,Operação B,17248,107.5,785379.02,581,3.37,15250,160.45,7305.85,113.1
2025-08-14,São Paulo,Operação C,13476,82.3,553177.76,420,3.12,11678,163.74,6721.48,115.4
2025-08-14,Rio de Janeiro,Operação A,13738,91.6,585177.62,314,2.29,12987,149.98,6388.4,105.78
2025-08-14,Rio de Janeiro,Operação B,13207,93.4,696817.96,402,3.04,13243,141.4,7460.58,99.73
2025-08-14,Rio de Janeiro,Operação C,10501,76.3,494717.93,336,3.2,10825,137.63,6483.85,97.01
2025-08-14,Curitiba,Operação A,12273,79.8,447701.71,490,4.0,11317,153.8,5610.3,108.45
2025-08-14,Curitiba,Operação B,13145,86.3,585630.69,551,4.2,12235,152.32,6785.99,107.44
2025-08-14,Curitiba,Operação C,12226,76.9,534993.61,516,4.22,10908,158.99,6957.0,112.08
2025-08-14,Belo Horizonte,Operação A,11427,74.0,433972.05,366,3.21,10488,154.42,5864.49,108.95
2025-08-14,Belo Horizonte,Operação B,7250,48.1,285827.71,318,4.39,6825,150.73,5942.36,106.23
2025-08-14,Belo Horizonte,Operação C,10128,64.1,381477.34,438,4.33,9086,158.0,5951.28,111.47
2025-08-14,Campinas,Operação A,13195,85.5,595904.62,479,3.64,12121,154.33,6969.64,108.86
2025-08-14,Campinas,Operação B,8926,57.8,321118.82,282,3.17,8201,154.43,5555.69,108.84
2025-08-14,Campinas,Operação C,6270,45.0,279442.49,244,3.9,6382,139.33,6209.83,98.25
2025-08-15,São Paulo,Operação A,14537,139.5,603506.32,828,5.7,19766,104.21,4326.21,73.55
2025-08-15,São Paulo,Operação B,13647,97.7,605903.8,383,2.81,13846,139.68,6201.68,98.56
2025-08-15,São Paulo,Operação C,10747,86.0,438730.23,282,2.63,12179,124.97,5101.51,88.24
2025-08-15,Rio de Janeiro,Operação A,14251,104.3,604501.33,482,3.38,14775,136.63,5795.79,96.45
2025-08-15,Rio de Janeiro,Operação B,15438,101.9,534794.68,384,2.49,14437,151.5,5248.23,106.93
2025-08-15,Rio de Janeiro,Operação C,10917,79.8,328891.29,499,4.58,11300,136.8,4121.44,96.61
2025-08-15,Curitiba,Operação A,13643,89.9,539863.17,524,3.84,12738,151.76,6005.15,107.1
2025-08-15,Curitiba,Operação B,10227,68.9,391874.78,482,4.71,9757,148.43,5687.59,104.82
2025-08-15,Curitiba,Operação C,8580,54.0,361695.59,266,3.11,7644,158.89,6698.07,112.24
2025-08-15,Belo Horizonte,Operação A,12517,81.3,594144.28,469,3.75,11522,153.96,7308.05,108.64
2025-08-15,Belo Horizonte,Operação B,9327,63.5,459514.92,427,4.58,8991,146.88,7236.46,103.74
2025-08-15,Belo Horizonte,Operação C,10463,67.7,468719.39,463,4.43,9591,154.55,6923.48,109.09
2025-08-15,Campinas,Operação A,8948,67.5,378285.77,254,2.85,9567,132.56,5604.23,93.53
2025-08-15,Campinas,Operação B,7523,54.1,390754.07,271,3.61,7667,139.06,7222.81,98.12
2025-08-15,Campinas,Operação C,7584,56.7,262595.91,215,2.84,8026,133.76,4631.32,94.49
2025-08-16,São Paulo,Operação A,13986,151.0,748089.7,921,6.59,18803,92.62,4954.24,74.38
2025-08-16,São Paulo,Operação B,13888,98.4,548142.27,642,4.62,12250,141.14,5570.55,113.37
2025-08-16,São Paulo,Operação C,10503,93.3,409700.63,217,2.07,11619,112.57,4391.22,90.4
2025-08-16,Rio de Janeiro,Operação A,14373,111.9,475554.14,546,3.8,13933,128.45,4249.81,103.16
2025-08-16,Rio de Janeiro,Operação B,9969,86.4,485608.57,357,3.59,10766,115.38,5620.47,92.6
2025-08-16,Rio de Janeiro,Operação C,9673,77.3,347714.19,237,2.46,9630,125.14,4498.24,100.45
2025-08-16,Curitiba,Operação A,11679,93.9,491548.91,217,1.86,11690,124.38,5234.81,99.91
2025-08-16,Curitiba,Operação B,8665,64.6,377021.49,424,4.9,8042,134.13,5836.25,107.75
2025-08-16,Curitiba,Operação C,9413,74.3,413153.65,305,3.25,9259,126.69,5560.61,101.66
2025-08-16,Belo Horizonte,Operação A,13145,94.5,561012.04,481,3.66,11774,139.1,5936.64,111.64
2025-08-16,Belo Horizonte,Operação B,10688,79.8,515530.46,186,1.75,9940,133.93,6460.28,107.53
2025-08-16,Belo Horizonte,Operação C,8009,64.6,392645.33,379,4.74,8041,123.98,6078.1,99.6
2025-08-16,Campinas,Operação A,10113,71.0,496876.55,359,3.56,8837,142.44,6998.26,114.44
2025-08-16,Campinas,Operação B,10119,78.8,416315.05,424,4.19,9814,128.41,5283.19,103.11
2025-08-16,Campinas,Operação C,6686,51.6,318505.91,235,3.52,6432,129.57,6172.6,103.95
2025-08-17,São Paulo,Operação A,11603,125.1,548223.26,776,6.69,15564,92.75,4382.28,74.55
2025-08-17,São Paulo,Operação B,15226,107.4,694764.35,665,4.37,13359,141.77,6468.94,113.98
2025-08-17,São Paulo,Operação C,11613,85.5,579184.5,342,2.95,10640,135.82,6774.09,109.14
2025-08-17,Rio de Janeiro,Operação A,14381,116.3,554993.21,537,3.74,14473,123.65,4772.08,99.36
2025-08-17,Rio de Janeiro,Operação B,13022,95.2,496827.72,501,3.85,11846,136.79,5218.78,109.93
2025-08-17,Rio de Janeiro,Operação C,8588,74.6,328792.05,248,2.9,9278,115.12,4407.4,92.56
2025-08-17,Curitiba,Operação A,12298,88.5,444046.02,465,3.78,11013,138.96,5017.47,111.67
2025-08-17,Curitiba,Operação B,8800,65.6,347679.88,233,2.66,8157,134.15,5300.0,107.88
2025-08-17,Curitiba,Operação C,8696,70.5,354241.51,149,1.72,8776,123.35,5024.7,99.09
2025-08-17,Belo Horizonte,Operação A,11798,86.8,495773.57,268,2.28,10797,135.92,5711.68,109.27
2025-08-17,Belo Horizonte,Operação B,9580,78.2,384987.5,512,5.35,9725,122.51,4923.11,98.51
2025-08-17,Belo Horizonte,Operação C,7629,56.4,337570.81,290,3.81,7018,135.27,5985.3,108.71
2025-08-17,Campinas,Operação A,9593,72.7,413340.9,331,3.46,9045,131.95,5685.57,106.06
2025-08-17,Campinas,Operação B,8415,72.1,387812.28,349,4.16,8968,116.71,5378.81,93.83
2025-08-17,Campinas,Operação C,8179,59.0,340488.52,163,2.0,7341,138.63,5770.99,111.42
2025-08-18,São Paulo,Operação A,13231,138.5,622855.73,662,5.01,19561,95.53,4497.15,67.64
2025-08-18,São Paulo,Operação B,13868,99.2,450567.45,563,4.06,14005,139.8,4542.01,99.02
2025-08-18,São Paulo,Operação C,16088,105.7,662637.44,556,3.46,14935,152.2,6269.04,107.72
2025-08-18,Rio de Janeiro,Operação A,14802,100.8,619492.82,418,2.83,14235,146.85,6145.76,103.98
2025-08-18,Rio de Janeiro,Operação B,13334,102.0,598340.93,455,3.42,14404,130.73,5866.09,92.57
2025-08-18,Rio de Janeiro,Operação C,13850,92.7,561761.23,457,3.3,13090,149.41,6059.99,105.81
2025-08-18,Curitiba,Operação A,11433,85.1,445115.52,236,2.07,12026,134.35,5230.5,95.07
2025-08-18,Curitiba,Operação B,9892,67.3,427341.33,189,1.92,9511,146.98,6349.8,104.01
2025-08-18,Curitiba,Operação C,9706,64.0,401327.1,290,2.99,9037,151.66,6270.74,107.4
2025-08-18,Belo Horizonte,Operação A,10850,77.3,428065.89,394,3.64,10914,140.36,5537.72,99.41
2025-08-18,Belo Horizonte,Operação B,11878,85.9,483760.41,410,3.46,12126,138.28,5631.67,97.95
2025-08-18,Belo Horizonte,Operação C,8884,56.5,288876.22,273,3.08,7983,157.24,5112.85,111.29
2025-08-18,Campinas,Operação A,10928,76.5,423095.49,421,3.85,10798,142.85,5530.66,101.2
2025-08-18,Campinas,Operação B,10048,67.8,389813.35,388,3.86,9582,148.2,5749.46,104.86
2025-08-18,Campinas,Operação C,7878,51.3,377616.45,111,1.42,7246,153.57,7360.94,108.72
2025-08-19,São Paulo,Operação A,15198,118.7,786757.21,475,3.13,16742,128.04,6628.11,90.78
2025-08-19,São Paulo,Operação B,15668,107.7,607725.08,432,2.76,15200,145.48,5642.76,103.08
2025-08-19,São Paulo,Operação C,15758,101.3,784343.99,558,3.54,14293,155.56,7742.78,110.25
2025-08-19,Rio de Janeiro,Operação A,15130,105.7,618085.79,403,2.67,14921,143.14,5847.55,101.4
2025-08-19,Rio de Janeiro,Operação B,12506,90.8,547358.05,454,3.64,12810,137.73,6028.17,97.63
2025-08-19,Rio de Janeiro,Operação C,13258,81.4,554835.74,544,4.11,11484,162.87,6816.16,115.45
2025-08-19,Curitiba,Operação A,15792,99.2,736107.42,513,3.25,14001,159.19,7420.44,112.79
2025-08-19,Curitiba,Operação B,9980,75.4,439076.66,371,3.72,10640,132.36,5823.3,93.8
2025-08-19,Curitiba,Operação C,10175,65.1,378193.56,489,4.81,9187,156.3,5809.42,110.75
2025-08-19,Belo Horizonte,Operação A,12545,86.5,519426.75,487,3.88,12201,145.03,6004.93,102.82
2025-08-19,Belo Horizonte,Operação B,11798,80.3,502313.11,414,3.51,11337,146.92,6255.46,104.07
2025-08-19,Belo Horizonte,Operação C,10484,73.8,439090.57,489,4.67,10415,142.06,5949.74,100.66
2025-08-19,Campinas,Operação A,11295,71.8,433218.37,376,3.34,10124,157.31,6033.68,111.57
2025-08-19,Campinas,Operação B,9986,71.9,413368.51,370,3.71,10144,138.89,5749.21,98.44
2025-08-19,Campinas,Operação C,6682,47.2,283654.55,236,3.54,6659,141.57,6009.63,100.35
2025-08-20,São Paulo,Operação A,20469,126.8,789605.2,734,3.59,17880,161.43,6227.17,114.48
2025-08-20,São Paulo,Operação B,17276,107.2,775242.55,644,3.73,15114,161.16,7231.74,114.3
2025-08-20,São Paulo,Operação C,14470,94.9,554043.9,528,3.65,13373,152.48,5838.19,108.2
2025-08-20,Rio de Janeiro,Operação A,16356,113.9,695420.92,540,3.31,16062,143.6,6105.54,101.83
2025-08-20,Rio de Janeiro,Operação B,10795,74.0,466421.38,333,3.09,10432,145.88,6302.99,103.48
2025-08-20,Rio de Janeiro,Operação C,9744,71.3,439032.98,494,5.08,10050,136.66,6157.55,96.96
2025-08-20,Curitiba,Operação A,12476,94.5,566641.32,370,2.97,13328,132.02,5996.2,93.61
2025-08-20,Curitiba,Operação B,9828,69.7,440532.9,419,4.27,9828,141.0,6320.41,100.0
2025-08-20,Curitiba,Operação C,9307,64.3,408177.61,368,3.95,9058,144.74,6348.02,102.75
2025-08-20,Belo Horizonte,Operação A,11717,88.4,493052.64,309,2.65,12459,132.55,5577.52,94.04
2025-08-20,Belo Horizonte,Operação B,9941,69.3,415663.05,284,2.86,9775,143.45,5998.02,101.7
2025-08-20,Belo Horizonte,Operação C,6330,50.9,262538.52,199,3.16,7178,124.36,5157.93,88.19
2025-08-20,Campinas,Operação A,10503,66.0,405019.28,486,4.63,9302,159.14,6136.66,112.91
2025-08-20,Campinas,Operação B,9164,72.9,388274.33,291,3.18,10271,125.71,5326.12,89.22
2025-08-20,Campinas,Operação C,5892,45.0,265727.69,301,5.12,6343,130.93,5905.06,92.89
2025-08-21,São Paulo,Operação A,18483,124.2,774708.85,895,4.85,17490,148.82,6237.59,105.68
2025-08-21,São Paulo,Operação B,16402,117.5,557668.88,298,1.82,16553,139.59,4746.12,99.09
2025-08-21,São Paulo,Operação C,14425,99.5,616423.06,298,2.07,14006,144.97,6195.21,102.99
2025-08-21,Rio de Janeiro,Operação A,14031,98.5,600966.72,446,3.18,13866,142.45,6101.18,101.19
2025-08-21,Rio de Janeiro,Operação B,11407,82.9,534227.37,421,3.7,11680,137.6,6444.24,97.66
2025-08-21,Rio de Janeiro,Operação C,11408,83.7,344347.13,351,3.08,11782,136.3,4114.06,96.83
2025-08-21,Curitiba,Operação A,11748,78.8,647818.73,476,4.06,11098,149.09,8221.05,105.86
2025-08-21,Curitiba,Operação B,14065,93.0,555292.6,531,3.78,13090,151.24,5970.89,107.45
2025-08-21,Curitiba,Operação C,12707,77.4,504450.75,470,3.7,10901,164.17,6517.45,116.57
2025-08-21,Belo Horizonte,Operação A,10798,70.2,520608.5,381,3.53,9879,153.82,7416.08,109.3
2025-08-21,Belo Horizonte,Operação B,9701,65.0,423641.08,345,3.56,9158,149.25,6517.56,105.93
2025-08-21,Belo Horizonte,Operação C,8997,62.6,413716.43,367,4.09,8814,143.72,6608.89,102.08
2025-08-21,Campinas,Operação A,8633,63.8,353801.94,353,4.09,8991,135.31,5545.48,96.02
2025-08-21,Campinas,Operação B,8691,62.5,374113.43,281,3.24,8807,139.06,5985.81,98.68
2025-08-21,Campinas,Operação C,8977,60.3,365712.99,330,3.69,8489,148.87,6064.89,105.75
2025-08-22,São Paulo,Operação A,17739,127.1,773608.93,610,3.44,17880,139.57,6086.62,99.21
2025-08-22,São Paulo,Operação B,14634,105.5,621086.59,641,4.39,14842,138.71,5887.08,98.6
2025-08-22,São Paulo,Operação C,11029,83.6,406244.15,282,2.56,11768,131.93,4859.38,93.72
2025-08-22,Rio de Janeiro,Operação A,14143,107.9,577153.46,564,3.99,15181,131.08,5348.97,93.16
2025-08-22,Rio de Janeiro,Operação B,13172,93.1,563283.39,472,3.59,13101,141.48,6050.3,100.54
2025-08-22,Rio de Janeiro,Operação C,11145,77.8,567745.36,462,4.15,10947,143.25,7297.5,101.81
2025-08-22,Curitiba,Operação A,14346,102.2,597656.28,349,2.43,14384,140.37,5847.91,99.74
2025-08-22,Curitiba,Operação B,11224,68.1,447970.75,565,5.04,9586,164.82,6578.13,117.09
2025-08-22,Curitiba,Operação C,7573,56.2,307729.42,261,3.45,7913,134.75,5475.61,95.7
2025-08-22,Belo Horizonte,Operação A,12990,86.6,523948.26,440,3.39,12187,150.0,6050.21,106.59
2025-08-22,Belo Horizonte,Operação B,9181,67.5,352992.45,396,4.32,9492,136.01,5229.52,96.72
2025-08-22,Belo Horizonte,Operação C,7856,48.5,319173.75,226,2.88,6829,161.98,6580.9,115.04
2025-08-22,Campinas,Operação A,12183,75.9,566150.46,475,3.9,10679,160.51,7459.16,114.08
2025-08-22,Campinas,Operação B,8840,69.1,352828.07,244,2.77,9723,127.93,5106.05,90.92
2025-08-22,Campinas,Operação C,8870,62.7,402535.02,348,3.93,8820,141.47,6420.02,100.57
2025-08-23,São Paulo,Operação A,13708,111.8,646678.61,394,2.88,13834,122.61,5784.25,99.09
2025-08-23,São Paulo,Operação B,12490,103.4,508894.95,432,3.46,12787,120.79,4921.61,97.68
2025-08-23,São Paulo,Operação C,10101,84.7,435808.59,285,2.82,10480,119.26,5145.32,96.38
2025-08-23,Rio de Janeiro,Operação A,11710,98.1,488170.79,498,4.25,12129,119.37,4976.26,96.55
2025-08-23,Rio de Janeiro,Operação B,12223,100.7,618499.0,329,2.7,12462,121.38,6142.0,98.08
2025-08-23,Rio de Janeiro,Operação C,10554,87.0,406501.1,306,2.9,10757,121.31,4672.43,98.11
2025-08-23,Curitiba,Operação A,11240,84.5,502197.27,308,2.74,10453,133.02,5943.16,107.53
2025-08-23,Curitiba,Operação B,7999,66.9,332395.1,266,3.33,8272,119.57,4968.54,96.7
2025-08-23,Curitiba,Operação C,7592,58.3,387573.69,235,3.1,7211,130.22,6647.92,105.28
2025-08-23,Belo Horizonte,Operação A,10244,77.1,407349.94,413,4.04,9540,132.87,5283.4,107.38
2025-08-23,Belo Horizonte,Operação B,9326,64.7,404553.49,280,3.0,7999,144.14,6252.76,116.59
2025-08-23,Belo Horizonte,Operação C,7050,57.2,334811.54,175,2.48,7077,123.25,5853.35,99.62
2025-08-23,Campinas,Operação A,8110,66.0,340111.08,266,3.28,8170,122.88,5153.2,99.27
2025-08-23,Campinas,Operação B,6344,51.1,263921.8,190,3.0,6316,124.15,5164.81,100.44
2025-08-23,Campinas,Operação C,8017,58.9,334200.3,295,3.68,7289,136.11,5674.03,109.99
2025-08-24,São Paulo,Operação A,12735,102.7,586055.62,402,3.16,12698,124.0,5706.48,100.29
2025-08-24,São Paulo,Operação B,14413,97.3,710219.44,558,3.87,12030,148.13,7299.27,119.81
2025-08-24,São Paulo,Operação C,10584,98.2,411186.22,330,3.12,12133,107.78,4187.23,87.23
2025-08-24,Rio de Janeiro,Operação A,12589,102.1,400328.88,479,3.81,12616,123.3,3920.95,99.79
2025-08-24,Rio de Janeiro,Operação B,13351,94.0,518643.13,374,2.8,11618,142.03,5517.48,114.92
2025-08-24,Rio de Janeiro,Operação C,7582,60.6,345772.92,228,3.01,7491,125.12,5705.82,101.21
2025-08-24,Curitiba,Operação A,12526,99.9,533456.9,301,2.41,12343,125.39,5339.91,101.48
2025-08-24,Curitiba,Operação B,8340,75.8,373421.76,340,4.08,9369,110.03,4926.41,89.02
2025-08-24,Curitiba,Operação C,8830,74.5,376531.05,348,3.95,9202,118.52,5054.11,95.96
2025-08-24,Belo Horizonte,Operação A,9988,83.3,323931.54,377,3.78,10289,119.9,3888.73,97.07
2025-08-24,Belo Horizonte,Operação B,8417,68.6,379234.51,291,3.46,8482,122.7,5528.2,99.23
2025-08-24,Belo Horizonte,Operação C,5754,52.1,215683.78,311,5.41,6439,110.44,4139.8,89.36
2025-08-24,Campinas,Operação A,9806,75.8,404726.53,323,3.3,9366,129.37,5339.4,104.7
2025-08-24,Campinas,Operação B,8592,69.7,380691.6,276,3.22,8610,123.27,5461.86,99.79
2025-08-24,Campinas,Operação C,9095,67.7,427303.36,275,3.03,8367,134.34,6311.72,108.7
2025-08-25,São Paulo,Operação A,17768,125.3,754076.4,854,4.81,17579,141.8,6018.17,101.08
2025-08-25,São Paulo,Operação B,14000,95.2,612528.29,548,3.92,13358,147.06,6434.12,104.81
2025-08-25,São Paulo,Operação C,14464,87.0,532568.42,675,4.67,12214,166.25,6121.48,118.42
2025-08-25,Rio de Janeiro,Operação A,18439,112.2,657296.72,517,2.8,15749,164.34,5858.26,117.08
2025-08-25,Rio de Janeiro,Operação B,12675,100.6,450902.53,394,3.11,14122,125.99,4482.13,89.75
2025-08-25,Rio de Janeiro,Operação C,13008,80.7,536696.24,391,3.01,11326,161.19,6650.51,114.85
2025-08-25,Curitiba,Operação A,13037,87.0,570563.77,437,3.36,12215,149.85,6558.2,106.73
2025-08-25,Curitiba,Operação B,8156,60.1,388886.92,297,3.65,8435,135.71,6470.66,96.69
2025-08-25,Curitiba,Operação C,9800,62.7,367299.43,325,3.32,8796,156.3,5858.05,111.41
2025-08-25,Belo Horizonte,Operação A,11398,81.1,483309.98,381,3.35,11382,140.54,5959.43,100.14
2025-08-25,Belo Horizonte,Operação B,8796,59.9,322695.27,319,3.63,8405,146.84,5387.23,104.65
2025-08-25,Belo Horizonte,Operação C,10086,71.0,376349.68,342,3.4,9956,142.06,5300.7,101.31
2025-08-25,Campinas,Operação A,9802,64.9,405881.66,477,4.87,9107,151.03,6253.95,107.63
2025-08-25,Campinas,Operação B,9989,69.6,448130.88,318,3.19,9772,143.52,6438.66,102.22
2025-08-25,Campinas,Operação C,7682,54.4,346195.66,356,4.65,7627,141.21,6363.89,100.72
2025-08-26,São Paulo,Operação A,19041,123.5,870023.92,750,3.94,17310,154.18,7044.73,110.0
2025-08-26,São Paulo,Operação B,15324,94.5,754211.17,507,3.31,13252,162.16,7981.07,115.64
2025-08-26,São Paulo,Operação C,13235,87.6,585030.03,441,3.34,12282,151.08,6678.43,107.76
2025-08-26,Rio de Janeiro,Operação A,14054,95.0,621267.56,573,4.08,13316,147.94,6539.66,105.54
2025-08-26,Rio de Janeiro,Operação B,13167,92.6,605366.1,467,3.55,12988,142.19,6537.43,101.38
2025-08-26,Rio de Janeiro,Operação C,10888,76.1,381255.56,365,3.35,10672,143.07,5009.93,102.02
2025-08-26,Curitiba,Operação A,13302,89.7,639595.5,437,3.29,12574,148.29,7130.38,105.79
2025-08-26,Curitiba,Operação B,11806,77.2,606491.08,426,3.62,10825,152.93,7856.1,109.06
2025-08-26,Curitiba,Operação C,8845,57.6,437499.43,286,3.24,8080,153.56,7595.48,109.47
2025-08-26,Belo Horizonte,Operação A,13537,86.0,623626.07,487,3.6,12063,157.41,7251.47,112.22
2025-08-26,Belo Horizonte,Operação B,9336,64.8,409237.98,394,4.23,9086,144.07,6315.4,102.75
2025-08-26,Belo Horizonte,Operação C,8979,63.7,397065.02,376,4.19,8927,140.96,6233.36,100.58
2025-08-26,Campinas,Operação A,10008,73.4,413073.95,426,4.26,10288,136.35,5627.71,97.28
2025-08-26,Campinas,Operação B,6407,51.8,307743.15,250,3.91,7265,123.69,5940.99,88.19
2025-08-26,Campinas,Operação C,7818,58.4,351419.98,290,3.72,8183,133.87,6017.47,95.54
2025-08-27,São Paulo,Operação A,16998,106.8,724705.2,541,3.18,14958,159.16,6785.63,113.64
2025-08-27,São Paulo,Operação B,12415,99.9,550895.1,460,3.71,13987,124.27,5514.47,88.76
2025-08-27,São Paulo,Operação C,14010,88.8,510868.54,423,3.02,12445,157.77,5753.02,112.58
2025-08-27,Rio de Janeiro,Operação A,13877,97.8,586579.13,533,3.84,13697,141.89,5997.74,101.31
2025-08-27,Rio de Janeiro,Operação B,11924,87.8,581223.79,647,5.43,12295,135.81,6619.86,96.98
2025-08-27,Rio de Janeiro,Operação C,11018,80.4,527782.21,258,2.34,11259,137.04,6564.46,97.86
2025-08-27,Curitiba,Operação A,11363,82.5,424542.79,372,3.28,11560,137.73,5145.97,98.3
2025-08-27,Curitiba,Operação B,9815,67.8,413296.98,294,3.0,9490,144.76,6095.83,103.42
2025-08-27,Curitiba,Operação C,8879,62.4,401680.49,300,3.38,8734,142.29,6437.19,101.66
2025-08-27,Belo Horizonte,Operação A,12948,85.9,573416.72,596,4.61,12037,150.73,6675.4,107.57
2025-08-27,Belo Horizonte,Operação B,8658,61.9,424702.56,285,3.29,8666,139.87,6861.11,99.91
2025-08-27,Belo Horizonte,Operação C,6421,45.0,273147.79,90,1.41,6303,142.69,6069.95,101.87
2025-08-27,Campinas,Operação A,11010,80.1,476889.92,365,3.32,11215,137.45,5953.68,98.17
2025-08-27,Campinas,Operação B,7027,52.5,268850.69,306,4.37,7351,133.85,5120.97,95.59
2025-08-27,Campinas,Operação C,7403,53.1,283250.36,329,4.46,7436,139.42,5334.28,99.56
2025-08-28,São Paulo,Operação A,20068,128.1,882384.93,748,3.73,17933,156.66,6888.25,111.91
2025-08-28,São Paulo,Operação B,13360,94.0,524574.51,272,2.04,13155,142.13,5580.58,101.56
2025-08-28,São Paulo,Operação C,13428,97.6,628212.43,564,4.21,13660,137.58,6436.6,98.3
2025-08-28,Rio de Janeiro,Operação A,16234,107.6,641871.98,809,4.99,15064,150.87,5965.35,107.77
2025-08-28,Rio de Janeiro,Operação B,13366,90.5,526669.78,368,2.76,12667,147.69,5819.56,105.52
2025-08-28,Rio de Janeiro,Operação C,12145,82.7,471743.26,285,2.35,11577,146.86,5704.27,104.91
2025-08-28,Curitiba,Operação A,11909,76.0,470965.04,384,3.23,10634,156.7,6196.91,111.99
2025-08-28,Curitiba,Operação B,11188,84.0,437361.53,322,2.88,11750,133.19,5206.68,95.22
2025-08-28,Curitiba,Operação C,12570,76.3,565728.6,518,4.13,10675,164.74,7414.53,117.75
2025-08-28,Belo Horizonte,Operação A,12505,76.1,538600.17,523,4.18,10650,164.32,7077.53,117.42
2025-08-28,Belo Horizonte,Operação B,9787,69.0,476158.78,384,3.93,9652,141.84,6900.85,101.4
2025-08-28,Belo Horizonte,Operação C,10525,71.5,406333.77,319,3.03,10007,147.2,5682.99,105.18
2025-08-28,Campinas,Operação A,9880,71.4,371193.13,440,4.46,10000,138.38,5198.78,98.8
2025-08-28,Campinas,Operação B,8424,57.7,363786.52,255,3.03,8074,146.0,6304.79,104.33
2025-08-28,Campinas,Operação C,8569,64.3,368865.47,316,3.7,8996,133.27,5736.63,95.25
2025-08-29,São Paulo,Operação A,15438,117.5,702170.73,632,4.09,16432,131.39,5975.92,93.95
2025-08-29,São Paulo,Operação B,14829,97.8,645056.02,367,2.48,13673,151.63,6595.66,108.45
2025-08-29,São Paulo,Operação C,13141,84.2,568186.15,400,3.05,11779,156.07,6748.05,111.56
2025-08-29,Rio de Janeiro,Operação A,13612,97.7,547502.98,384,2.82,13666,139.32,5603.92,99.6
2025-08-29,Rio de Janeiro,Operação B,12173,78.0,558528.09,302,2.48,10909,156.06,7160.62,111.59
2025-08-29,Rio de Janeiro,Operação C,10876,80.3,445412.78,350,3.22,11234,135.44,5546.86,96.81
2025-08-29,Curitiba,Operação A,13491,81.9,542860.26,384,2.85,11450,164.73,6628.33,117.83
2025-08-29,Curitiba,Operação B,10616,68.5,375717.13,306,2.89,9574,154.98,5484.92,110.88
2025-08-29,Curitiba,Operação C,11034,75.1,471898.67,574,5.21,10499,146.92,6283.6,105.1
2025-08-29,Belo Horizonte,Operação A,11246,81.9,459643.05,291,2.59,11451,137.31,5612.25,98.21
2025-08-29,Belo Horizonte,Operação B,11799,78.5,548625.85,527,4.47,10977,150.31,6988.86,107.49
2025-08-29,Belo Horizonte,Operação C,7886,58.4,329580.76,220,2.8,8172,135.03,5643.51,96.5
2025-08-29,Campinas,Operação A,11211,71.9,463321.95,405,3.62,10052,155.92,6443.98,111.53
2025-08-29,Campinas,Operação B,9287,60.8,365247.22,161,1.74,8509,152.75,6007.36,109.14
2025-08-29,Campinas,Operação C,8871,57.4,388421.14,265,2.99,8030,154.55,6766.92,110.47
2025-08-30,São Paulo,Operação A,14453,109.9,615205.18,491,3.4,13519,131.51,5597.86,106.91
2025-08-30,São Paulo,Operação B,13675,115.3,671444.53,482,3.53,14174,118.6,5823.46,96.48
2025-08-30,São Paulo,Operação C,9706,77.4,444903.48,311,3.21,9512,125.4,5748.11,102.04
2025-08-30,Rio de Janeiro,Operação A,11733,93.4,452557.19,456,3.89,11486,125.62,4845.37,102.15
2025-08-30,Rio de Janeiro,Operação B,11251,95.6,440777.99,461,4.11,11758,117.69,4610.65,95.69
2025-08-30,Rio de Janeiro,Operação C,8616,73.4,321249.59,325,3.78,9022,117.38,4376.7,95.5
2025-08-30,Curitiba,Operação A,10530,87.0,442474.2,497,4.72,10703,121.03,5085.91,98.38
2025-08-30,Curitiba,Operação B,7348,67.0,321991.58,250,3.41,8237,109.67,4805.84,89.21
2025-08-30,Curitiba,Operação C,7969,60.0,361449.14,138,1.73,7375,132.82,6024.15,108.05
2025-08-30,Belo Horizonte,Operação A,11163,75.6,494896.2,451,4.04,9295,147.66,6546.25,120.1
2025-08-30,Belo Horizonte,Operação B,9912,77.9,447890.93,403,4.07,9581,127.24,5749.56,103.45
2025-08-30,Belo Horizonte,Operação C,8087,65.1,345219.76,244,3.03,8007,124.22,5302.91,101.0
2025-08-30,Campinas,Operação A,8262,70.8,320875.46,270,3.27,8708,116.69,4532.14,94.88
2025-08-30,Campinas,Operação B,6729,54.9,278205.77,257,3.82,6750,122.57,5067.5,99.69
2025-08-30,Campinas,Operação C,7471,60.8,353680.27,317,4.25,7472,122.88,5817.11,99.99
2025-08-31,São Paulo,Operação A,15581,121.4,674290.89,693,4.45,14918,128.34,5554.29,104.44
2025-08-31,São Paulo,Operação B,15421,111.1,650231.2,608,3.94,13648,138.8,5852.67,112.99
2025-08-31,São Paulo,Operação C,12095,99.6,492584.99,424,3.51,12239,121.44,4945.63,98.82
2025-08-31,Rio de Janeiro,Operação A,14866,110.0,610643.9,340,2.29,13520,135.15,5551.31,109.96
2025-08-31,Rio de Janeiro,Operação B,10922,91.9,393631.67,271,2.49,11296,118.85,4283.26,96.69
2025-08-31,Rio de Janeiro,Operação C,11357,81.7,478760.9,416,3.67,10034,139.01,5859.99,113.19
2025-08-31,Curitiba,Operação A,10549,93.2,465007.36,368,3.49,11446,113.19,4989.35,92.16
2025-08-31,Curitiba,Operação B,9540,77.8,369467.51,344,3.61,9555,122.62,4748.94,99.84
2025-08-31,Curitiba,Operação C,10297,76.5,411563.15,249,2.43,9399,134.6,5379.91,109.55
2025-08-31,Belo Horizonte,Operação A,9482,68.4,362019.64,307,3.24,8402,138.63,5292.68,112.85
2025-08-31,Belo Horizonte,Operação B,8892,78.9,426540.86,293,3.3,9701,112.7,5406.09,91.66
2025-08-31,Belo Horizonte,Operação C,6650,53.3,260078.93,256,3.85,6549,124.77,4879.53,101.54
2025-08-31,Campinas,Operação A,7279,66.2,299296.1,175,2.41,8133,109.95,4521.09,89.5
2025-08-31,Campinas,Operação B,7326,62.9,293391.27,267,3.65,7733,116.47,4664.41,94.74
2025-08-31,Campinas,Operação C,6800,52.6,304103.81,175,2.57,6467,129.28,5781.44,105.15
2025-09-01,São Paulo,Operação A,12985,117.4,558216.49,423,3.26,16385,110.6,4754.83,79.25
2025-09-01,São Paulo,Operação B,14091,95.6,657919.93,439,3.12,13342,147.4,6882.01,105.61
2025-09-01,São Paulo,Operação C,12191,83.6,446892.48,362,2.97,11663,145.83,5345.6,104.53
2025-09-01,Rio de Janeiro,Operação A,16261,112.3,560713.95,335,2.06,15668,144.8,4993.0,103.78
2025-09-01,Rio de Janeiro,Operação B,13964,91.3,496134.14,538,3.86,12744,152.95,5434.11,109.57
2025-09-01,Rio de Janeiro,Operação C,14477,88.7,627214.45,565,3.91,12375,163.21,7071.19,116.99
2025-09-01,Curitiba,Operação A,11566,69.9,459147.52,318,2.75,9759,165.46,6568.63,118.52
2025-09-01,Curitiba,Operação B,11482,72.0,583655.14,413,3.6,10048,159.47,8106.32,114.27
2025-09-01,Curitiba,Operação C,10403,71.9,393741.25,487,4.68,10037,144.69,5476.23,103.65
2025-09-01,Belo Horizonte,Operação A,12104,75.8,571238.18,483,3.99,10577,159.68,7536.12,114.44
2025-09-01,Belo Horizonte,Operação B,13755,82.5,568068.11,392,2.85,11512,166.73,6885.67,119.48
2025-09-01,Belo Horizonte,Operação C,8056,48.3,324183.69,355,4.41,6737,166.79,6711.88,119.58
2025-09-01,Campinas,Operação A,10467,65.5,410301.48,266,2.55,9144,159.8,6264.14,114.47
2025-09-01,Campinas,Operação B,8335,60.0,369950.63,288,3.46,8378,138.92,6165.84,99.49
2025-09-01,Campinas,Operação C,8265,58.5,325141.55,250,3.03,8165,141.28,5557.98,101.22
2025-09-02,São Paulo,Operação A,19347,132.2,659054.61,596,3.08,18432,146.35,4985.28,104.96
2025-09-02,São Paulo,Operação B,16787,103.2,774129.06,463,2.76,14387,162.66,7501.25,116.68
2025-09-02,São Paulo,Operação C,15402,107.1,723667.89,396,2.58,14937,143.81,6756.94,103.11
2025-09-02,Rio de Janeiro,Operação A,11292,86.9,327452.94,586,5.19,12123,129.94,3768.16,93.15
2025-09-02,Rio de Janeiro,Operação B,12357,91.7,541366.3,451,3.65,12786,134.75,5903.67,96.64
2025-09-02,Rio de Janeiro,Operação C,13084,83.7,534354.69,365,2.8,11674,156.32,6384.17,112.08
2025-09-02,Curitiba,Operação A,13797,90.7,585033.41,723,5.24,12642,152.12,6450.2,109.14
2025-09-02,Curitiba,Operação B,9550,70.7,417071.09,282,2.96,9863,135.08,5899.17,96.83
2025-09-02,Curitiba,Operação C,9282,68.4,374983.8,465,5.01,9539,135.7,5482.22,97.31
2025-09-02,Belo Horizonte,Operação A,10517,77.3,490962.12,279,2.66,10780,136.05,6351.39,97.56
2025-09-02,Belo Horizonte,Operação B,9721,64.8,444771.19,435,4.48,9042,150.02,6863.75,107.51
2025-09-02,Belo Horizonte,Operação C,8421,56.1,337981.61,253,3.02,7823,150.11,6024.63,107.64
2025-09-02,Campinas,Operação A,10965,79.1,472732.05,397,3.62,11036,138.62,5976.38,99.36
2025-09-02,Campinas,Operação B,8307,54.0,367511.01,158,1.91,7530,153.83,6805.76,110.32
2025-09-02,Campinas,Operação C,7640,56.1,354406.62,179,2.34,7817,136.19,6317.41,97.74
2025-09-03,São Paulo,Operação A,17034,115.4,719130.53,700,4.11,16077,147.61,6231.63,105.95
2025-09-03,São Paulo,Operação B,14757,91.9,650792.24,677,4.59,12801,160.58,7081.53,115.28
2025-09-03,São Paulo,Operação C,13857,96.3,510813.46,422,3.05,13421,143.89,5304.4,103.25
2025-09-03,Rio de Janeiro,Operação A,18141,114.9,716961.35,225,1.25,16004,157.89,6239.87,113.35
2025-09-03,Rio de Janeiro,Operação B,12516,88.7,513167.38,490,3.92,12361,141.1,5785.43,101.25
2025-09-03,Rio de Janeiro,Operação C,13165,85.5,576401.04,271,2.06,11915,153.98,6741.53,110.49
2025-09-03,Curitiba,Operação A,13791,82.5,599865.29,523,3.79,11493,167.16,7271.09,119.99
2025-09-03,Curitiba,Operação B,11308,76.3,367143.07,374,3.31,10634,148.2,4811.84,106.34
2025-09-03,Curitiba,Operação C,10148,64.7,428151.14,221,2.18,9012,156.85,6617.48,112.61
2025-09-03,Belo Horizonte,Operação A,11301,83.2,419638.42,320,2.83,11588,135.83,5043.73,97.52
2025-09-03,Belo Horizonte,Operação B,11515,73.5,505873.75,461,4.01,10241,156.67,6882.64,112.44
2025-09-03,Belo Horizonte,Operação C,9374,64.6,419840.11,146,1.56,9008,145.11,6499.07,104.06
2025-09-03,Campinas,Operação A,9542,71.5,445149.67,322,3.38,9963,133.45,6225.87,95.77
2025-09-03,Campinas,Operação B,7950,61.7,366235.22,318,4.0,8599,128.85,5935.74,92.45
2025-09-03,Campinas,Operação C,7878,58.0,306497.06,289,3.68,8084,135.83,5284.43,97.45
2025-09-04,São Paulo,Operação A,16756,113.0,558918.99,521,3.11,15737,148.28,4946.19,106.48
2025-09-04,São Paulo,Operação B,17068,115.1,728243.34,868,5.09,16024,148.29,6327.05,106.52
2025-09-04,São Paulo,Operação C,10019,73.8,404720.58,419,4.19,10283,135.76,5484.02,97.43
2025-09-04,Rio de Janeiro,Operação A,14849,109.9,682932.49,471,3.18,15297,135.11,6214.13,97.07
2025-09-04,Rio de Janeiro,Operação B,13173,98.7,546768.47,409,3.11,13741,133.47,5539.7,95.87
2025-09-04,Rio de Janeiro,Operação C,12028,86.8,503133.72,469,3.91,12082,138.57,5796.47,99.55
2025-09-04,Curitiba,Operação A,13553,88.7,580671.5,429,3.17,12349,152.8,6546.47,109.75
2025-09-04,Curitiba,Operação B,10285,71.4,442238.23,347,3.38,9935,144.05,6193.81,103.52
2025-09-04,Curitiba,Operação C,8369,65.1,373838.39,305,3.64,9062,128.56,5742.53,92.35
2025-09-04,Belo Horizonte,Operação A,12542,87.2,439552.07,403,3.21,12138,143.83,5040.73,103.33
2025-09-04,Belo Horizonte,Operação B,10338,68.3,348586.05,365,3.53,9510,151.36,5103.75,108.71
2025-09-04,Belo Horizonte,Operação C,8910,64.9,376879.74,267,3.0,9041,137.29,5807.08,98.55
2025-09-04,Campinas,Operação A,9171,65.6,359110.97,371,4.05,9137,139.8,5474.25,100.37
2025-09-04,Campinas,Operação B,7596,56.4,372748.74,324,4.27,7847,134.68,6609.02,96.8
2025-09-04,Campinas,Operação C,6128,45.0,263319.25,230,3.76,6266,136.18,5851.54,97.8
2025-09-05,São Paulo,Operação A,16702,107.4,756615.59,648,3.89,14951,155.51,7044.84,111.71
2025-09-05,São Paulo,Operação B,16614,112.0,727598.89,788,4.75,15585,148.34,6496.42,106.6
2025-09-05,São Paulo,Operação C,13249,97.9,590014.81,393,2.97,13624,135.33,6026.71,97.25
2025-09-05,Rio de Janeiro,Operação A,15938,107.3,581197.19,542,3.4,14926,148.54,5416.56,106.78
2025-09-05,Rio de Janeiro,Operação B,12833,92.1,555140.69,531,4.14,12810,139.34,6027.59,100.18
2025-09-05,Rio de Janeiro,Operação C,11562,79.2,549584.6,448,3.88,11016,145.98,6939.2,104.96
2025-09-05,Curitiba,Operação A,11574,86.3,517173.82,435,3.76,12006,134.11,5992.74,96.4
2025-09-05,Curitiba,Operação B,11943,82.8,414839.32,255,2.14,11520,144.24,5010.14,103.67
2025-09-05,Curitiba,Operação C,9677,70.1,423340.41,347,3.59,9754,138.05,6039.09,99.21
2025-09-05,Belo Horizonte,Operação A,11281,79.0,434752.16,393,3.49,10991,142.8,5503.19,102.64
2025-09-05,Belo Horizonte,Operação B,9188,65.6,374001.25,304,3.32,9130,140.06,5701.24,100.64
2025-09-05,Belo Horizonte,Operação C,9659,67.8,445229.76,456,4.73,9433,142.46,6566.81,102.4
2025-09-05,Campinas,Operação A,11443,76.7,495565.76,479,4.19,10674,149.19,6461.09,107.2
2025-09-05,Campinas,Operação B,9549,62.1,424514.39,306,3.21,8645,153.77,6835.98,110.46
2025-09-05,Campinas,Operação C,8739,60.4,363328.05,272,3.12,8403,144.69,6015.37,104.0
2025-09-06,São Paulo,Operação A,16103,119.0,733584.4,609,3.78,14568,135.32,6164.57,110.54
2025-09-06,São Paulo,Operação B,14694,106.7,608333.58,383,2.61,13058,137.71,5701.35,112.53
2025-09-06,São Paulo,Operação C,12093,99.3,474512.96,249,2.06,12153,121.78,4778.58,99.51
2025-09-06,Rio de Janeiro,Operação A,12077,107.7,470990.5,479,3.97,13184,112.14,4373.17,91.6
2025-09-06,Rio de Janeiro,Operação B,11496,95.3,476663.09,322,2.8,11657,120.63,5001.71,98.62
2025-09-06,Rio de Janeiro,Operação C,9730,75.5,389135.91,321,3.3,9244,128.87,5154.12,105.26
2025-09-06,Curitiba,Operação A,10184,74.6,448506.07,421,4.13,9131,136.51,6012.15,111.53
2025-09-06,Curitiba,Operação B,9870,82.8,400390.59,195,1.98,10137,119.2,4835.64,97.37
2025-09-06,Curitiba,Operação C,10877,86.9,502026.97,272,2.51,10638,125.17,5777.07,102.25
2025-09-06,Belo Horizonte,Operação A,12451,87.1,519939.78,335,2.69,10663,142.95,5969.46,116.77
2025-09-06,Belo Horizonte,Operação B,7336,68.7,307000.25,304,4.16,8411,106.78,4468.71,87.22
2025-09-06,Belo Horizonte,Operação C,7571,61.1,333958.87,301,3.98,7475,123.91,5465.78,101.28
2025-09-06,Campinas,Operação A,7521,59.1,389166.18,182,2.43,7233,127.26,6584.88,103.98
2025-09-06,Campinas,Operação B,8748,60.9,406053.3,270,3.09,7453,143.65,6667.54,117.38
2025-09-06,Campinas,Operação C,7025,55.6,274029.18,241,3.44,6800,126.35,4928.58,103.31
2025-09-07,São Paulo,Operação A,14765,115.9,575930.49,365,2.48,14177,127.39,4969.2,104.15
2025-09-07,São Paulo,Operação B,14469,102.2,612455.58,468,3.23,12501,141.58,5992.72,115.74
2025-09-07,São Paulo,Operação C,11933,95.5,590350.95,417,3.5,11678,124.95,6181.69,102.18
2025-09-07,Rio de Janeiro,Operação A,13004,108.6,572336.69,483,3.72,13286,119.74,5270.14,97.88
2025-09-07,Rio de Janeiro,Operação B,10951,89.8,431993.73,408,3.73,10984,121.95,4810.62,99.7
2025-09-07,Rio de Janeiro,Operação C,10494,83.8,452806.36,364,3.47,10246,125.23,5403.42,102.42
2025-09-07,Curitiba,Operação A,10661,85.6,448528.42,603,5.66,10464,124.54,5239.82,101.88
2025-09-07,Curitiba,Operação B,10036,76.0,439096.02,330,3.29,9293,132.05,5777.58,108.0
2025-09-07,Curitiba,Operação C,9162,74.0,423469.64,296,3.23,9051,123.81,5722.56,101.23
2025-09-07,Belo Horizonte,Operação A,9518,73.4,357699.07,373,3.93,8981,129.67,4873.28,105.98
2025-09-07,Belo Horizonte,Operação B,7579,61.3,274913.68,436,5.76,7502,123.64,4484.73,101.03
2025-09-07,Belo Horizonte,Operação C,6293,49.8,293085.26,272,4.33,6085,126.37,5885.25,103.42
2025-09-07,Campinas,Operação A,9476,76.7,449203.68,400,4.23,9379,123.55,5856.63,101.03
2025-09-07,Campinas,Operação B,8094,63.0,330108.2,224,2.77,7703,128.48,5239.81,105.08
2025-09-07,Campinas,Operação C,8663,62.8,333209.85,292,3.38,7678,137.95,5305.89,112.83
2025-09-08,São Paulo,Operação A,16737,116.9,707258.41,712,4.26,16234,143.17,6050.11,103.1
2025-09-08,São Paulo,Operação B,13134,97.3,616595.05,411,3.13,13511,134.98,6337.05,97.21
2025-09-08,São Paulo,Operação C,11281,81.4,458908.7,535,4.74,11301,138.59,5637.7,99.82
2025-09-08,Rio de Janeiro,Operação A,17089,110.2,773788.12,727,4.26,15308,155.07,7021.67,111.63
2025-09-08,Rio de Janeiro,Operação B,12085,85.4,459717.49,402,3.33,11860,141.51,5383.11,101.9
2025-09-08,Rio de Janeiro,Operação C,12194,84.2,576116.79,315,2.59,11691,144.82,6842.24,104.3
2025-09-08,Curitiba,Operação A,11576,88.4,490552.75,473,4.09,12275,130.95,5549.24,94.31
2025-09-08,Curitiba,Operação B,10777,72.3,411261.86,233,2.17,10042,149.06,5688.27,107.32
2025-09-08,Curitiba,Operação C,11088,68.8,421519.41,496,4.48,9562,161.16,6126.74,115.96
2025-09-08,Belo Horizonte,Operação A,10469,80.5,392315.08,367,3.51,11176,130.05,4873.48,93.67
2025-09-08,Belo Horizonte,Operação B,8716,66.9,307011.01,246,2.82,9288,130.28,4589.1,93.84
2025-09-08,Belo Horizonte,Operação C,8994,62.7,359715.46,329,3.66,8708,143.44,5737.09,103.28
2025-09-08,Campinas,Operação A,11505,78.0,477627.37,488,4.24,10835,147.5,6123.43,106.18
2025-09-08,Campinas,Operação B,7739,54.8,318813.12,194,2.51,7609,141.22,5817.76,101.71
2025-09-08,Campinas,Operação C,6279,51.2,311744.26,172,2.75,7109,122.64,6088.76,88.32
2025-09-09,São Paulo,Operação A,18552,129.0,821101.44,576,3.11,17906,143.81,6365.13,103.61
2025-09-09,São Paulo,Operação B,15592,104.0,696310.8,642,4.12,14432,149.92,6695.3,108.04
2025-09-09,São Paulo,Operação C,12147,87.6,432716.16,475,3.92,12164,138.66,4939.68,99.86
2025-09-09,Rio de Janeiro,Operação A,17774,111.3,768204.55,513,2.89,15452,159.69,6902.11,115.03
2025-09-09,Rio de Janeiro,Operação B,12055,78.3,419693.54,389,3.23,10873,153.96,5360.07,110.87
2025-09-09,Rio de Janeiro,Operação C,11107,77.8,468084.64,401,3.61,10801,142.76,6016.51,102.83
2025-09-09,Curitiba,Operação A,9759,68.0,322844.29,398,4.09,9435,143.51,4747.71,103.43
2025-09-09,Curitiba,Operação B,8515,69.9,329898.19,259,3.04,9706,121.82,4719.57,87.73
2025-09-09,Curitiba,Operação C,10657,73.3,462277.0,473,4.44,10173,145.39,6306.64,104.76
2025-09-09,Belo Horizonte,Operação A,12004,79.5,537004.28,296,2.47,11034,150.99,6754.77,108.79
2025-09-09,Belo Horizonte,Operação B,10337,80.0,472085.28,236,2.29,11108,129.21,5901.07,93.06
2025-09-09,Belo Horizonte,Operação C,10628,65.5,437321.85,350,3.29,9099,162.26,6676.67,116.8
2025-09-09,Campinas,Operação A,10511,75.0,517909.71,384,3.65,10412,140.15,6905.46,100.95
2025-09-09,Campinas,Operação B,8179,59.3,312995.66,245,3.0,8226,137.93,5278.17,99.43
2025-09-09,Campinas,Operação C,7158,51.7,281791.13,370,5.18,7172,138.45,5450.51,99.8
2025-09-10,São Paulo,Operação A,16030,110.7,711252.45,641,4.0,15355,144.81,6425.04,104.4
2025-09-10,São Paulo,Operação B,14391,102.1,630414.88,534,3.71,14165,140.95,6174.48,101.6
2025-09-10,São Paulo,Operação C,11287,88.4,452928.18,291,2.58,12264,127.68,5123.62,92.03
2025-09-10,Rio de Janeiro,Operação A,14236,99.1,618339.87,701,4.92,13745,143.65,6239.55,103.57
2025-09-10,Rio de Janeiro,Operação B,13065,86.4,564719.47,592,4.54,11993,151.22,6536.1,108.94
2025-09-10,Rio de Janeiro,Operação C,11115,83.4,390223.37,416,3.75,11573,133.27,4678.94,96.04
2025-09-10,Curitiba,Operação A,10839,81.2,400280.9,393,3.63,11263,133.49,4929.57,96.24
2025-09-10,Curitiba,Operação B,11748,84.4,521153.98,401,3.42,11704,139.19,6174.81,100.38
2025-09-10,Curitiba,Operação C,8430,55.9,317146.98,296,3.52,7759,150.81,5673.47,108.65
2025-09-10,Belo Horizonte,Operação A,11847,77.8,447430.34,451,3.81,10790,152.28,5751.03,109.8
2025-09-10,Belo Horizonte,Operação B,8823,63.8,242272.51,456,5.17,8855,138.29,3797.37,99.64
2025-09-10,Belo Horizonte,Operação C,8845,65.2,331699.68,274,3.1,9045,135.66,5087.42,97.79
2025-09-10,Campinas,Operação A,9421,75.7,390346.53,463,4.92,10509,124.45,5156.49,89.65
2025-09-10,Campinas,Operação B,7723,53.6,392430.65,309,4.01,7432,144.09,7321.47,103.92
2025-09-10,Campinas,Operação C,8165,55.0,329837.74,370,4.54,7631,148.45,5997.05,107.0
2025-09-11,São Paulo,Operação A,14230,115.1,575387.03,387,2.73,15960,123.63,4999.02,89.16
2025-09-11,São Paulo,Operação B,14145,100.5,661840.2,573,4.06,13942,140.75,6585.47,101.46
2025-09-11,São Paulo,Operação C,13187,92.0,498001.36,231,1.76,12765,143.34,5413.06,103.31
2025-09-11,Rio de Janeiro,Operação A,15812,104.5,657252.1,485,3.07,14495,151.31,6289.49,109.09
2025-09-11,Rio de Janeiro,Operação B,13314,93.5,648963.99,597,4.49,12960,142.4,6940.79,102.73
2025-09-11,Rio de Janeiro,Operação C,12992,86.1,478616.58,523,4.03,11939,150.89,5558.85,108.82
2025-09-11,Curitiba,Operação A,13072,87.5,574781.56,504,3.86,12135,149.39,6568.93,107.72
2025-09-11,Curitiba,Operação B,13214,92.7,604479.05,412,3.12,12857,142.55,6520.81,102.78
2025-09-11,Curitiba,Operação C,10764,70.5,467778.73,520,4.84,9774,152.68,6635.16,110.13
2025-09-11,Belo Horizonte,Operação A,10238,74.0,438693.39,430,4.2,10257,138.35,5928.29,99.81
2025-09-11,Belo Horizonte,Operação B,11083,71.0,436151.96,286,2.59,9840,156.1,6142.99,112.63
2025-09-11,Belo Horizonte,Operação C,9049,63.5,399707.5,314,3.48,8805,142.5,6294.61,102.77
2025-09-11,Campinas,Operação A,9743,68.3,410330.3,317,3.26,9478,142.65,6007.76,102.8
2025-09-11,Campinas,Operação B,8366,60.1,380039.44,305,3.66,8332,139.2,6323.45,100.41
2025-09-11,Campinas,Operação C,10132,69.9,403218.85,571,5.64,9696,144.95,5768.51,104.5
2025-09-12,São Paulo,Operação A,18498,120.8,820726.88,739,4.0,16741,153.13,6794.1,110.5
2025-09-12,São Paulo,Operação B,14045,106.2,610537.78,342,2.44,14728,132.25,5748.94,95.36
2025-09-12,São Paulo,Operação C,12098,89.0,525414.7,455,3.77,12334,135.93,5903.54,98.09
2025-09-12,Rio de Janeiro,Operação A,15649,107.1,619273.16,515,3.29,14845,146.12,5782.2,105.42
2025-09-12,Rio de Janeiro,Operação B,14877,96.6,556591.23,338,2.28,13396,154.01,5761.81,111.06
2025-09-12,Rio de Janeiro,Operação C,11419,74.3,535089.04,315,2.76,10297,153.69,7201.74,110.9
2025-09-12,Curitiba,Operação A,14065,87.0,614095.42,652,4.64,12062,161.67,7058.57,116.61
2025-09-12,Curitiba,Operação B,10835,80.8,446836.21,382,3.53,11199,134.1,5530.15,96.75
2025-09-12,Curitiba,Operação C,10010,65.7,436783.74,115,1.15,9103,152.36,6648.15,109.96
2025-09-12,Belo Horizonte,Operação A,8608,71.0,367574.18,317,3.69,9837,121.24,5177.1,87.51
2025-09-12,Belo Horizonte,Operação B,9578,71.7,428103.81,390,4.07,9936,133.58,5970.76,96.4
2025-09-12,Belo Horizonte,Operação C,6754,52.5,283664.44,333,4.93,7284,128.65,5403.13,92.72
2025-09-12,Campinas,Operação A,12301,82.6,480723.24,517,4.21,11453,148.92,5819.89,107.4
2025-09-12,Campinas,Operação B,7906,58.3,264251.19,283,3.58,8086,135.61,4532.61,97.77
2025-09-12,Campinas,Operação C,7168,49.7,235128.82,260,3.64,6890,144.23,4730.96,104.03
2025-09-13,São Paulo,Operação A,13675,100.9,602897.45,448,3.28,12297,135.53,5975.2,111.21
2025-09-13,São Paulo,Operação B,12492,106.4,528280.46,516,4.14,12978,117.41,4965.04,96.26
2025-09-13,São Paulo,Operação C,8365,68.5,350572.33,279,3.34,8357,122.12,5117.84,100.1
2025-09-13,Rio de Janeiro,Operação A,13225,113.9,522590.68,260,1.97,13891,116.11,4588.15,95.21
2025-09-13,Rio de Janeiro,Operação B,12477,100.8,502153.89,431,3.46,12287,123.78,4981.69,101.55
2025-09-13,Rio de Janeiro,Operação C,10818,83.8,568935.25,417,3.86,10221,129.09,6789.2,105.84
2025-09-13,Curitiba,Operação A,9878,81.6,399357.31,227,2.3,9951,121.05,4894.08,99.27
2025-09-13,Curitiba,Operação B,9845,74.1,389335.74,280,2.85,9032,132.86,5254.19,109.0
2025-09-13,Curitiba,Operação C,8568,75.6,288987.73,220,2.58,9212,113.33,3822.59,93.01
2025-09-13,Belo Horizonte,Operação A,8976,69.4,364041.27,298,3.32,8458,129.34,5245.55,106.12
2025-09-13,Belo Horizonte,Operação B,9324,77.8,420515.73,439,4.71,9482,119.85,5405.09,98.33
2025-09-13,Belo Horizonte,Operação C,7704,58.1,316116.14,326,4.24,7089,132.6,5440.9,108.68
2025-09-13,Campinas,Operação A,6658,59.7,269215.76,185,2.79,7282,111.52,4509.48,91.43
2025-09-13,Campinas,Operação B,7180,57.9,322238.79,227,3.17,7057,124.01,5565.44,101.74
2025-09-13,Campinas,Operação C,5942,48.4,231282.95,163,2.75,5895,122.77,4778.57,100.8
2025-09-14,São Paulo,Operação A,13488,106.6,535813.19,576,4.27,12990,126.53,5026.39,103.83
2025-09-14,São Paulo,Operação B,11191,92.4,551174.98,307,2.75,11257,121.11,5965.1,99.41
2025-09-14,São Paulo,Operação C,10202,88.5,373457.37,483,4.74,10791,115.28,4219.86,94.54
2025-09-14,Rio de Janeiro,Operação A,13338,104.9,469694.14,505,3.79,12788,127.15,4477.54,104.3
2025-09-14,Rio de Janeiro,Operação B,13376,98.3,597550.5,347,2.6,11980,136.07,6078.85,111.65
2025-09-14,Rio de Janeiro,Operação C,10752,81.6,374408.57,279,2.6,9941,131.76,4588.34,108.16
2025-09-14,Curitiba,Operação A,12174,91.1,435898.2,503,4.14,11101,133.63,4784.83,109.67
2025-09-14,Curitiba,Operação B,9890,74.5,390278.34,397,4.02,9075,132.75,5238.64,108.98
2025-09-14,Curitiba,Operação C,8703,70.9,366144.0,259,2.98,8635,122.75,5164.23,100.79
2025-09-14,Belo Horizonte,Operação A,11453,91.7,438786.22,335,2.93,11178,124.9,4785.02,102.46
2025-09-14,Belo Horizonte,Operação B,9358,70.6,343033.33,465,4.98,8602,132.55,4858.83,108.79
2025-09-14,Belo Horizonte,Operação C,8257,63.5,343584.02,290,3.52,7738,130.03,5410.77,106.71
2025-09-14,Campinas,Operação A,9401,69.7,394543.85,386,4.11,8493,134.88,5660.6,110.69
2025-09-14,Campinas,Operação B,7463,58.5,289447.37,333,4.47,7125,127.57,4947.82,104.74
2025-09-14,Campinas,Operação C,5942,48.3,242078.02,191,3.22,5884,123.02,5011.97,100.99
2025-09-15,São Paulo,Operação A,17196,122.9,818111.7,489,2.85,17018,139.92,6656.73,101.05
2025-09-15,São Paulo,Operação B,14027,103.7,612753.94,489,3.49,14354,135.27,5908.91,97.72
2025-09-15,São Paulo,Operação C,13808,89.1,543795.39,548,3.97,12336,154.97,6103.2,111.93
2025-09-15,Rio de Janeiro,Operação A,14179,98.3,527709.75,421,2.97,13615,144.24,5368.36,104.14
2025-09-15,Rio de Janeiro,Operação B,14449,89.6,612684.06,696,4.82,12407,161.26,6837.99,116.46
2025-09-15,Rio de Janeiro,Operação C,11261,80.9,542300.78,433,3.85,11202,139.2,6703.35,100.53
2025-09-15,Curitiba,Operação A,11876,80.4,484892.58,226,1.91,11126,147.71,6031.0,106.74
2025-09-15,Curitiba,Operação B,12375,80.4,610728.13,474,3.84,11123,153.92,7596.12,111.26
2025-09-15,Curitiba,Operação C,9569,63.2,434425.72,460,4.81,8749,151.41,6873.82,109.37
2025-09-15,Belo Horizonte,Operação A,11289,79.8,441826.88,443,3.93,11053,141.47,5536.68,102.14
2025-09-15,Belo Horizonte,Operação B,8877,58.9,393706.85,352,3.97,8148,150.71,6684.33,108.95
2025-09-15,Belo Horizonte,Operação C,9869,62.3,448920.81,297,3.01,8625,158.41,7205.79,114.42
2025-09-15,Campinas,Operação A,8940,66.6,395193.89,241,2.7,9220,134.23,5933.84,96.96
2025-09-15,Campinas,Operação B,10797,69.1,415511.05,361,3.35,9563,156.25,6013.18,112.9
2025-09-15,Campinas,Operação C,8238,54.2,399027.08,177,2.15,7508,151.99,7362.12,109.72
2025-09-16,São Paulo,Operação A,16229,115.6,590692.12,505,3.11,16003,140.39,5109.79,101.41
2025-09-16,São Paulo,Operação B,14791,105.5,529836.03,857,5.8,14598,140.2,5022.14,101.32
2025-09-16,São Paulo,Operação C,13267,92.1,498949.24,492,3.71,12740,144.05,5417.47,104.14
2025-09-16,Rio de Janeiro,Operação A,12729,102.6,480124.87,526,4.14,14195,124.06,4679.58,89.67
2025-09-16,Rio de Janeiro,Operação B,15225,103.8,706627.77,513,3.38,14365,146.68,6807.59,105.99
2025-09-16,Rio de Janeiro,Operação C,12124,78.8,589846.05,550,4.54,10900,153.86,7485.36,111.23
2025-09-16,Curitiba,Operação A,11016,77.4,474900.85,362,3.29,10711,142.33,6135.67,102.85
2025-09-16,Curitiba,Operação B,11569,76.5,532304.02,560,4.85,10588,151.23,6958.22,109.27
2025-09-16,Curitiba,Operação C,8101,62.6,351850.23,405,5.01,8668,129.41,5620.61,93.46
2025-09-16,Belo Horizonte,Operação A,11512,76.8,515541.7,420,3.65,10630,149.9,6712.78,108.3
2025-09-16,Belo Horizonte,Operação B,9329,69.7,306675.5,243,2.61,9652,133.85,4399.94,96.65
2025-09-16,Belo Horizonte,Operação C,9023,58.6,375243.9,278,3.08,8109,153.98,6403.48,111.27
2025-09-16,Campinas,Operação A,9645,64.5,457495.42,419,4.35,8924,149.53,7092.95,108.08
2025-09-16,Campinas,Operação B,8430,65.7,342201.54,426,5.06,9097,128.31,5208.55,92.67
2025-09-16,Campinas,Operação C,7908,62.0,330377.56,299,3.79,8576,127.55,5328.67,92.21
2025-09-17,São Paulo,Operação A,13486,112.5,571742.96,387,2.87,15568,119.88,5082.16,86.63
2025-09-17,São Paulo,Operação B,13523,97.0,560735.2,472,3.49,13420,139.41,5780.78,100.77
2025-09-17,São Paulo,Operação C,11824,84.0,413488.9,443,3.75,11621,140.76,4922.49,101.75
2025-09-17,Rio de Janeiro,Operação A,11727,83.7,535651.18,311,2.65,11583,140.11,6399.66,101.24
2025-09-17,Rio de Janeiro,Operação B,14711,95.2,423211.94,497,3.38,13171,154.53,4445.5,111.69
2025-09-17,Rio de Janeiro,Operação C,8398,59.2,352475.1,127,1.51,8195,141.86,5953.97,102.48
2025-09-17,Curitiba,Operação A,14339,98.3,553541.41,669,4.67,13604,145.87,5631.14,105.4
2025-09-17,Curitiba,Operação B,7999,61.2,262384.62,395,4.94,8470,130.7,4287.33,94.44
2025-09-17,Curitiba,Operação C,10059,67.3,434589.09,398,3.96,9305,149.47,6457.49,108.1
2025-09-17,Belo Horizonte,Operação A,11754,80.7,498727.08,354,3.01,11163,145.65,6180.01,105.29
2025-09-17,Belo Horizonte,Operação B,10106,69.4,428920.84,234,2.32,9596,145.62,6180.42,105.31
2025-09-17,Belo Horizonte,Operação C,7984,51.9,325523.84,316,3.97,7182,153.83,6272.14,111.17
2025-09-17,Campinas,Operação A,8087,63.1,312365.34,268,3.32,8726,128.16,4950.32,92.68
2025-09-17,Campinas,Operação B,8861,56.8,378525.02,441,4.98,7863,156.0,6664.17,112.69
2025-09-17,Campinas,Operação C,6766,57.0,312752.71,155,2.29,7878,118.7,5486.89,85.88
2025-09-18,São Paulo,Operação A,16148,119.5,816617.99,751,4.65,16523,135.13,6833.62,97.73
2025-09-18,São Paulo,Operação B,13780,97.3,592242.25,577,4.19,13456,141.62,6086.77,102.41
2025-09-18,São Paulo,Operação C,11991,90.4,469205.02,419,3.5,12501,132.64,5190.32,95.92
2025-09-18,Rio de Janeiro,Operação A,16538,112.4,643433.06,664,4.02,15539,147.14,5724.49,106.43
2025-09-18,Rio de Janeiro,Operação B,13281,87.5,692046.9,426,3.21,12098,151.78,7909.11,109.78
2025-09-18,Rio de Janeiro,Operação C,11510,85.0,478251.38,405,3.52,11752,135.41,5626.49,97.94
2025-09-18,Curitiba,Operação A,13991,83.5,570463.83,555,3.97,11549,167.56,6831.9,121.14
2025-09-18,Curitiba,Operação B,8875,60.3,413292.94,273,3.08,8337,147.18,6853.95,106.45
2025-09-18,Curitiba,Operação C,6751,47.4,284006.03,275,4.08,6551,142.43,5991.69,103.05
2025-09-18,Belo Horizonte,Operação A,13107,94.2,505600.53,336,2.57,13031,139.14,5367.31,100.58
2025-09-18,Belo Horizonte,Operação B,10498,71.1,418002.84,432,4.12,9830,147.65,5879.08,106.8
2025-09-18,Belo Horizonte,Operação C,9258,64.6,355417.78,288,3.11,8932,143.31,5501.82,103.65
2025-09-18,Campinas,Operação A,7802,53.7,328506.06,284,3.65,7428,145.29,6117.43,105.04
2025-09-18,Campinas,Operação B,9543,65.0,396592.45,337,3.54,8992,146.82,6101.42,106.13
2025-09-18,Campinas,Operação C,6167,45.0,260259.02,179,2.91,6222,137.04,5783.53,99.12
2025-09-19,São Paulo,Operação A,16882,123.9,723650.67,606,3.59,17127,136.26,5840.6,98.57
2025-09-19,São Paulo,Operação B,16359,107.7,732492.72,296,1.82,14892,151.89,6801.23,109.85
2025-09-19,São Paulo,Operação C,15584,98.6,624474.3,574,3.69,13625,158.05,6333.41,114.38
2025-09-19,Rio de Janeiro,Operação A,12027,97.5,469595.89,368,3.07,13478,123.35,4816.37,89.23
2025-09-19,Rio de Janeiro,Operação B,11689,87.7,456645.97,408,3.49,12126,133.28,5206.91,96.4
2025-09-19,Rio de Janeiro,Operação C,10970,74.0,490651.27,592,5.4,10227,148.24,6630.42,107.27
2025-09-19,Curitiba,Operação A,13475,92.7,532517.75,503,3.73,12822,145.36,5744.53,105.09
2025-09-19,Curitiba,Operação B,10478,76.1,472923.75,249,2.38,10518,137.69,6214.5,99.62
2025-09-19,Curitiba,Operação C,9384,63.2,383333.24,312,3.33,8741,148.48,6065.4,107.36
2025-09-19,Belo Horizonte,Operação A,10650,79.2,497308.18,286,2.69,10947,134.47,6279.14,97.29
2025-09-19,Belo Horizonte,Operação B,10572,71.9,403908.68,376,3.56,9943,147.04,5617.65,106.33
2025-09-19,Belo Horizonte,Operação C,8617,55.0,322662.43,256,2.98,7599,156.67,5866.59,113.4
2025-09-19,Campinas,Operação A,8035,62.2,388611.66,316,3.93,8592,129.18,6247.78,93.52
2025-09-19,Campinas,Operação B,8515,62.5,388543.26,241,2.84,8637,136.24,6216.69,98.59
2025-09-19,Campinas,Operação C,8004,59.7,315533.44,328,4.11,8249,134.07,5285.32,97.03
2025-09-20,São Paulo,Operação A,16225,123.9,613326.15,509,3.14,15071,130.95,4950.17,107.66
2025-09-20,São Paulo,Operação B,12245,103.6,581439.76,193,1.58,12599,118.19,5612.35,97.19
2025-09-20,São Paulo,Operação C,10270,84.7,314510.79,244,2.38,10307,121.25,3713.23,99.64
2025-09-20,Rio de Janeiro,Operação A,13615,108.1,657502.99,644,4.74,13148,125.95,6082.36,103.55
2025-09-20,Rio de Janeiro,Operação B,11973,93.2,506023.57,164,1.38,11338,128.47,5429.44,105.6
2025-09-20,Rio de Janeiro,Operação C,8810,69.6,391728.75,328,3.73,8466,126.58,5628.29,104.06
2025-09-20,Curitiba,Operação A,10529,78.6,504652.61,447,4.25,9562,133.96,6420.52,110.11
2025-09-20,Curitiba,Operação B,9748,80.7,451368.82,352,3.62,9818,120.79,5593.17,99.29
2025-09-20,Curitiba,Operação C,8832,68.5,366652.1,248,2.81,8334,128.93,5352.59,105.98
2025-09-20,Belo Horizonte,Operação A,10691,79.6,430142.73,450,4.21,9678,134.31,5403.8,110.47
2025-09-20,Belo Horizonte,Operação B,9211,74.9,438030.95,296,3.22,9104,122.98,5848.21,101.18
2025-09-20,Belo Horizonte,Operação C,9310,71.9,390429.15,259,2.79,8744,129.49,5430.17,106.47
2025-09-20,Campinas,Operação A,8685,70.1,321056.78,288,3.33,8526,123.89,4579.98,101.86
2025-09-20,Campinas,Operação B,7309,55.9,345168.42,184,2.52,6795,130.75,6174.75,107.56
2025-09-20,Campinas,Operação C,8233,66.1,313676.6,338,4.11,8039,124.55,4745.49,102.41
2025-09-21,São Paulo,Operação A,14334,114.7,578848.3,408,2.85,13952,124.97,5046.63,102.74
2025-09-21,São Paulo,Operação B,13244,107.6,480139.93,521,3.94,13079,123.09,4462.27,101.26
2025-09-21,São Paulo,Operação C,9443,81.8,441653.12,240,2.54,9941,115.44,5399.18,94.99
2025-09-21,Rio de Janeiro,Operação A,11474,87.5,467961.88,381,3.33,10640,131.13,5348.14,107.84
2025-09-21,Rio de Janeiro,Operação B,11235,88.0,438042.8,525,4.68,10699,127.67,4977.76,105.01
2025-09-21,Rio de Janeiro,Operação C,8944,69.0,398620.52,258,2.89,8394,129.62,5777.11,106.55
2025-09-21,Curitiba,Operação A,10457,77.7,397748.28,315,3.01,9447,134.58,5119.03,110.69
2025-09-21,Curitiba,Operação B,10077,80.0,350794.73,493,4.9,9728,125.96,4384.93,103.59
2025-09-21,Curitiba,Operação C,7476,61.2,321640.97,299,4.0,7445,122.16,5255.57,100.42
2025-09-21,Belo Horizonte,Operação A,10424,93.9,472246.9,426,4.09,11415,111.01,5029.25,91.32
2025-09-21,Belo Horizonte,Operação B,9112,68.7,416756.42,218,2.39,8357,132.63,6066.32,109.03
2025-09-21,Belo Horizonte,Operação C,8236,73.6,308510.14,271,3.29,8947,111.9,4191.71,92.05
2025-09-21,Campinas,Operação A,10350,84.2,433377.94,480,4.65,10237,122.92,5147.01,101.1
2025-09-21,Campinas,Operação B,6847,59.4,276146.77,314,4.6,7222,115.27,4648.94,94.81
2025-09-21,Campinas,Operação C,7789,54.6,350129.1,232,2.98,6640,142.66,6412.62,117.3
2025-09-22,São Paulo,Operação A,15868,118.2,624029.22,1123,7.08,16332,134.25,5279.44,97.16
2025-09-22,São Paulo,Operação B,16591,109.6,655465.26,789,4.76,15143,151.38,5980.52,109.56
2025-09-22,São Paulo,Operação C,15814,97.9,780143.47,366,2.32,13522,161.53,7968.78,116.95
2025-09-22,Rio de Janeiro,Operação A,12735,96.0,486785.66,478,3.76,13255,132.66,5070.68,96.08
2025-09-22,Rio de Janeiro,Operação B,14094,86.2,699326.23,492,3.49,11911,163.5,8112.83,118.33
2025-09-22,Rio de Janeiro,Operação C,14667,93.1,589571.95,277,1.89,12855,157.54,6332.67,114.1
2025-09-22,Curitiba,Operação A,11359,83.3,486460.79,405,3.57,11512,136.36,5839.87,98.67
2025-09-22,Curitiba,Operação B,10985,74.2,408091.79,420,3.83,10255,148.05,5499.89,107.12
2025-09-22,Curitiba,Operação C,8954,61.9,410358.59,225,2.52,8546,144.65,6629.38,104.77
2025-09-22,Belo Horizonte,Operação A,11067,78.2,442048.34,467,4.22,10800,141.52,5652.79,102.47
2025-09-22,Belo Horizonte,Operação B,8870,64.7,347352.07,387,4.37,8931,137.09,5368.66,99.32
2025-09-22,Belo Horizonte,Operação C,8529,57.9,425621.16,293,3.44,7996,147.31,7350.97,106.67
2025-09-22,Campinas,Operação A,12517,78.5,577143.43,436,3.49,10844,159.45,7352.15,115.43
2025-09-22,Campinas,Operação B,8571,66.0,333239.0,258,3.02,9116,129.86,5049.08,94.02
2025-09-22,Campinas,Operação C,9397,69.8,363570.8,250,2.66,9642,134.63,5208.75,97.46
2025-09-23,São Paulo,Operação A,17554,121.8,813575.87,708,4.04,16820,144.12,6679.6,104.36
2025-09-23,São Paulo,Operação B,12500,92.8,593266.44,417,3.34,12821,134.7,6392.96,97.5
2025-09-23,São Paulo,Operação C,13911,98.5,530417.73,453,3.26,13605,141.23,5384.95,102.25
2025-09-23,Rio de Janeiro,Operação A,13288,97.0,568775.6,519,3.91,13389,136.99,5863.67,99.25
2025-09-23,Rio de Janeiro,Operação B,11270,79.1,446895.36,335,2.98,10919,142.48,5649.75,103.21
2025-09-23,Rio de Janeiro,Operação C,11018,80.3,523669.59,490,4.45,11090,137.21,6521.41,99.35
2025-09-23,Curitiba,Operação A,12831,93.1,489502.71,457,3.57,12863,137.82,5257.82,99.75
2025-09-23,Curitiba,Operação B,9939,72.7,370695.5,344,3.47,10046,136.71,5098.98,98.93
2025-09-23,Curitiba,Operação C,9291,62.1,414940.0,407,4.38,8578,149.61,6681.8,108.31
2025-09-23,Belo Horizonte,Operação A,10466,71.3,409117.38,264,2.52,9852,146.79,5737.97,106.23
2025-09-23,Belo Horizonte,Operação B,10230,66.7,414424.73,486,4.75,9211,153.37,6213.26,111.06
2025-09-23,Belo Horizonte,Operação C,9044,65.2,421813.91,348,3.86,9001,138.71,6469.54,100.48
2025-09-23,Campinas,Operação A,10353,64.2,445571.54,363,3.52,8866,161.26,6940.37,116.77
2025-09-23,Campinas,Operação B,8576,55.5,377936.62,343,4.0,7666,154.52,6809.67,111.87
2025-09-23,Campinas,Operação C,7637,50.6,348608.08,226,2.96,6983,150.93,6889.49,109.37
2025-09-24,São Paulo,Operação A,16030,108.0,572376.99,580,3.62,14906,148.43,5299.79,107.54
2025-09-24,São Paulo,Operação B,15387,99.4,622075.24,674,4.39,13721,154.8,6258.3,112.14
2025-09-24,São Paulo,Operação C,13221,86.6,664241.1,349,2.65,11957,152.67,7670.22,110.57
2025-09-24,Rio de Janeiro,Operação A,17996,105.8,760625.33,638,3.55,14605,170.09,7189.28,123.22
2025-09-24,Rio de Janeiro,Operação B,13696,95.7,481703.33,603,4.41,13217,143.11,5033.47,103.62
2025-09-24,Rio de Janeiro,Operação C,9053,65.4,423949.3,291,3.21,9024,138.43,6482.41,100.32
2025-09-24,Curitiba,Operação A,12119,80.0,467739.36,305,2.52,11048,151.49,5846.74,109.69
2025-09-24,Curitiba,Operação B,10665,75.7,394874.9,427,4.01,10455,140.89,5216.31,102.01
2025-09-24,Curitiba,Operação C,9485,68.2,387316.86,367,3.88,9416,139.08,5679.13,100.73
2025-09-24,Belo Horizonte,Operação A,12375,88.5,552157.08,489,3.95,12218,139.83,6239.06,101.28
2025-09-24,Belo Horizonte,Operação B,10853,75.9,416220.12,339,3.13,10474,142.99,5483.8,103.62
2025-09-24,Belo Horizonte,Operação C,10251,63.7,410695.26,424,4.14,8800,160.93,6447.34,116.49
2025-09-24,Campinas,Operação A,9839,68.4,472877.95,404,4.11,9448,143.85,6913.42,104.14
2025-09-24,Campinas,Operação B,7233,52.8,340131.0,261,3.61,7292,136.99,6441.88,99.19
2025-09-24,Campinas,Operação C,6197,46.1,277712.2,266,4.3,6362,134.43,6024.13,97.41
2025-09-25,São Paulo,Operação A,19750,118.0,894608.04,652,3.31,16290,167.37,7581.42,121.24
2025-09-25,São Paulo,Operação B,12865,96.8,557590.78,399,3.11,13362,132.9,5760.24,96.28
2025-09-25,São Paulo,Operação C,16031,101.9,713896.76,409,2.56,14070,157.32,7005.86,113.94
2025-09-25,Rio de Janeiro,Operação A,15368,99.0,610843.19,675,4.4,13671,155.23,6170.13,112.41
2025-09-25,Rio de Janeiro,Operação B,13390,93.5,524736.27,458,3.42,12911,143.21,5612.15,103.71
2025-09-25,Rio de Janeiro,Operação C,12345,80.7,474752.38,406,3.29,11141,152.97,5882.93,110.81
2025-09-25,Curitiba,Operação A,12716,85.2,487863.87,311,2.45,11760,149.25,5726.1,108.13
2025-09-25,Curitiba,Operação B,10011,78.5,471917.73,337,3.38,10840,127.53,6011.69,92.35
2025-09-25,Curitiba,Operação C,7459,54.1,324589.53,229,3.07,7470,137.87,5999.81,99.85
2025-09-25,Belo Horizonte,Operação A,12048,80.3,496272.04,331,2.75,11085,150.04,6180.22,108.69
2025-09-25,Belo Horizonte,Operação B,10600,67.6,516646.73,199,1.88,9333,156.8,7642.7,113.58
2025-09-25,Belo Horizonte,Operação C,10012,69.0,457507.66,306,3.06,9522,145.1,6630.55,105.15
2025-09-25,Campinas,Operação A,8664,58.3,331277.49,207,2.39,8055,148.61,5682.29,107.56
2025-09-25,Campinas,Operação B,7770,52.3,330674.18,320,4.13,7216,148.57,6322.64,107.68
2025-09-25,Campinas,Operação C,8141,58.8,339627.1,251,3.09,8118,138.45,5775.97,100.28
2025-09-26,São Paulo,Operação A,15479,116.4,674295.23,674,4.36,16068,132.98,5792.91,96.33
2025-09-26,São Paulo,Operação B,15043,96.8,638636.82,555,3.69,13360,155.4,6597.49,112.6
2025-09-26,São Paulo,Operação C,9756,78.3,415376.0,403,4.13,10809,124.6,5304.93,90.26
2025-09-26,Rio de Janeiro,Operação A,15777,99.0,709014.34,437,2.77,13670,159.36,7161.76,115.41
2025-09-26,Rio de Janeiro,Operação B,15133,90.4,560371.12,593,3.92,12481,167.4,6198.8,121.25
2025-09-26,Rio de Janeiro,Operação C,11544,77.1,543365.63,368,3.19,10645,149.73,7047.54,108.45
2025-09-26,Curitiba,Operação A,15279,92.7,645768.45,630,4.13,12796,164.82,6966.22,119.4
2025-09-26,Curitiba,Operação B,9950,69.7,410868.33,411,4.14,9616,142.75,5894.81,103.47
2025-09-26,Curitiba,Operação C,10386,73.4,499924.83,490,4.72,10128,141.5,6810.96,102.55
2025-09-26,Belo Horizonte,Operação A,11835,86.1,468106.02,337,2.85,11882,137.46,5436.77,99.6
2025-09-26,Belo Horizonte,Operação B,9966,76.3,445553.46,262,2.64,10538,130.62,5839.49,94.57
2025-09-26,Belo Horizonte,Operação C,9582,67.1,453559.7,422,4.41,9262,142.8,6759.46,103.45
2025-09-26,Campinas,Operação A,12699,80.8,540653.87,326,2.57,11149,157.17,6691.26,113.9
2025-09-26,Campinas,Operação B,6593,54.1,248327.56,234,3.56,7472,121.87,4590.16,88.24
2025-09-26,Campinas,Operação C,7070,50.2,310873.99,230,3.26,6929,140.84,6192.71,102.03
2025-09-27,São Paulo,Operação A,13757,110.0,528351.87,451,3.28,13363,125.06,4803.2,102.95
2025-09-27,São Paulo,Operação B,13778,111.9,676277.01,640,4.65,13591,123.13,6043.58,101.38
2025-09-27,São Paulo,Operação C,9971,86.1,416685.93,440,4.42,10463,115.81,4839.56,95.3
2025-09-27,Rio de Janeiro,Operação A,13388,100.3,627010.38,385,2.88,12182,133.48,6251.35,109.9
2025-09-27,Rio de Janeiro,Operação B,11262,85.5,479844.43,332,2.95,10381,131.72,5612.22,108.49
2025-09-27,Rio de Janeiro,Operação C,9605,76.9,343288.29,395,4.11,9341,124.9,4464.09,102.83
2025-09-27,Curitiba,Operação A,8237,81.5,345167.5,239,2.91,9901,101.07,4235.18,83.19
2025-09-27,Curitiba,Operação B,10306,85.6,387602.75,402,3.91,10399,120.4,4528.07,99.11
2025-09-27,Curitiba,Operação C,7157,60.3,315180.01,190,2.67,7326,118.69,5226.87,97.69
2025-09-27,Belo Horizonte,Operação A,9840,70.0,436089.07,323,3.29,8496,140.57,6229.84,115.82
2025-09-27,Belo Horizonte,Operação B,9054,69.7,415518.39,262,2.9,8462,129.9,5961.53,107.0
2025-09-27,Belo Horizonte,Operação C,7735,63.9,319022.92,280,3.63,7761,121.05,4992.53,99.66
2025-09-27,Campinas,Operação A,9327,70.7,409906.23,213,2.29,8584,131.92,5797.83,108.66
2025-09-27,Campinas,Operação B,6357,52.0,313492.28,179,2.82,6315,122.25,6028.7,100.67
2025-09-27,Campinas,Operação C,6361,52.7,253064.89,231,3.64,6396,120.7,4801.99,99.45
2025-09-28,São Paulo,Operação A,16535,127.7,641324.46,942,5.7,15507,129.48,5022.12,106.63
2025-09-28,São Paulo,Operação B,12410,103.1,591316.46,387,3.12,12515,120.37,5735.37,99.16
2025-09-28,São Paulo,Operação C,12002,101.8,572736.9,439,3.66,12368,117.9,5626.1,97.04
2025-09-28,Rio de Janeiro,Operação A,16036,112.8,600862.04,724,4.52,13695,142.16,5326.79,117.09
2025-09-28,Rio de Janeiro,Operação B,9343,80.3,362380.98,364,3.9,9757,116.35,4512.84,95.76
2025-09-28,Rio de Janeiro,Operação C,9873,79.6,420441.12,392,3.97,9668,124.03,5281.92,102.12
2025-09-28,Curitiba,Operação A,12099,89.5,596240.4,421,3.48,10875,135.18,6661.9,111.26
2025-09-28,Curitiba,Operação B,9182,70.2,343617.81,271,2.96,8520,130.8,4894.84,107.77
2025-09-28,Curitiba,Operação C,8949,71.9,332609.54,206,2.31,8737,124.46,4626.0,102.43
2025-09-28,Belo Horizonte,Operação A,10909,80.5,507423.22,391,3.59,9776,135.52,6303.39,111.59
2025-09-28,Belo Horizonte,Operação B,10435,83.8,432486.19,150,1.45,10173,124.52,5160.93,102.58
2025-09-28,Belo Horizonte,Operação C,7740,58.2,373500.24,219,2.84,7069,132.99,6417.53,109.49
2025-09-28,Campinas,Operação A,9962,74.0,418850.62,166,1.67,8982,134.62,5660.14,110.91
2025-09-28,Campinas,Operação B,8358,63.2,319361.76,275,3.3,7679,132.25,5053.19,108.84
2025-09-28,Campinas,Operação C,4737,46.0,218413.68,165,3.5,5590,102.98,4748.12,84.74
2025-09-29,São Paulo,Operação A,19509,129.1,791736.89,669,3.43,17810,151.12,6132.74,109.54
2025-09-29,São Paulo,Operação B,16209,106.5,701698.67,710,4.38,14692,152.2,6588.72,110.33
2025-09-29,São Paulo,Operação C,11689,88.1,487907.78,428,3.66,12161,132.68,5538.11,96.12
2025-09-29,Rio de Janeiro,Operação A,12321,95.3,539530.99,391,3.17,13154,129.29,5661.4,93.67
2025-09-29,Rio de Janeiro,Operação B,12377,89.0,595115.91,558,4.51,12287,139.07,6686.7,100.73
2025-09-29,Rio de Janeiro,Operação C,9708,70.7,440743.37,386,3.98,9758,137.31,6233.99,99.49
2025-09-29,Curitiba,Operação A,11101,84.6,435934.49,342,3.09,11672,131.22,5152.89,95.11
2025-09-29,Curitiba,Operação B,12088,75.7,474483.97,323,2.68,10452,159.68,6267.95,115.65
2025-09-29,Curitiba,Operação C,9814,64.2,355389.16,457,4.66,8857,152.87,5535.66,110.81
2025-09-29,Belo Horizonte,Operação A,10680,79.0,380199.91,434,4.07,10895,135.19,4812.66,98.03
2025-09-29,Belo Horizonte,Operação B,9885,68.5,379551.9,320,3.24,9453,144.31,5540.9,104.57
2025-09-29,Belo Horizonte,Operação C,8202,57.9,322517.33,186,2.27,7994,141.66,5570.25,102.6
2025-09-29,Campinas,Operação A,11586,89.8,495021.54,241,2.08,12396,129.02,5512.49,93.47
2025-09-29,Campinas,Operação B,6823,47.5,291324.84,307,4.51,6558,143.64,6133.15,104.04
2025-09-29,Campinas,Operação C,8031,56.9,306797.04,377,4.7,7854,141.14,5391.86,102.25
2025-09-30,São Paulo,Operação A,16188,124.4,682354.23,585,3.62,17164,130.13,5485.16,94.31
2025-09-30,São Paulo,Operação B,15042,100.1,681807.72,503,3.35,13811,150.27,6811.27,108.91
2025-09-30,São Paulo,Operação C,13902,88.2,635757.31,494,3.56,12176,157.62,7208.13,114.18
2025-09-30,Rio de Janeiro,Operação A,13482,92.3,603890.25,174,1.3,12741,146.07,6542.69,105.82
2025-09-30,Rio de Janeiro,Operação B,12731,92.0,523455.22,353,2.77,12690,138.38,5689.73,100.32
2025-09-30,Rio de Janeiro,Operação C,12259,78.3,492988.4,523,4.27,10810,156.56,6296.15,113.4
2025-09-30,Curitiba,Operação A,11897,79.2,499752.8,449,3.78,10933,150.21,6310.01,108.82
2025-09-30,Curitiba,Operação B,11004,73.9,349153.17,260,2.36,10191,148.9,4724.67,107.98
2025-09-30,Curitiba,Operação C,8293,67.9,330705.59,286,3.46,9365,122.14,4870.48,88.55
2025-09-30,Belo Horizonte,Operação A,10090,74.4,434741.06,434,4.31,10261,135.62,5843.29,98.33
2025-09-30,Belo Horizonte,Operação B,8620,63.0,336826.12,134,1.56,8692,136.83,5346.45,99.17
2025-09-30,Belo Horizonte,Operação C,9469,62.3,436204.38,265,2.8,8601,151.99,7001.68,110.09
2025-09-30,Campinas,Operação A,8849,62.0,401010.97,320,3.62,8550,142.73,6467.92,103.5
2025-09-30,Campinas,Operação B,9782,63.5,381923.06,325,3.32,8766,154.05,6014.54,111.59
2025-09-30,Campinas,Operação C,9220,65.6,340500.61,273,2.96,9047,140.55,5190.56,101.91
2025-10-01,São Paulo,Operação A,16269,111.3,624993.35,604,3.72,15360,146.17,5615.39,105.92
2025-10-01,São Paulo,Operação B,11818,97.3,510850.53,427,3.62,13433,121.46,5250.26,87.98
2025-10-01,São Paulo,Operação C,12749,93.8,495704.35,487,3.82,12947,135.92,5284.69,98.47
2025-10-01,Rio de Janeiro,Operação A,16320,114.4,713156.92,529,3.24,15782,142.66,6233.89,103.41
2025-10-01,Rio de Janeiro,Operação B,12088,79.4,551619.65,491,4.07,10956,152.24,6947.35,110.33
2025-10-01,Rio de Janeiro,Operação C,11602,78.1,528761.7,556,4.8,10778,148.55,6770.32,107.65
2025-10-01,Curitiba,Operação A,13147,91.8,483375.58,476,3.62,12666,143.21,5265.53,103.8
2025-10-01,Curitiba,Operação B,11315,75.6,536507.15,387,3.42,10432,149.67,7096.66,108.46
2025-10-01,Curitiba,Operação C,9959,79.7,434982.9,284,2.86,10991,124.96,5457.75,90.61
2025-10-01,Belo Horizonte,Operação A,9391,66.8,339684.76,316,3.37,9219,140.58,5085.1,101.87
2025-10-01,Belo Horizonte,Operação B,10754,69.9,386817.72,454,4.23,9652,153.85,5533.87,111.42
2025-10-01,Belo Horizonte,Operação C,9481,62.0,381828.27,230,2.43,8559,152.92,6158.52,110.77
2025-10-01,Campinas,Operação A,8067,62.2,354232.11,377,4.68,8583,129.69,5695.05,93.99
2025-10-01,Campinas,Operação B,8567,57.5,307608.69,312,3.64,7941,148.99,5349.72,107.88
2025-10-01,Campinas,Operação C,7534,58.8,310283.77,306,4.07,8114,128.13,5276.93,92.85
2025-10-02,São Paulo,Operação A,15178,97.3,658948.58,618,4.07,13432,155.99,6772.34,113.0
2025-10-02,São Paulo,Operação B,12491,99.6,551305.92,428,3.43,13746,125.41,5535.2,90.87
2025-10-02,São Paulo,Operação C,13876,90.4,625089.59,698,5.04,12478,153.5,6914.71,111.2
2025-10-02,Rio de Janeiro,Operação A,14222,104.8,586605.34,545,3.83,14463,135.71,5597.38,98.33
2025-10-02,Rio de Janeiro,Operação B,12451,97.3,523367.21,596,4.79,13429,127.97,5378.9,92.72
2025-10-02,Rio de Janeiro,Operação C,11801,77.7,518919.12,503,4.26,10722,151.88,6678.5,110.06
2025-10-02,Curitiba,Operação A,10657,79.2,448458.15,242,2.27,10930,134.56,5662.35,97.5
2025-10-02,Curitiba,Operação B,10436,71.9,512809.83,398,3.82,9924,145.15,7132.26,105.16
2025-10-02,Curitiba,Operação C,10691,69.3,407769.38,360,3.37,9566,154.27,5884.12,111.76
2025-10-02,Belo Horizonte,Operação A,13774,97.1,640018.87,588,4.27,13404,141.85,6591.34,102.76
2025-10-02,Belo Horizonte,Operação B,8647,59.4,368249.7,325,3.76,8190,145.57,6199.49,105.58
2025-10-02,Belo Horizonte,Operação C,7368,56.1,295427.03,252,3.42,7736,131.34,5266.08,95.24
2025-10-02,Campinas,Operação A,12701,79.0,604394.76,531,4.19,10904,160.77,7650.57,116.48
2025-10-02,Campinas,Operação B,7545,54.5,323225.57,225,2.99,7516,138.44,5930.74,100.39
2025-10-02,Campinas,Operação C,8712,58.2,384592.64,376,4.32,8026,149.69,6608.12,108.55
2025-10-03,São Paulo,Operação A,16945,111.5,664539.15,465,2.75,15393,151.97,5959.99,110.08
2025-10-03,São Paulo,Operação B,16437,106.2,722439.91,578,3.52,14659,154.77,6802.64,112.13
2025-10-03,São Paulo,Operação C,13298,92.4,498624.42,333,2.51,12748,143.92,5396.37,104.31
2025-10-03,Rio de Janeiro,Operação A,14796,103.2,622102.7,597,4.04,14239,143.37,6028.13,103.91
2025-10-03,Rio de Janeiro,Operação B,13146,88.7,544529.05,651,4.96,12240,148.21,6139.0,107.4
2025-10-03,Rio de Janeiro,Operação C,13268,79.9,575937.96,441,3.33,11032,166.06,7208.23,120.27
2025-10-03,Curitiba,Operação A,10073,78.6,383118.81,281,2.8,10843,128.16,4874.29,92.9
2025-10-03,Curitiba,Operação B,10516,76.6,449534.9,475,4.53,10566,137.28,5868.6,99.53
2025-10-03,Curitiba,Operação C,10509,64.3,391951.61,355,3.38,8878,163.44,6095.67,118.37
2025-10-03,Belo Horizonte,Operação A,11606,76.4,383471.91,272,2.35,10541,151.91,5019.27,110.1
2025-10-03,Belo Horizonte,Operação B,10900,68.9,467646.7,263,2.42,9515,158.2,6787.33,114.56
2025-10-03,Belo Horizonte,Operação C,8436,53.0,333352.43,231,2.75,7308,159.17,6289.67,115.44
2025-10-03,Campinas,Operação A,12379,81.1,583004.34,339,2.74,11187,152.64,7188.71,110.66
2025-10-03,Campinas,Operação B,7315,50.8,317035.79,277,3.79,7014,144.0,6240.86,104.29
2025-10-03,Campinas,Operação C,8077,64.5,367009.03,211,2.62,8897,125.22,5690.06,90.78
2025-10-04,São Paulo,Operação A,15028,123.9,582246.53,452,3.01,15044,121.29,4699.33,99.89
2025-10-04,São Paulo,Operação B,11627,92.4,452398.51,480,4.13,11220,125.83,4896.09,103.63
2025-10-04,São Paulo,Operação C,13287,94.7,577523.57,520,3.92,11499,140.31,6098.45,115.55
2025-10-04,Rio de Janeiro,Operação A,13622,113.5,491031.79,498,3.66,13789,120.02,4326.27,98.79
2025-10-04,Rio de Janeiro,Operação B,11800,80.2,564299.52,617,5.23,9745,147.13,7036.15,121.09
2025-10-04,Rio de Janeiro,Operação C,10403,79.8,417806.31,437,4.21,9693,130.36,5235.67,107.32
2025-10-04,Curitiba,Operação A,7877,76.4,305920.29,183,2.34,9274,103.1,4004.19,84.94
2025-10-04,Curitiba,Operação B,11902,84.1,433093.35,539,4.53,10220,141.52,5149.74,116.46
2025-10-04,Curitiba,Operação C,7999,71.6,323471.0,242,3.04,8696,111.72,4517.75,91.98
2025-10-04,Belo Horizonte,Operação A,9795,85.4,407516.17,289,2.95,10371,114.7,4771.85,94.45
2025-10-04,Belo Horizonte,Operação B,9024,73.0,359687.77,300,3.33,8867,123.62,4927.23,101.77
2025-10-04,Belo Horizonte,Operação C,9209,75.6,348431.53,365,3.97,9180,121.81,4608.88,100.32
2025-10-04,Campinas,Operação A,7883,69.7,401449.54,253,3.22,8467,113.1,5759.68,93.1
2025-10-04,Campinas,Operação B,7469,58.9,365386.97,161,2.16,7148,126.81,6203.51,104.49
2025-10-04,Campinas,Operação C,8062,56.1,342755.24,202,2.51,6807,143.71,6109.72,118.44
2025-10-05,São Paulo,Operação A,14458,113.5,684199.05,466,3.23,13792,127.38,6028.19,104.83
2025-10-05,São Paulo,Operação B,12226,108.3,442888.4,380,3.11,13153,112.89,4089.46,92.95
2025-10-05,São Paulo,Operação C,12645,100.3,545748.65,470,3.72,12179,126.07,5441.16,103.83
2025-10-05,Rio de Janeiro,Operação A,13396,111.5,599513.07,379,2.84,13543,120.14,5376.8,98.91
2025-10-05,Rio de Janeiro,Operação B,12332,104.1,474417.5,485,3.94,12642,118.46,4557.32,97.55
2025-10-05,Rio de Janeiro,Operação C,10262,79.9,440334.78,269,2.63,9709,128.44,5511.07,105.7
2025-10-05,Curitiba,Operação A,12825,96.2,608364.13,394,3.08,11680,133.32,6323.95,109.8
2025-10-05,Curitiba,Operação B,9762,76.7,454050.25,432,4.43,9318,127.28,5919.82,104.76
2025-10-05,Curitiba,Operação C,7437,66.3,365295.38,293,3.94,8052,112.17,5509.73,92.36
2025-10-05,Belo Horizonte,Operação A,9797,75.9,352257.27,425,4.34,9218,129.08,4641.07,106.28
2025-10-05,Belo Horizonte,Operação B,7340,59.4,315457.18,317,4.33,7215,123.57,5310.73,101.73
2025-10-05,Belo Horizonte,Operação C,8138,62.1,340879.11,282,3.47,7540,131.05,5489.2,107.93
2025-10-05,Campinas,Operação A,8833,71.3,311396.1,254,2.89,8663,123.88,4367.41,101.96
2025-10-05,Campinas,Operação B,7796,63.2,322573.25,252,3.24,7678,123.35,5104.01,101.54
2025-10-05,Campinas,Operação C,5825,48.1,237500.82,204,3.5,5839,121.1,4937.65,99.76
2025-10-06,São Paulo,Operação A,16990,120.6,643604.63,404,2.38,16652,140.88,5336.69,102.03
2025-10-06,São Paulo,Operação B,15853,120.7,632938.95,620,3.91,16660,131.34,5243.9,95.16
2025-10-06,São Paulo,Operação C,13709,92.7,551501.17,505,3.69,12800,147.89,5949.31,107.1
2025-10-06,Rio de Janeiro,Operação A,14533,104.2,624652.16,631,4.34,14379,139.47,5994.74,101.07
2025-10-06,Rio de Janeiro,Operação B,12830,90.0,593678.02,547,4.27,12430,142.56,6596.42,103.22
2025-10-06,Rio de Janeiro,Operação C,11318,90.5,516332.56,450,3.98,12488,125.06,5705.33,90.63
2025-10-06,Curitiba,Operação A,11420,78.7,527655.24,323,2.84,10860,145.11,6704.64,105.16
2025-10-06,Curitiba,Operação B,11638,76.9,438937.9,394,3.39,10615,151.34,5707.91,109.64
2025-10-06,Curitiba,Operação C,9031,67.1,347543.47,306,3.39,9256,134.59,5179.49,97.57
2025-10-06,Belo Horizonte,Operação A,12785,85.8,492917.35,514,4.02,11839,149.01,5744.96,107.99
2025-10-06,Belo Horizonte,Operação B,8081,63.8,327534.45,355,4.4,8814,126.66,5133.77,91.68
2025-10-06,Belo Horizonte,Operação C,9403,65.9,379252.87,299,3.19,9101,142.69,5754.98,103.32
2025-10-06,Campinas,Operação A,9434,71.5,383091.82,313,3.33,9868,131.94,5357.93,95.6
2025-10-06,Campinas,Operação B,6988,52.0,304970.49,245,3.51,7184,134.38,5864.82,97.27
2025-10-06,Campinas,Operação C,6939,52.0,335205.04,196,2.83,7172,133.44,6446.25,96.75
2025-10-07,São Paulo,Operação A,16485,119.6,694762.26,637,3.87,16518,137.83,5809.05,99.8
2025-10-07,São Paulo,Operação B,13249,92.9,619561.86,650,4.91,12827,142.62,6669.13,103.29
2025-10-07,São Paulo,Operação C,12776,89.3,649599.96,563,4.41,12328,143.07,7274.36,103.63
2025-10-07,Rio de Janeiro,Operação A,13568,99.4,621769.85,365,2.69,13725,136.5,6255.23,98.86
2025-10-07,Rio de Janeiro,Operação B,14281,97.8,629376.28,470,3.29,13505,146.02,6435.34,105.75
2025-10-07,Rio de Janeiro,Operação C,11790,75.0,483543.87,373,3.17,10350,157.2,6447.25,113.91
2025-10-07,Curitiba,Operação A,12191,84.3,461754.84,371,3.05,11640,144.61,5477.52,104.73
2025-10-07,Curitiba,Operação B,10498,69.5,403712.66,219,2.1,9592,151.05,5808.82,109.45
2025-10-07,Curitiba,Operação C,6549,51.2,310724.85,230,3.51,7065,127.91,6068.84,92.7
2025-10-07,Belo Horizonte,Operação A,12384,83.7,522911.13,426,3.44,11551,147.96,6247.44,107.21
2025-10-07,Belo Horizonte,Operação B,11099,77.0,528272.33,443,4.0,10632,144.14,6860.68,104.39
2025-10-07,Belo Horizonte,Operação C,7850,57.0,306857.61,351,4.47,7871,137.72,5383.47,99.73
2025-10-07,Campinas,Operação A,9144,67.9,395744.2,312,3.42,9373,134.67,5828.34,97.56
2025-10-07,Campinas,Operação B,10268,63.6,468757.64,361,3.52,8775,161.45,7370.4,117.01
2025-10-07,Campinas,Operação C,6195,45.0,277809.72,158,2.56,6213,137.67,6173.55,99.71
2025-10-08,São Paulo,Operação A,18978,132.9,800784.18,563,2.97,18347,142.8,6025.46,103.44
2025-10-08,São Paulo,Operação B,13896,106.0,703965.39,632,4.55,14634,131.09,6641.18,94.96
2025-10-08,São Paulo,Operação C,12505,97.1,535484.77,558,4.47,13407,128.78,5514.78,93.27
2025-10-08,Rio de Janeiro,Operação A,14314,107.9,563966.23,449,3.14,14897,132.66,5226.75,96.09
2025-10-08,Rio de Janeiro,Operação B,13581,86.0,466044.88,546,4.02,11872,157.92,5419.13,114.4
2025-10-08,Rio de Janeiro,Operação C,9360,70.3,317875.58,286,3.06,9712,133.14,4521.7,96.38
2025-10-08,Curitiba,Operação A,13872,95.4,516129.31,598,4.31,13180,145.41,5410.16,105.25
2025-10-08,Curitiba,Operação B,11846,82.4,593946.55,492,4.16,11381,143.76,7208.09,104.09
2025-10-08,Curitiba,Operação C,9389,69.7,417900.58,344,3.67,9628,134.71,5995.7,97.52
2025-10-08,Belo Horizonte,Operação A,11384,83.8,483961.11,324,2.85,11571,135.85,5775.19,98.38
2025-10-08,Belo Horizonte,Operação B,8346,54.7,300376.25,299,3.59,7549,152.58,5491.34,110.56
2025-10-08,Belo Horizonte,Operação C,9292,63.7,379742.52,345,3.72,8791,145.87,5961.42,105.7
2025-10-08,Campinas,Operação A,11106,74.0,543458.4,409,3.69,10221,150.08,7344.03,108.66
2025-10-08,Campinas,Operação B,8278,61.9,362111.05,333,4.03,8554,133.73,5849.94,96.77
2025-10-08,Campinas,Operação C,7817,52.8,319167.6,315,4.04,7287,148.05,6044.84,107.27
2025-10-09,São Paulo,Operação A,18851,124.3,800627.93,502,2.67,17163,151.66,6441.09,109.84
2025-10-09,São Paulo,Operação B,14601,98.2,756262.43,471,3.23,13565,148.69,7701.25,107.64
2025-10-09,São Paulo,Operação C,12810,93.4,488113.93,379,2.96,12899,137.15,5226.06,99.31
2025-10-09,Rio de Janeiro,Operação A,13929,89.2,460764.06,458,3.29,12313,156.15,5165.52,113.12
2025-10-09,Rio de Janeiro,Operação B,10972,82.0,521236.83,401,3.66,11319,133.8,6356.55,96.93
2025-10-09,Rio de Janeiro,Operação C,9936,72.6,386888.71,344,3.47,10030,136.86,5329.05,99.06
2025-10-09,Curitiba,Operação A,13915,86.1,477768.7,483,3.47,11889,161.61,5549.0,117.04
2025-10-09,Curitiba,Operação B,10894,71.6,473009.55,432,3.97,9888,152.15,6606.28,110.17
2025-10-09,Curitiba,Operação C,8986,67.4,420949.73,371,4.14,9303,133.32,6245.54,96.59
2025-10-09,Belo Horizonte,Operação A,13447,86.6,587239.91,629,4.68,11956,155.28,6781.06,112.47
2025-10-09,Belo Horizonte,Operação B,10166,72.3,426703.46,353,3.48,9992,140.61,5901.85,101.74
2025-10-09,Belo Horizonte,Operação C,9175,57.7,396224.04,328,3.58,7969,159.01,6866.97,115.13
2025-10-09,Campinas,Operação A,12668,73.4,474709.27,357,2.82,10143,172.59,6467.43,124.89
2025-10-09,Campinas,Operação B,7277,51.8,312780.55,227,3.13,7159,140.48,6038.23,101.65
2025-10-09,Campinas,Operação C,7256,50.3,290178.82,271,3.75,6953,144.25,5768.96,104.36
2025-10-10,São Paulo,Operação A,18791,125.7,855442.49,820,4.37,17362,149.49,6805.43,108.23
2025-10-10,São Paulo,Operação B,14749,104.5,573898.16,470,3.19,14434,141.14,5491.85,102.18
2025-10-10,São Paulo,Operação C,12986,86.5,563425.27,526,4.06,11954,150.13,6513.59,108.63
2025-10-10,Rio de Janeiro,Operação A,15016,95.6,605025.85,393,2.62,13208,157.07,6328.72,113.69
2025-10-10,Rio de Janeiro,Operação B,14600,87.1,590557.33,473,3.24,12036,167.62,6780.22,121.3
2025-10-10,Rio de Janeiro,Operação C,11023,78.0,428509.16,398,3.61,10780,141.32,5493.71,102.25
2025-10-10,Curitiba,Operação A,13480,92.4,506245.97,434,3.22,12765,145.89,5478.85,105.6
2025-10-10,Curitiba,Operação B,10021,69.9,474211.82,338,3.38,9662,143.36,6784.15,103.72
2025-10-10,Curitiba,Operação C,10325,64.3,469837.31,408,3.96,8886,160.58,7306.96,116.19
2025-10-10,Belo Horizonte,Operação A,13858,93.9,471918.83,577,4.17,12967,147.58,5025.76,106.87
2025-10-10,Belo Horizonte,Operação B,8623,58.6,303055.56,269,3.13,8089,147.15,5171.6,106.6
2025-10-10,Belo Horizonte,Operação C,7940,58.8,322400.46,343,4.33,8121,135.03,5483.0,97.77
2025-10-10,Campinas,Operação A,9741,65.7,371496.43,326,3.35,9080,148.26,5654.44,107.28
2025-10-10,Campinas,Operação B,8468,63.8,311225.41,329,3.89,8809,132.73,4878.14,96.13
2025-10-10,Campinas,Operação C,8799,62.0,353462.41,318,3.62,8562,141.92,5701.01,102.77
2025-10-11,São Paulo,Operação A,15113,118.3,481908.53,399,2.64,14381,127.75,4073.61,105.09
2025-10-11,São Paulo,Operação B,12264,96.6,524206.43,491,4.01,11744,126.96,5426.57,104.43
2025-10-11,São Paulo,Operação C,10508,92.0,502156.5,474,4.52,11187,114.22,5458.22,93.93
2025-10-11,Rio de Janeiro,Operação A,12205,94.9,483541.38,440,3.61,11542,128.61,5095.27,105.74
2025-10-11,Rio de Janeiro,Operação B,14088,97.6,634032.0,526,3.74,11865,144.34,6496.23,118.74
2025-10-11,Rio de Janeiro,Operação C,9798,77.0,464808.18,339,3.46,9363,127.25,6036.47,104.65
2025-10-11,Curitiba,Operação A,8764,78.7,386073.41,324,3.7,9566,111.36,4905.63,91.62
2025-10-11,Curitiba,Operação B,9330,69.3,376119.29,316,3.39,8424,134.63,5427.41,110.75
2025-10-11,Curitiba,Operação C,7945,64.8,341185.79,351,4.42,7883,122.61,5265.21,100.79
2025-10-11,Belo Horizonte,Operação A,9377,72.2,400291.33,339,3.62,8774,129.88,5544.2,106.87
2025-10-11,Belo Horizonte,Operação B,9558,75.8,419796.13,389,4.07,9217,126.09,5538.21,103.7
2025-10-11,Belo Horizonte,Operação C,7415,57.8,303991.64,251,3.39,7029,128.29,5259.37,105.49
2025-10-11,Campinas,Operação A,8887,68.5,376156.31,339,3.82,8326,129.74,5491.33,106.74
2025-10-11,Campinas,Operação B,6846,61.4,288390.99,243,3.55,7463,111.5,4696.92,91.73
2025-10-11,Campinas,Operação C,6722,55.8,250180.21,268,4.0,6787,120.47,4483.52,99.04
2025-10-12,São Paulo,Operação A,14749,116.0,602852.98,515,3.5,14105,127.15,5197.01,104.57
2025-10-12,São Paulo,Operação B,11641,99.4,510980.84,351,3.02,12085,117.11,5140.65,96.33
2025-10-12,São Paulo,Operação C,11811,91.3,468338.62,299,2.54,11111,129.36,5129.67,106.3
2025-10-12,Rio de Janeiro,Operação A,14612,120.7,650141.49,738,5.05,14683,121.06,5386.42,99.52
2025-10-12,Rio de Janeiro,Operação B,11779,95.7,491555.74,333,2.83,11644,123.08,5136.42,101.16
2025-10-12,Rio de Janeiro,Operação C,11178,85.5,446474.99,298,2.67,10405,130.74,5221.93,107.43
2025-10-12,Curitiba,Operação A,10161,75.6,431654.45,373,3.67,9198,134.4,5709.71,110.47
2025-10-12,Curitiba,Operação B,7675,68.0,351902.24,271,3.53,8276,112.87,5175.03,92.74
2025-10-12,Curitiba,Operação C,8719,71.3,357938.74,354,4.07,8672,122.29,5020.18,100.54
2025-10-12,Belo Horizonte,Operação A,11317,85.3,461950.83,451,3.99,10373,132.67,5415.6,109.1
2025-10-12,Belo Horizonte,Operação B,9665,77.5,386078.54,442,4.57,9422,124.71,4981.66,102.58
2025-10-12,Belo Horizonte,Operação C,7447,56.8,311033.72,150,2.03,6903,131.11,5475.95,107.88
2025-10-12,Campinas,Operação A,7974,78.6,271622.25,312,3.92,9563,101.45,3455.75,83.38
2025-10-12,Campinas,Operação B,7828,65.2,333404.61,115,1.47,7929,120.06,5113.57,98.73
2025-10-12,Campinas,Operação C,7554,59.1,315888.86,265,3.52,7184,127.82,5344.99,105.15
2025-10-13,São Paulo,Operação A,17299,121.3,596880.86,909,5.26,16775,142.61,4920.7,103.12
2025-10-13,São Paulo,Operação B,14420,110.9,585732.48,477,3.31,15334,130.03,5281.63,94.04
2025-10-13,São Paulo,Operação C,11855,97.8,474247.03,247,2.09,13515,121.22,4849.15,87.72
2025-10-13,Rio de Janeiro,Operação A,14054,101.7,594748.08,423,3.02,14066,138.19,5848.06,99.91
2025-10-13,Rio de Janeiro,Operação B,12662,84.9,554832.26,499,3.94,11744,149.14,6535.13,107.82
2025-10-13,Rio de Janeiro,Operação C,10717,78.1,445019.03,418,3.9,10803,137.22,5698.07,99.2
2025-10-13,Curitiba,Operação A,10223,69.6,442007.28,362,3.55,9627,146.88,6350.68,106.19
2025-10-13,Curitiba,Operação B,8527,72.8,343131.48,420,4.93,10059,117.13,4713.34,84.77
2025-10-13,Curitiba,Operação C,9091,65.0,382436.78,343,3.78,8992,139.86,5883.64,101.1
2025-10-13,Belo Horizonte,Operação A,11916,84.8,520725.37,576,4.84,11720,140.52,6140.63,101.67
2025-10-13,Belo Horizonte,Operação B,12760,76.7,502398.44,617,4.84,10611,166.36,6550.18,120.25
2025-10-13,Belo Horizonte,Operação C,8169,55.8,367032.4,252,3.09,7715,146.4,6577.64,105.88
2025-10-13,Campinas,Operação A,10842,71.3,424560.97,524,4.84,9863,152.06,5954.57,109.93
2025-10-13,Campinas,Operação B,8407,51.8,386766.6,288,3.43,7163,162.3,7466.54,117.37
2025-10-13,Campinas,Operação C,7069,51.3,293058.24,244,3.46,7093,137.8,5712.64,99.66
2025-10-14,São Paulo,Operação A,20597,126.7,881500.51,581,2.82,17518,162.57,6957.38,117.58
2025-10-14,São Paulo,Operação B,13922,98.7,527358.56,355,2.56,13648,141.05,5343.05,102.01
2025-10-14,São Paulo,Operação C,15307,104.9,591882.92,635,4.15,14506,145.92,5642.35,105.52
2025-10-14,Rio de Janeiro,Operação A,12599,95.5,488687.88,607,4.82,13206,131.93,5117.15,95.4
2025-10-14,Rio de Janeiro,Operação B,10478,88.4,490792.28,341,3.25,12230,118.53,5551.95,85.67
2025-10-14,Rio de Janeiro,Operação C,9283,66.4,409231.92,354,3.82,9188,139.8,6163.13,101.03
2025-10-14,Curitiba,Operação A,13097,97.5,552521.57,385,2.94,13479,134.33,5666.89,97.17
2025-10-14,Curitiba,Operação B,9562,63.0,419323.13,356,3.73,8714,151.78,6655.92,109.73
2025-10-14,Curitiba,Operação C,9242,67.9,350985.46,326,3.53,9395,136.11,5169.15,98.37
2025-10-14,Belo Horizonte,Operação A,14037,88.3,634215.96,494,3.52,12210,158.97,7182.51,114.96
2025-10-14,Belo Horizonte,Operação B,10239,71.6,388019.46,360,3.52,9901,143.0,5419.27,103.41
2025-10-14,Belo Horizonte,Operação C,7366,52.0,357578.2,306,4.16,7191,141.65,6876.5,102.43
2025-10-14,Campinas,Operação A,9137,64.3,353259.21,315,3.45,8888,142.1,5493.92,102.8
2025-10-14,Campinas,Operação B,10280,68.8,533908.0,457,4.45,9514,149.42,7760.29,108.05
2025-10-14,Campinas,Operação C,8315,55.5,342496.74,216,2.6,7682,149.82,6171.11,108.24
2025-10-15,São Paulo,Operação A,19442,127.0,797817.7,723,3.72,17573,153.09,6282.03,110.64
2025-10-15,São Paulo,Operação B,16838,111.2,608653.2,622,3.69,15383,151.42,5473.5,109.46
2025-10-15,São Paulo,Operação C,13719,89.0,632777.5,624,4.55,12317,154.15,7109.86,111.38
2025-10-15,Rio de Janeiro,Operação A,12959,95.9,602027.58,392,3.03,13269,135.13,6277.66,97.66
2025-10-15,Rio de Janeiro,Operação B,11797,79.5,469651.86,581,4.93,11006,148.39,5907.57,107.19
2025-10-15,Rio de Janeiro,Operação C,11775,81.4,477158.61,561,4.77,11269,144.66,5861.9,104.49
2025-10-15,Curitiba,Operação A,12135,87.4,471125.18,417,3.44,12089,138.84,5390.45,100.38
2025-10-15,Curitiba,Operação B,10262,67.0,356775.18,347,3.39,9264,153.16,5325.0,110.77
2025-10-15,Curitiba,Operação C,10132,69.2,396473.96,408,4.03,9576,146.42,5729.39,105.81
2025-10-15,Belo Horizonte,Operação A,10556,74.0,470875.36,408,3.87,10232,142.65,6363.18,103.17
2025-10-15,Belo Horizonte,Operação B,10068,65.0,426347.36,412,4.09,8989,154.89,6559.19,112.0
2025-10-15,Belo Horizonte,Operação C,11105,72.0,516166.15,405,3.65,9967,154.24,7168.97,111.42
2025-10-15,Campinas,Operação A,11069,76.3,411353.95,414,3.74,10554,145.07,5391.27,104.88
2025-10-15,Campinas,Operação B,9419,63.3,390775.59,272,2.89,8757,148.8,6173.39,107.56
2025-10-15,Campinas,Operação C,7622,58.7,364600.48,252,3.31,8123,129.85,6211.25,93.83
2025-10-16,São Paulo,Operação A,17773,119.6,788459.19,421,2.37,16553,148.6,6592.47,107.37
2025-10-16,São Paulo,Operação B,15813,108.3,623964.45,458,2.9,14985,146.01,5761.44,105.53
2025-10-16,São Paulo,Operação C,11423,87.9,558459.84,535,4.69,12161,129.95,6353.35,93.93
2025-10-16,Rio de Janeiro,Operação A,15049,106.9,620192.89,617,4.11,14795,140.78,5801.62,101.72
2025-10-16,Rio de Janeiro,Operação B,14075,102.5,528229.91,666,4.74,14187,137.32,5153.46,99.21
2025-10-16,Rio de Janeiro,Operação C,8888,66.9,364519.71,200,2.25,9255,132.86,5448.73,96.03
2025-10-16,Curitiba,Operação A,14046,92.7,557637.82,635,4.52,12824,151.52,6015.51,109.53
2025-10-16,Curitiba,Operação B,11911,83.9,478790.37,632,5.31,11618,141.97,5706.68,102.52
2025-10-16,Curitiba,Operação C,10190,70.0,483558.13,381,3.74,9687,145.57,6907.97,105.19
2025-10-16,Belo Horizonte,Operação A,11019,76.6,508577.73,210,1.91,10604,143.85,6639.4,103.91
2025-10-16,Belo Horizonte,Operação B,10617,67.7,424175.97,502,4.74,9368,156.82,6265.52,113.33
2025-10-16,Belo Horizonte,Operação C,10142,71.2,402899.5,331,3.27,9860,142.44,5658.7,102.86
2025-10-16,Campinas,Operação A,14460,89.4,614572.61,435,3.01,12370,161.74,6874.41,116.9
2025-10-16,Campinas,Operação B,9065,62.3,335645.81,323,3.56,8625,145.51,5387.57,105.1
2025-10-16,Campinas,Operação C,7922,63.4,358916.79,364,4.6,8772,124.95,5661.15,90.31
2025-10-17,São Paulo,Operação A,18237,114.0,715595.29,702,3.85,15778,159.97,6277.15,115.58
2025-10-17,São Paulo,Operação B,14050,100.4,555407.79,570,4.06,13895,139.94,5531.95,101.12
2025-10-17,São Paulo,Operação C,13694,96.1,500654.38,523,3.82,13312,142.5,5209.72,102.87
2025-10-17,Rio de Janeiro,Operação A,15033,106.7,743666.35,338,2.25,14772,140.89,6969.69,101.77
2025-10-17,Rio de Janeiro,Operação B,10138,74.7,454605.14,269,2.66,10340,135.72,6085.74,98.05
2025-10-17,Rio de Janeiro,Operação C,11065,72.5,485202.37,420,3.8,10040,152.62,6692.45,110.21
2025-10-17,Curitiba,Operação A,12541,90.3,507710.64,520,4.15,12509,138.88,5622.49,100.26
2025-10-17,Curitiba,Operação B,7830,64.4,315289.54,332,4.24,8915,121.58,4895.8,87.83
2025-10-17,Curitiba,Operação C,10121,66.7,343454.34,379,3.75,9240,151.74,5149.24,109.53
2025-10-17,Belo Horizonte,Operação A,10977,84.7,498885.22,374,3.41,11732,129.6,5890.03,93.56
2025-10-17,Belo Horizonte,Operação B,11060,91.2,525089.62,352,3.18,12628,121.27,5757.56,87.58
2025-10-17,Belo Horizonte,Operação C,6892,50.0,297113.55,298,4.33,6925,137.84,5942.27,99.52
2025-10-17,Campinas,Operação A,13023,82.8,496677.32,573,4.4,11462,157.28,5998.52,113.62
2025-10-17,Campinas,Operação B,8770,64.2,360906.18,257,2.93,8894,136.6,5621.59,98.61
2025-10-17,Campinas,Operação C,7383,54.4,279727.28,286,3.88,7529,135.72,5142.05,98.06
2025-10-18,São Paulo,Operação A,15200,122.3,721553.2,500,3.29,14905,124.28,5899.86,101.98
2025-10-18,São Paulo,Operação B,13229,100.4,548610.57,471,3.57,12236,131.76,5464.25,108.12
2025-10-18,São Paulo,Operação C,9150,72.6,317424.63,230,2.52,8844,126.03,4372.24,103.46
2025-10-18,Rio de Janeiro,Operação A,11021,94.4,438686.33,342,3.11,11505,116.75,4647.1,95.79
2025-10-18,Rio de Janeiro,Operação B,12133,94.8,417323.06,432,3.57,11562,127.99,4402.14,104.94
2025-10-18,Rio de Janeiro,Operação C,10042,81.6,419318.33,366,3.65,9947,123.06,5138.71,100.96
2025-10-18,Curitiba,Operação A,10112,90.2,414821.86,475,4.71,10998,112.11,4598.91,91.94
2025-10-18,Curitiba,Operação B,11173,83.7,493257.77,538,4.82,10205,133.49,5893.16,109.49
2025-10-18,Curitiba,Operação C,9782,78.4,372912.05,321,3.28,9553,124.77,4756.53,102.4
2025-10-18,Belo Horizonte,Operação A,11418,101.8,458065.54,270,2.37,12413,112.16,4499.66,91.98
2025-10-18,Belo Horizonte,Operação B,8141,70.6,338380.63,157,1.94,8603,115.31,4792.93,94.63
2025-10-18,Belo Horizonte,Operação C,8978,65.7,363287.82,304,3.39,8004,136.65,5529.49,112.17
2025-10-18,Campinas,Operação A,8875,69.6,371394.98,365,4.11,8482,127.51,5336.13,104.63
2025-10-18,Campinas,Operação B,8330,70.1,339553.17,351,4.22,8549,118.83,4843.84,97.44
2025-10-18,Campinas,Operação C,4886,45.0,209635.12,190,3.9,5485,108.58,4658.56,89.08
2025-10-19,São Paulo,Operação A,13641,112.8,531442.87,382,2.81,13759,120.93,4711.37,99.14
2025-10-19,São Paulo,Operação B,12411,107.4,508080.38,344,2.78,13092,115.56,4730.73,94.8
2025-10-19,São Paulo,Operação C,10697,80.0,427031.72,390,3.65,9758,133.71,5337.9,109.62
2025-10-19,Rio de Janeiro,Operação A,11132,93.2,501211.08,620,5.57,11363,119.44,5377.8,97.97
2025-10-19,Rio de Janeiro,Operação B,9488,76.4,414142.87,285,3.01,9313,124.19,5420.72,101.88
2025-10-19,Rio de Janeiro,Operação C,10100,85.3,430415.45,311,3.08,10405,118.41,5045.9,97.07
2025-10-19,Curitiba,Operação A,11213,93.4,455163.76,477,4.26,11391,120.05,4873.27,98.44
2025-10-19,Curitiba,Operação B,8433,66.6,292708.27,221,2.63,8122,126.62,4395.02,103.83
2025-10-19,Curitiba,Operação C,7930,67.6,315786.15,308,3.89,8246,117.31,4671.39,96.17
2025-10-19,Belo Horizonte,Operação A,10142,76.1,434713.01,390,3.85,9281,133.27,5712.39,109.28
2025-10-19,Belo Horizonte,Operação B,10099,78.4,486321.28,427,4.23,9559,128.81,6203.08,105.65
2025-10-19,Belo Horizonte,Operação C,7925,57.7,341214.55,252,3.18,7033,137.35,5913.6,112.68
2025-10-19,Campinas,Operação A,9871,72.7,432549.0,489,4.96,8863,135.78,5949.78,111.37
2025-10-19,Campinas,Operação B,9027,69.1,342084.73,302,3.36,8427,130.64,4950.57,107.12
2025-10-19,Campinas,Operação C,7219,54.6,321601.63,262,3.64,6661,132.22,5890.14,108.38
2025-10-20,São Paulo,Operação A,17867,118.7,689052.56,867,4.86,16460,150.52,5804.99,108.55
2025-10-20,São Paulo,Operação B,13919,88.2,582082.25,598,4.3,12224,157.81,6599.57,113.87
2025-10-20,São Paulo,Operação C,13610,92.7,601793.61,564,4.15,12859,146.82,6491.84,105.84
2025-10-20,Rio de Janeiro,Operação A,15584,101.4,586926.44,544,3.5,14063,153.69,5788.23,110.82
2025-10-20,Rio de Janeiro,Operação B,14720,96.1,645371.25,468,3.19,13317,153.17,6715.62,110.54
2025-10-20,Rio de Janeiro,Operação C,11696,85.7,573169.92,401,3.43,11876,136.48,6688.1,98.48
2025-10-20,Curitiba,Operação A,9727,74.1,410232.09,351,3.61,10273,131.27,5536.2,94.69
2025-10-20,Curitiba,Operação B,11636,87.6,490548.73,308,2.65,12144,132.83,5599.87,95.82
2025-10-20,Curitiba,Operação C,9849,61.5,368890.9,390,3.97,8526,160.15,5998.23,115.52
2025-10-20,Belo Horizonte,Operação A,11858,82.9,522673.92,304,2.57,11495,143.04,6304.87,103.16
2025-10-20,Belo Horizonte,Operação B,13216,81.3,557562.14,718,5.44,11271,162.56,6858.08,117.26
2025-10-20,Belo Horizonte,Operação C,8622,58.5,411506.99,270,3.13,8117,147.38,7034.31,106.22
2025-10-20,Campinas,Operação A,7760,61.1,389888.06,238,3.08,8465,127.0,6381.15,91.67
2025-10-20,Campinas,Operação B,7953,60.2,364194.57,228,2.87,8346,132.11,6049.74,95.29
2025-10-20,Campinas,Operação C,7413,50.7,279794.91,248,3.36,7027,146.21,5518.64,105.49
2025-10-21,São Paulo,Operação A,18852,127.7,801627.93,692,3.67,17713,147.63,6277.43,106.43
2025-10-21,São Paulo,Operação B,16300,99.8,631647.36,598,3.67,13841,163.33,6329.13,117.77
2025-10-21,São Paulo,Operação C,13966,91.0,648199.71,485,3.47,12624,153.47,7123.07,110.63
2025-10-21,Rio de Janeiro,Operação A,15509,105.8,510423.42,345,2.23,14671,146.59,4824.42,105.71
2025-10-21,Rio de Janeiro,Operação B,11838,86.0,440407.58,485,4.1,11925,137.65,5121.02,99.27
2025-10-21,Rio de Janeiro,Operação C,11209,79.4,414457.02,388,3.46,11013,141.17,5219.86,101.78
2025-10-21,Curitiba,Operação A,9421,66.5,398063.01,347,3.69,9222,141.67,5985.91,102.16
2025-10-21,Curitiba,Operação B,9151,62.9,346221.45,260,2.85,8718,145.48,5504.32,104.97
2025-10-21,Curitiba,Operação C,11443,70.0,482956.79,325,2.85,9706,163.47,6899.38,117.9
2025-10-21,Belo Horizonte,Operação A,12446,81.5,553647.74,708,5.69,11302,152.71,6793.22,110.12
2025-10-21,Belo Horizonte,Operação B,9437,64.7,454822.55,442,4.69,8974,145.86,7029.71,105.16
2025-10-21,Belo Horizonte,Operação C,6833,47.7,327560.92,397,5.81,6615,143.25,6867.11,103.3
2025-10-21,Campinas,Operação A,10565,75.7,401081.07,557,5.27,10494,139.56,5298.3,100.68
2025-10-21,Campinas,Operação B,8980,66.6,369862.62,336,3.75,9239,134.83,5553.49,97.2
2025-10-21,Campinas,Operação C,7780,57.9,307646.39,169,2.18,8035,134.37,5313.41,96.83
2025-10-22,São Paulo,Operação A,17520,125.2,768519.82,812,4.64,17370,139.94,6138.34,100.86
2025-10-22,São Paulo,Operação B,14803,104.0,633208.48,525,3.55,14439,142.34,6088.54,102.52
2025-10-22,São Paulo,Operação C,14496,98.9,577265.45,628,4.34,13729,146.57,5836.86,105.59
2025-10-22,Rio de Janeiro,Operação A,14602,112.3,702810.84,553,3.79,15592,130.03,6258.33,93.65
2025-10-22,Rio de Janeiro,Operação B,14152,92.2,562288.6,603,4.26,12794,153.49,6098.57,110.61
2025-10-22,Rio de Janeiro,Operação C,9869,76.7,375110.57,390,3.95,10650,128.67,4890.62,92.67
2025-10-22,Curitiba,Operação A,12487,78.3,583856.33,570,4.57,10860,159.48,7456.66,114.98
2025-10-22,Curitiba,Operação B,10903,74.7,405865.84,468,4.3,10364,145.96,5433.28,105.2
2025-10-22,Curitiba,Operação C,10080,67.6,491432.73,303,3.02,9382,149.11,7269.71,107.44
2025-10-22,Belo Horizonte,Operação A,11629,79.3,444905.29,389,3.35,11002,146.65,5610.41,105.7
2025-10-22,Belo Horizonte,Operação B,10252,73.2,484263.04,234,2.29,10152,140.05,6615.62,100.99
2025-10-22,Belo Horizonte,Operação C,10383,69.2,412461.41,286,2.76,9603,150.04,5960.42,108.12
2025-10-22,Campinas,Operação A,7606,56.2,351311.3,262,3.46,7795,135.34,6251.09,97.58
2025-10-22,Campinas,Operação B,9554,69.6,428290.77,279,2.93,9665,137.27,6153.6,98.85
2025-10-22,Campinas,Operação C,6741,47.4,265191.84,152,2.27,6573,142.22,5594.76,102.56
2025-10-23,São Paulo,Operação A,16856,116.6,793469.81,716,4.25,16192,144.56,6805.06,104.1
2025-10-23,São Paulo,Operação B,16737,111.0,725221.76,421,2.52,15420,150.78,6533.53,108.54
2025-10-23,São Paulo,Operação C,13641,91.2,652445.64,552,4.05,12671,149.57,7154.01,107.66
2025-10-23,Rio de Janeiro,Operação A,14965,112.4,608990.64,575,3.84,15610,133.14,5418.07,95.87
2025-10-23,Rio de Janeiro,Operação B,13966,98.3,581966.24,565,4.05,13654,142.08,5920.31,102.29
2025-10-23,Rio de Janeiro,Operação C,11413,71.5,439211.68,224,1.97,9928,159.62,6142.82,114.96
2025-10-23,Curitiba,Operação A,13637,84.9,604743.85,559,4.1,11795,160.62,7123.01,115.62
2025-10-23,Curitiba,Operação B,10518,74.1,376758.57,178,1.69,10288,141.94,5084.46,102.24
2025-10-23,Curitiba,Operação C,10390,66.3,450682.2,415,4.0,9209,156.71,6797.62,112.82
2025-10-23,Belo Horizonte,Operação A,13394,91.2,555976.63,381,2.85,12670,146.86,6096.23,105.71
2025-10-23,Belo Horizonte,Operação B,12476,83.9,476902.5,319,2.56,11644,148.7,5684.18,107.15
2025-10-23,Belo Horizonte,Operação C,9329,70.1,460995.68,120,1.29,9735,133.08,6576.26,95.83
2025-10-23,Campinas,Operação A,11972,80.7,508503.25,402,3.36,11204,148.35,6301.16,106.85
2025-10-23,Campinas,Operação B,11255,74.7,432047.77,239,2.12,10378,150.67,5783.77,108.45
2025-10-23,Campinas,Operação C,7943,55.4,285316.75,274,3.46,7687,143.38,5150.12,103.33
2025-10-24,São Paulo,Operação A,16358,113.9,734534.63,767,4.69,15820,143.62,6448.94,103.4
2025-10-24,São Paulo,Operação B,14841,108.9,645222.28,526,3.55,15126,136.28,5924.91,98.12
2025-10-24,São Paulo,Operação C,11935,80.9,589907.54,420,3.53,11237,147.53,7291.81,106.21
2025-10-24,Rio de Janeiro,Operação A,13319,92.6,494736.27,558,4.19,12862,143.83,5342.72,103.55
2025-10-24,Rio de Janeiro,Operação B,13317,93.9,541673.54,443,3.33,13043,141.82,5768.62,102.1
2025-10-24,Rio de Janeiro,Operação C,10788,79.4,393211.68,475,4.41,11037,135.87,4952.29,97.74
2025-10-24,Curitiba,Operação A,11936,82.2,514932.5,448,3.76,11417,145.21,6264.39,104.55
2025-10-24,Curitiba,Operação B,8311,65.6,329491.51,317,3.82,9112,126.69,5022.74,91.21
2025-10-24,Curitiba,Operação C,8379,59.8,423216.5,169,2.02,8315,140.12,7077.2,100.77
2025-10-24,Belo Horizonte,Operação A,12176,74.9,509219.87,357,2.94,10403,162.56,6798.66,117.04
2025-10-24,Belo Horizonte,Operação B,11225,77.9,455810.95,410,3.65,10821,144.09,5851.23,103.73
2025-10-24,Belo Horizonte,Operação C,7565,56.7,314292.56,203,2.69,7882,133.42,5543.08,95.98
2025-10-24,Campinas,Operação A,10417,70.8,473059.32,458,4.4,9837,147.13,6681.63,105.9
2025-10-24,Campinas,Operação B,8716,58.7,383243.34,327,3.76,8150,148.48,6528.85,106.94
2025-10-24,Campinas,Operação C,6764,50.8,297670.16,144,2.13,7053,133.15,5859.65,95.9
2025-10-25,São Paulo,Operação A,12043,116.0,441428.82,336,2.8,14192,103.82,3805.42,84.86
2025-10-25,São Paulo,Operação B,14600,110.2,580850.21,596,4.08,13479,132.49,5270.87,108.32
2025-10-25,São Paulo,Operação C,12051,96.4,439409.44,401,3.33,11795,125.01,4558.19,102.17
2025-10-25,Rio de Janeiro,Operação A,11903,103.0,517401.83,443,3.72,12607,115.56,5023.32,94.42
2025-10-25,Rio de Janeiro,Operação B,12027,93.3,540245.29,403,3.36,11416,128.91,5790.41,105.35
2025-10-25,Rio de Janeiro,Operação C,9929,80.8,393804.03,453,4.57,9884,122.88,4873.81,100.46
2025-10-25,Curitiba,Operação A,9468,70.6,374154.88,274,2.9,8633,134.11,5299.64,109.67
2025-10-25,Curitiba,Operação B,8564,75.6,331734.31,241,2.82,9253,113.28,4388.02,92.55
2025-10-25,Curitiba,Operação C,7563,63.4,366083.04,373,4.94,7756,119.29,5774.18,97.51
2025-10-25,Belo Horizonte,Operação A,8662,66.0,393554.97,340,3.93,8075,131.24,5962.95,107.27
2025-10-25,Belo Horizonte,Operação B,8088,65.1,315487.82,255,3.16,7963,124.24,4846.2,101.57
2025-10-25,Belo Horizonte,Operação C,6629,52.9,238569.71,221,3.34,6468,125.31,4509.82,102.49
2025-10-25,Campinas,Operação A,7949,62.0,312255.18,296,3.73,7583,128.21,5036.37,104.83
2025-10-25,Campinas,Operação B,9703,69.1,309409.09,274,2.83,8450,140.42,4477.7,114.83
2025-10-25,Campinas,Operação C,6785,52.0,240179.38,184,2.71,6361,130.48,4618.83,106.67
2025-10-26,São Paulo,Operação A,15116,118.8,657704.32,582,3.85,14542,127.24,5536.23,103.95
2025-10-26,São Paulo,Operação B,13446,104.9,567729.91,542,4.03,12838,128.18,5412.11,104.74
2025-10-26,São Paulo,Operação C,10446,74.5,346619.92,275,2.64,9123,140.21,4652.62,114.5
2025-10-26,Rio de Janeiro,Operação A,13529,102.1,406126.14,470,3.48,12504,132.51,3977.73,108.2
2025-10-26,Rio de Janeiro,Operação B,12955,95.7,507974.38,422,3.26,11721,135.37,5307.99,110.53
2025-10-26,Rio de Janeiro,Operação C,9234,75.1,349716.45,257,2.79,9189,122.96,4656.68,100.49
2025-10-26,Curitiba,Operação A,11223,87.9,493434.3,412,3.67,10762,127.68,5613.59,104.28
2025-10-26,Curitiba,Operação B,10571,78.7,370335.25,297,2.82,9638,134.32,4705.66,109.68
2025-10-26,Curitiba,Operação C,7997,63.3,314439.14,338,4.23,7752,126.33,4967.44,103.16
2025-10-26,Belo Horizonte,Operação A,12048,94.0,510080.56,503,4.18,11509,128.17,5426.39,104.68
2025-10-26,Belo Horizonte,Operação B,7179,56.6,329631.99,214,2.99,6933,126.84,5823.89,103.55
2025-10-26,Belo Horizonte,Operação C,6586,52.8,275013.3,182,2.77,6457,124.73,5208.59,102.0
2025-10-26,Campinas,Operação A,10441,85.4,390340.57,357,3.43,10454,122.26,4570.73,99.88
2025-10-26,Campinas,Operação B,8594,67.9,377640.78,240,2.8,8306,126.57,5561.72,103.47
2025-10-26,Campinas,Operação C,8484,64.5,391882.8,321,3.79,7900,131.53,6075.7,107.39
2025-10-27,São Paulo,Operação A,16699,123.6,668533.75,764,4.58,17212,135.11,5408.85,97.02
2025-10-27,São Paulo,Operação B,15004,113.4,645156.16,473,3.16,15788,132.31,5689.21,95.03
2025-10-27,São Paulo,Operação C,12517,85.3,582839.73,483,3.86,11877,146.74,6832.82,105.39
2025-10-27,Rio de Janeiro,Operação A,15125,101.5,613471.44,579,3.83,14128,149.01,6044.05,107.06
2025-10-27,Rio de Janeiro,Operação B,12289,100.0,555327.73,278,2.27,13916,122.89,5553.28,88.31
2025-10-27,Rio de Janeiro,Operação C,12090,88.0,448893.41,490,4.06,12246,137.39,5101.06,98.73
2025-10-27,Curitiba,Operação A,11695,87.4,432574.67,391,3.35,12169,133.81,4949.37,96.1
2025-10-27,Curitiba,Operação B,8704,65.4,369593.45,237,2.73,9099,133.09,5651.28,95.66
2025-10-27,Curitiba,Operação C,10790,67.9,446768.35,388,3.6,9456,158.91,6579.8,114.11
2025-10-27,Belo Horizonte,Operação A,12434,94.3,581475.27,541,4.36,13124,131.86,6166.23,94.74
2025-10-27,Belo Horizonte,Operação B,11870,75.7,511861.7,360,3.03,10535,156.8,6761.71,112.67
2025-10-27,Belo Horizonte,Operação C,10712,69.0,497264.49,378,3.54,9604,155.25,7206.73,111.54
2025-10-27,Campinas,Operação A,9578,65.7,438374.72,413,4.32,9147,145.78,6672.37,104.71
2025-10-27,Campinas,Operação B,8599,58.5,316141.26,368,4.29,8142,146.99,5404.12,105.61
2025-10-27,Campinas,Operação C,7380,48.6,276032.53,319,4.33,6770,151.85,5679.68,109.01
2025-10-28,São Paulo,Operação A,16345,120.1,731690.88,494,3.03,16733,136.09,6092.35,97.68
2025-10-28,São Paulo,Operação B,15211,107.7,534146.61,412,2.71,15008,141.23,4959.58,101.35
2025-10-28,São Paulo,Operação C,13751,87.2,627108.5,659,4.8,12144,157.69,7191.61,113.23
2025-10-28,Rio de Janeiro,Operação A,15975,115.3,658905.69,506,3.17,16061,138.55,5714.71,99.46
2025-10-28,Rio de Janeiro,Operação B,10720,85.5,449607.62,264,2.47,11909,125.38,5258.57,90.02
2025-10-28,Rio de Janeiro,Operação C,13077,79.1,522591.18,478,3.66,11023,165.32,6606.72,118.63
2025-10-28,Curitiba,Operação A,13387,91.2,577915.94,429,3.21,12706,146.79,6336.8,105.36
2025-10-28,Curitiba,Operação B,9690,72.2,439772.7,204,2.11,10053,134.21,6091.03,96.39
2025-10-28,Curitiba,Operação C,9311,71.7,426913.35,299,3.22,9993,129.86,5954.16,93.18
2025-10-28,Belo Horizonte,Operação A,10713,71.5,489745.55,337,3.15,9964,149.83,6849.59,107.52
2025-10-28,Belo Horizonte,Operação B,9037,74.7,331817.09,409,4.53,10411,120.98,4442.0,86.8
2025-10-28,Belo Horizonte,Operação C,7481,59.8,293289.13,206,2.76,8325,125.1,4904.5,89.86
2025-10-28,Campinas,Operação A,9753,69.6,416606.48,335,3.44,9689,140.13,5985.73,100.66
2025-10-28,Campinas,Operação B,10526,71.0,461361.81,466,4.43,9892,148.25,6498.05,106.41
2025-10-28,Campinas,Operação C,6744,51.4,315807.23,243,3.61,7159,131.21,6144.11,94.2
2025-10-29,São Paulo,Operação A,16359,118.9,646713.45,683,4.18,16566,137.59,5439.14,98.75
2025-10-29,São Paulo,Operação B,16621,109.4,750801.26,657,3.96,15248,151.93,6862.9,109.0
2025-10-29,São Paulo,Operação C,12963,91.1,607203.71,414,3.2,12701,142.29,6665.24,102.06
2025-10-29,Rio de Janeiro,Operação A,14452,106.3,568871.24,478,3.31,14820,135.95,5351.56,97.52
2025-10-29,Rio de Janeiro,Operação B,12861,84.6,470813.73,460,3.58,11788,152.02,5565.17,109.1
2025-10-29,Rio de Janeiro,Operação C,10100,80.3,406382.64,374,3.7,11193,125.78,5060.8,90.23
2025-10-29,Curitiba,Operação A,12475,87.9,557726.72,425,3.41,12248,141.92,6345.01,101.85
2025-10-29,Curitiba,Operação B,10831,73.9,495063.33,320,2.96,10300,146.56,6699.1,105.16
2025-10-29,Curitiba,Operação C,8448,61.5,343590.37,392,4.64,8577,137.37,5586.84,98.5
2025-10-29,Belo Horizonte,Operação A,11162,84.2,441995.24,423,3.8,11731,132.57,5249.35,95.15
2025-10-29,Belo Horizonte,Operação B,8662,63.4,410404.16,260,3.01,8831,136.62,6473.25,98.09
2025-10-29,Belo Horizonte,Operação C,10658,68.0,416367.04,297,2.79,9481,156.74,6123.04,112.41
2025-10-29,Campinas,Operação A,9153,68.8,388857.29,305,3.34,9589,133.04,5652.0,95.45
2025-10-29,Campinas,Operação B,10123,64.0,458267.6,393,3.89,8924,158.17,7160.43,113.44
2025-10-29,Campinas,Operação C,6682,45.0,326686.39,72,1.09,6272,148.49,7259.7,106.54
2025-10-30,São Paulo,Operação A,17488,122.7,675051.14,724,4.14,17115,142.53,5501.64,102.18
2025-10-30,São Paulo,Operação B,17394,114.5,704721.95,477,2.75,15967,151.91,6154.78,108.94
2025-10-30,São Paulo,Operação C,13950,91.2,564302.44,455,3.27,12723,152.96,6187.53,109.64
2025-10-30,Rio de Janeiro,Operação A,19142,123.5,892027.05,446,2.33,17224,155.0,7222.89,111.14
2025-10-30,Rio de Janeiro,Operação B,12352,85.2,469319.8,590,4.78,11891,144.98,5508.45,103.88
2025-10-30,Rio de Janeiro,Operação C,12383,89.2,608447.06,432,3.5,12449,138.82,6821.16,99.47
2025-10-30,Curitiba,Operação A,14996,103.0,664394.35,692,4.62,14366,145.59,6450.43,104.39
2025-10-30,Curitiba,Operação B,12352,82.7,511810.54,483,3.91,11541,149.36,6188.76,107.03
2025-10-30,Curitiba,Operação C,8628,59.2,324091.58,179,2.08,8262,145.74,5474.52,104.43
2025-10-30,Belo Horizonte,Operação A,12629,80.5,577185.95,433,3.43,11230,156.88,7170.01,112.46
2025-10-30,Belo Horizonte,Operação B,11338,81.9,389218.45,198,1.75,11428,138.44,4752.36,99.21
2025-10-30,Belo Horizonte,Operação C,8086,53.1,319079.94,312,3.87,7402,152.28,6009.04,109.24
2025-10-30,Campinas,Operação A,10942,82.2,480506.98,430,3.93,11472,133.11,5845.58,95.38
2025-10-30,Campinas,Operação B,8754,55.5,357593.65,279,3.19,7738,157.73,6443.13,113.13
2025-10-30,Campinas,Operação C,10294,68.9,470447.76,471,4.58,9610,149.4,6827.98,107.12
2025-10-31,São Paulo,Operação A,17775,113.3,710865.33,544,3.06,15818,156.88,6274.19,112.37
2025-10-31,São Paulo,Operação B,13878,100.6,628515.55,515,3.71,14042,137.95,6247.67,98.83
2025-10-31,São Paulo,Operação C,13105,86.8,535984.94,424,3.24,12111,150.98,6174.94,108.21
2025-10-31,Rio de Janeiro,Operação A,15498,104.1,675083.44,497,3.21,14527,148.88,6484.95,106.68
2025-10-31,Rio de Janeiro,Operação B,13650,96.1,537537.85,317,2.33,13418,142.04,5593.53,101.73
2025-10-31,Rio de Janeiro,Operação C,12452,86.3,533487.13,539,4.34,12040,144.29,6181.77,103.42
2025-10-31,Curitiba,Operação A,10628,81.5,449342.52,398,3.75,11380,130.4,5513.41,93.39
2025-10-31,Curitiba,Operação B,11450,72.0,367033.57,503,4.4,10044,159.03,5097.69,114.0
2025-10-31,Curitiba,Operação C,10491,70.5,300634.23,474,4.53,9838,148.81,4264.32,106.64
2025-10-31,Belo Horizonte,Operação A,10151,73.0,419415.26,388,3.83,10185,139.05,5745.41,99.67
2025-10-31,Belo Horizonte,Operação B,11368,74.2,514554.49,420,3.7,10354,153.21,6934.7,109.79
2025-10-31,Belo Horizonte,Operação C,8559,64.2,333765.85,360,4.22,8968,133.32,5198.85,95.44
2025-10-31,Campinas,Operação A,11606,76.6,463570.72,490,4.23,10690,151.51,6051.84,108.57
2025-10-31,Campinas,Operação B,8279,53.4,339079.0,401,4.85,7450,155.04,6349.79,111.13
2025-10-31,Campinas,Operação C,7292,45.0,295720.81,233,3.2,6281,162.04,6571.57,116.1
2025-11-01,São Paulo,Operação A,14407,119.2,600925.82,419,2.91,14658,120.86,5041.32,98.29
2025-11-01,São Paulo,Operação B,12819,97.6,492169.33,369,2.89,11997,131.34,5042.72,106.85
2025-11-01,São Paulo,Operação C,9876,80.6,466605.53,278,2.82,9907,122.53,5789.15,99.69
2025-11-01,Rio de Janeiro,Operação A,12696,98.6,514401.47,670,5.28,12122,128.76,5217.05,104.74
2025-11-01,Rio de Janeiro,Operação B,11578,89.1,529983.82,490,4.24,10948,129.94,5948.19,105.75
2025-11-01,Rio de Janeiro,Operação C,10174,81.0,509677.87,347,3.42,9958,125.6,6292.32,102.17
2025-11-01,Curitiba,Operação A,9918,81.8,348050.26,412,4.16,10053,121.25,4254.89,98.66
2025-11-01,Curitiba,Operação B,7283,57.4,299918.0,385,5.29,7051,126.88,5225.05,103.29
2025-11-01,Curitiba,Operação C,6203,52.1,257149.17,207,3.34,6407,119.06,4935.68,96.82
2025-11-01,Belo Horizonte,Operação A,9638,76.3,356237.34,364,3.79,9380,126.32,4668.9,102.75
2025-11-01,Belo Horizonte,Operação B,6777,53.4,268359.53,292,4.31,6570,126.91,5025.46,103.15
2025-11-01,Belo Horizonte,Operação C,9135,73.6,434487.13,296,3.25,9050,124.12,5903.36,100.94
2025-11-01,Campinas,Operação A,9118,64.0,401949.76,319,3.5,7862,142.47,6280.46,115.98
2025-11-01,Campinas,Operação B,8585,66.3,358193.01,209,2.44,8151,129.49,5402.61,105.32
2025-11-01,Campinas,Operação C,6923,52.2,287366.21,292,4.22,6420,132.62,5505.1,107.83
2025-11-02,São Paulo,Operação A,14384,120.6,528228.12,485,3.37,14832,119.27,4380.0,96.98
2025-11-02,São Paulo,Operação B,12859,98.8,503139.87,386,3.01,12158,130.15,5092.51,105.77
2025-11-02,São Paulo,Operação C,12532,97.6,491117.7,440,3.51,12003,128.4,5031.94,104.41
2025-11-02,Rio de Janeiro,Operação A,14710,113.4,652709.23,426,2.9,13948,129.72,5755.81,105.46
2025-11-02,Rio de Janeiro,Operação B,14389,97.4,558784.29,367,2.55,11980,147.73,5737.01,120.11
2025-11-02,Rio de Janeiro,Operação C,10875,80.6,452774.55,288,2.66,9916,134.93,5617.55,109.67
2025-11-02,Curitiba,Operação A,11140,84.1,449742.66,444,3.99,10347,132.46,5347.71,107.66
2025-11-02,Curitiba,Operação B,10593,82.0,443721.8,441,4.16,10082,129.18,5411.24,105.07
2025-11-02,Curitiba,Operação C,6993,59.0,286249.44,217,3.11,7252,118.53,4851.69,96.43
2025-11-02,Belo Horizonte,Operação A,10689,74.5,541803.74,343,3.22,9169,143.48,7272.53,116.58
2025-11-02,Belo Horizonte,Operação B,8824,70.3,409698.29,401,4.54,8653,125.52,5827.86,101.98
2025-11-02,Belo Horizonte,Operação C,6423,48.9,236191.15,315,4.91,6015,131.35,4830.08,106.78
2025-11-02,Campinas,Operação A,8842,73.8,362828.95,289,3.27,9080,119.81,4916.38,97.38
2025-11-02,Campinas,Operação B,8889,65.2,332512.34,441,4.97,8018,136.33,5099.88,110.86
2025-11-02,Campinas,Operação C,7799,65.4,329829.12,379,4.87,8040,119.25,5043.26,97.0
2025-11-03,São Paulo,Operação A,17858,126.5,808205.92,1053,5.9,17699,141.17,6388.98,100.9
2025-11-03,São Paulo,Operação B,14264,103.2,608925.59,527,3.7,14444,138.22,5900.44,98.75
2025-11-03,São Paulo,Operação C,12896,86.5,476924.98,382,2.97,12106,149.09,5513.58,106.53
2025-11-03,Rio de Janeiro,Operação A,13827,109.0,630686.39,261,1.89,15255,126.85,5786.11,90.64
2025-11-03,Rio de Janeiro,Operação B,10894,78.1,470048.38,496,4.56,10924,139.49,6018.55,99.73
2025-11-03,Rio de Janeiro,Operação C,11335,79.8,502348.21,317,2.8,11162,142.04,6295.09,101.55
2025-11-03,Curitiba,Operação A,11369,85.8,481253.89,386,3.4,12010,132.51,5609.02,94.66
2025-11-03,Curitiba,Operação B,9969,68.2,425020.33,442,4.44,9537,146.17,6231.97,104.53
2025-11-03,Curitiba,Operação C,7723,53.7,300879.97,324,4.2,7513,143.82,5602.98,102.8
2025-11-03,Belo Horizonte,Operação A,12790,85.4,501171.89,538,4.21,11953,149.77,5868.52,107.0
2025-11-03,Belo Horizonte,Operação B,7492,59.0,276428.7,260,3.47,8253,126.98,4685.23,90.78
2025-11-03,Belo Horizonte,Operação C,7561,66.1,357567.03,272,3.6,9242,114.39,5409.49,81.81
2025-11-03,Campinas,Operação A,8699,59.8,403373.51,346,3.98,8359,145.47,6745.38,104.07
2025-11-03,Campinas,Operação B,9047,69.2,364991.98,249,2.76,9681,130.74,5274.45,93.45
2025-11-03,Campinas,Operação C,9990,66.1,533346.5,312,3.13,9254,151.13,8068.78,107.95
2025-11-04,São Paulo,Operação A,16158,112.8,767721.98,518,3.21,15795,143.24,6806.05,102.3
2025-11-04,São Paulo,Operação B,15058,103.4,634814.97,448,2.98,14474,145.63,6139.41,104.03
2025-11-04,São Paulo,Operação C,12749,89.2,535072.23,542,4.25,12495,142.93,5998.57,102.03
2025-11-04,Rio de Janeiro,Operação A,15804,116.1,638987.73,448,2.84,16250,136.12,5503.77,97.26
2025-11-04,Rio de Janeiro,Operação B,12741,91.5,547343.01,558,4.38,12813,139.25,5981.89,99.44
2025-11-04,Rio de Janeiro,Operação C,9234,61.7,370830.53,357,3.87,8638,149.66,6010.22,106.9
2025-11-04,Curitiba,Operação A,12324,78.6,562629.08,487,3.95,11005,156.79,7158.13,111.99
2025-11-04,Curitiba,Operação B,10882,79.4,430073.02,446,4.1,11111,137.05,5416.54,97.94
2025-11-04,Curitiba,Operação C,9491,59.6,386337.19,370,3.9,8341,159.24,6482.17,113.79
2025-11-04,Belo Horizonte,Operação A,13045,94.8,551477.99,566,4.34,13281,137.61,5817.28,98.22
2025-11-04,Belo Horizonte,Operação B,10795,76.4,431077.58,357,3.31,10692,141.3,5642.38,100.96
2025-11-04,Belo Horizonte,Operação C,10139,71.5,429006.06,320,3.16,10007,141.8,6000.08,101.32
2025-11-04,Campinas,Operação A,11067,75.7,420393.99,301,2.72,10594,146.2,5553.42,104.46
2025-11-04,Campinas,Operação B,6474,47.5,292468.02,295,4.56,6652,136.29,6157.22,97.32
2025-11-04,Campinas,Operação C,8856,58.9,367469.94,364,4.12,8250,150.36,6238.88,107.35
2025-11-05,São Paulo,Operação A,19552,119.9,813484.79,894,4.57,16800,163.07,6784.69,116.38
2025-11-05,São Paulo,Operação B,16539,108.6,561565.78,701,4.24,15222,152.29,5170.96,108.65
2025-11-05,São Paulo,Operação C,12531,89.3,451972.47,438,3.5,12515,140.32,5061.28,100.13
2025-11-05,Rio de Janeiro,Operação A,13682,104.0,494014.32,532,3.89,14569,131.56,4750.14,93.91
2025-11-05,Rio de Janeiro,Operação B,14131,96.3,658551.78,484,3.43,13495,146.74,6838.54,104.71
2025-11-05,Rio de Janeiro,Operação C,10705,79.0,382800.44,533,4.98,11070,135.51,4845.58,96.7
2025-11-05,Curitiba,Operação A,12127,92.8,516889.21,414,3.42,13003,130.68,5569.93,93.26
2025-11-05,Curitiba,Operação B,10111,71.9,440082.05,420,4.15,10073,140.63,6120.75,100.38
2025-11-05,Curitiba,Operação C,9729,67.8,402499.37,413,4.25,9496,143.5,5936.57,102.45
2025-11-05,Belo Horizonte,Operação A,12138,83.4,508052.92,458,3.78,11687,145.54,6091.76,103.86
2025-11-05,Belo Horizonte,Operação B,10171,66.4,383411.77,322,3.17,9308,153.18,5774.27,109.27
2025-11-05,Belo Horizonte,Operação C,8748,65.6,312373.29,310,3.55,9195,133.35,4761.79,95.14
2025-11-05,Campinas,Operação A,7747,58.8,348819.34,258,3.34,8247,131.75,5932.3,93.94
2025-11-05,Campinas,Operação B,9348,70.5,389102.93,357,3.82,9879,132.6,5519.19,94.62
2025-11-05,Campinas,Operação C,7131,45.9,314068.6,157,2.21,6436,155.36,6842.45,110.8
2025-11-06,São Paulo,Operação A,17506,117.6,693933.87,405,2.32,16496,148.86,5900.8,106.12
2025-11-06,São Paulo,Operação B,17481,104.4,707142.52,831,4.76,14650,167.44,6773.4,119.32
2025-11-06,São Paulo,Operação C,12495,84.9,563350.7,436,3.49,11912,147.17,6635.46,104.89
2025-11-06,Rio de Janeiro,Operação A,15481,101.6,767328.47,579,3.74,14257,152.37,7552.45,108.59
2025-11-06,Rio de Janeiro,Operação B,12383,86.6,644892.16,446,3.61,12144,142.99,7446.79,101.97
2025-11-06,Rio de Janeiro,Operação C,10027,75.2,347900.76,380,3.79,10549,133.34,4626.34,95.05
2025-11-06,Curitiba,Operação A,12604,89.5,528613.25,323,2.56,12546,140.83,5906.29,100.46
2025-11-06,Curitiba,Operação B,11196,74.7,446265.2,543,4.85,10481,149.88,5974.1,106.82
2025-11-06,Curitiba,Operação C,8733,59.1,396419.42,300,3.44,8287,147.77,6707.6,105.38
2025-11-06,Belo Horizonte,Operação A,10283,78.8,487716.17,345,3.36,11057,130.49,6189.29,93.0
2025-11-06,Belo Horizonte,Operação B,11148,73.5,440198.91,372,3.34,10303,151.67,5989.1,108.2
2025-11-06,Belo Horizonte,Operação C,9442,70.7,476931.21,274,2.9,9913,133.55,6745.84,95.25
2025-11-06,Campinas,Operação A,9137,62.5,464464.71,180,1.97,8761,146.19,7431.44,104.29
2025-11-06,Campinas,Operação B,9062,60.5,381823.74,344,3.81,8487,149.79,6311.14,106.78
2025-11-06,Campinas,Operação C,6816,49.1,282225.4,176,2.6,6885,138.82,5747.97,99.0
2025-11-07,São Paulo,Operação A,16589,117.6,665547.68,623,3.76,16503,141.06,5659.42,100.52
2025-11-07,São Paulo,Operação B,12811,89.8,656812.48,337,2.63,12600,142.66,7314.17,101.67
2025-11-07,São Paulo,Operação C,14445,99.2,571851.1,352,2.44,13925,145.61,5764.63,103.73
2025-11-07,Rio de Janeiro,Operação A,16734,104.7,676775.76,574,3.44,14699,159.83,6463.95,113.84
2025-11-07,Rio de Janeiro,Operação B,14447,97.3,515915.33,517,3.58,13655,148.48,5302.32,105.8
2025-11-07,Rio de Janeiro,Operação C,13016,90.0,403939.09,495,3.81,12629,144.62,4488.21,103.06
2025-11-07,Curitiba,Operação A,10559,83.5,372554.97,451,4.28,11719,126.46,4461.74,90.1
2025-11-07,Curitiba,Operação B,9329,68.7,390488.11,278,2.98,9640,135.79,5683.96,96.77
2025-11-07,Curitiba,Operação C,9387,65.6,349196.57,290,3.09,9215,143.09,5323.12,101.87
2025-11-07,Belo Horizonte,Operação A,12112,83.3,504734.05,611,5.05,11687,145.4,6059.23,103.64
2025-11-07,Belo Horizonte,Operação B,11500,74.8,475365.45,422,3.68,10503,153.74,6355.15,109.49
2025-11-07,Belo Horizonte,Operação C,8920,58.3,370700.93,328,3.68,8186,153.0,6358.51,108.97
2025-11-07,Campinas,Operação A,10409,71.8,559512.4,308,2.97,10086,144.97,7792.65,103.2
2025-11-07,Campinas,Operação B,8635,56.8,342112.86,282,3.27,7969,152.02,6023.11,108.36
2025-11-07,Campinas,Operação C,6979,46.5,307194.85,226,3.25,6529,150.09,6606.34,106.89
2025-11-08,São Paulo,Operação A,13658,122.9,535019.18,459,3.36,15193,111.13,4353.29,89.9
2025-11-08,São Paulo,Operação B,10573,94.3,431044.46,428,4.06,11659,112.12,4570.99,90.69
2025-11-08,São Paulo,Operação C,12186,99.2,547551.87,488,4.01,12262,122.84,5519.68,99.38
2025-11-08,Rio de Janeiro,Operação A,13991,112.3,486970.72,497,3.56,13880,124.59,4336.34,100.8
2025-11-08,Rio de Janeiro,Operação B,10080,83.1,411214.84,325,3.23,10275,121.3,4948.43,98.1
2025-11-08,Rio de Janeiro,Operação C,10773,80.4,436619.54,411,3.82,9937,133.99,5430.59,108.41
2025-11-08,Curitiba,Operação A,11567,85.0,477088.23,397,3.44,10506,136.08,5612.8,110.1
2025-11-08,Curitiba,Operação B,8991,71.2,349444.63,251,2.79,8801,126.28,4907.93,102.16
2025-11-08,Curitiba,Operação C,8309,70.4,338371.79,358,4.31,8701,118.03,4806.42,95.49
2025-11-08,Belo Horizonte,Operação A,10501,77.7,416215.72,279,2.66,9605,135.15,5356.7,109.33
2025-11-08,Belo Horizonte,Operação B,8166,58.5,305837.24,334,4.1,7237,139.59,5227.99,112.84
2025-11-08,Belo Horizonte,Operação C,7582,54.3,385371.31,163,2.15,6718,139.63,7097.08,112.86
2025-11-08,Campinas,Operação A,8502,63.1,374531.56,350,4.12,7806,134.74,5935.52,108.92
2025-11-08,Campinas,Operação B,8366,57.5,355322.41,211,2.53,7107,145.5,6179.52,117.71
2025-11-08,Campinas,Operação C,6124,52.3,296179.7,181,2.97,6472,117.09,5663.09,94.62
2025-11-09,São Paulo,Operação A,15004,121.3,593234.92,295,1.97,15014,123.69,4890.64,99.93
2025-11-09,São Paulo,Operação B,14884,106.7,570594.95,336,2.26,13203,139.49,5347.66,112.73
2025-11-09,São Paulo,Operação C,10842,95.8,508252.7,301,2.78,11859,113.17,5305.35,91.42
2025-11-09,Rio de Janeiro,Operação A,12491,96.0,472752.41,366,2.93,11881,130.11,4924.5,105.13
2025-11-09,Rio de Janeiro,Operação B,9836,92.7,477731.34,347,3.53,11469,106.11,5153.52,85.76
2025-11-09,Rio de Janeiro,Operação C,8353,70.3,383958.89,332,3.98,8703,118.82,5461.72,95.98
2025-11-09,Curitiba,Operação A,11517,94.6,497377.02,442,3.84,11704,121.74,5257.69,98.4
2025-11-09,Curitiba,Operação B,10854,78.7,424727.27,369,3.41,9735,137.92,5396.79,111.49
2025-11-09,Curitiba,Operação C,7730,60.7,346255.54,168,2.18,7508,127.35,5704.37,102.96
2025-11-09,Belo Horizonte,Operação A,10347,87.9,421852.56,465,4.5,10881,117.71,4799.23,95.09
2025-11-09,Belo Horizonte,Operação B,9426,72.0,351377.68,251,2.66,8910,130.92,4880.25,105.79
2025-11-09,Belo Horizonte,Operação C,8328,67.9,333289.5,355,4.27,8406,122.65,4908.53,99.07
2025-11-09,Campinas,Operação A,8257,63.4,348211.14,288,3.5,7843,130.24,5492.29,105.28
2025-11-09,Campinas,Operação B,7100,57.9,267574.46,275,3.89,7162,122.63,4621.32,99.13
2025-11-09,Campinas,Operação C,6751,49.4,277478.12,179,2.65,6119,136.66,5616.97,110.33
2025-11-10,São Paulo,Operação A,16417,116.2,755779.8,526,3.2,16358,141.28,6504.13,100.36
2025-11-10,São Paulo,Operação B,16073,100.6,707743.52,776,4.83,14156,159.77,7035.22,113.54
2025-11-10,São Paulo,Operação C,13507,99.0,620779.06,637,4.72,13937,136.43,6270.5,96.91
2025-11-10,Rio de Janeiro,Operação A,17800,114.5,816487.64,579,3.26,16112,155.46,7130.9,110.48
2025-11-10,Rio de Janeiro,Operação B,11965,84.3,422853.2,547,4.57,11872,141.93,5016.05,100.78
2025-11-10,Rio de Janeiro,Operação C,12275,77.4,455083.37,535,4.37,10894,158.59,5879.63,112.68
2025-11-10,Curitiba,Operação A,10776,81.4,522727.3,472,4.39,11459,132.38,6421.71,94.04
2025-11-10,Curitiba,Operação B,10976,75.3,480288.25,401,3.66,10597,145.76,6378.33,103.58
2025-11-10,Curitiba,Operação C,8390,59.4,418181.69,473,5.64,8361,141.25,7040.1,100.35
2025-11-10,Belo Horizonte,Operação A,13693,91.1,556606.81,391,2.86,12822,150.31,6109.84,106.79
2025-11-10,Belo Horizonte,Operação B,9029,64.6,456909.44,446,4.95,9089,139.77,7072.9,99.34
2025-11-10,Belo Horizonte,Operação C,9030,66.6,411517.18,298,3.31,9369,135.59,6178.94,96.38
2025-11-10,Campinas,Operação A,8258,55.7,319025.93,235,2.85,7834,148.26,5727.58,105.41
2025-11-10,Campinas,Operação B,8387,59.7,351104.75,288,3.43,8410,140.49,5881.15,99.73
2025-11-10,Campinas,Operação C,7242,45.0,275677.54,198,2.74,6334,160.93,6126.17,114.34
2025-11-11,São Paulo,Operação A,16699,115.6,798812.02,620,3.72,16284,144.46,6910.14,102.55
2025-11-11,São Paulo,Operação B,15798,106.5,678142.52,592,3.75,15000,148.34,6367.54,105.32
2025-11-11,São Paulo,Operação C,10967,76.7,511600.07,729,6.65,10802,142.99,6670.14,101.53
2025-11-11,Rio de Janeiro,Operação A,14286,95.3,567380.11,734,5.14,13427,149.91,5953.62,106.4
2025-11-11,Rio de Janeiro,Operação B,12267,80.7,446164.97,398,3.25,11373,152.01,5528.69,107.86
2025-11-11,Rio de Janeiro,Operação C,12384,79.1,466769.46,499,4.03,11150,156.56,5901.0,111.07
2025-11-11,Curitiba,Operação A,12612,85.0,578049.97,312,2.47,11976,148.38,6800.59,105.31
2025-11-11,Curitiba,Operação B,11110,79.5,515320.62,418,3.77,11197,139.75,6482.02,99.22
2025-11-11,Curitiba,Operação C,8860,63.5,401297.57,399,4.51,8943,139.53,6319.65,99.07
2025-11-11,Belo Horizonte,Operação A,10244,76.4,458693.99,239,2.34,10768,134.08,6003.85,95.13
2025-11-11,Belo Horizonte,Operação B,8161,60.6,329200.03,198,2.43,8533,134.67,5432.34,95.64
2025-11-11,Belo Horizonte,Operação C,6401,47.8,285291.92,158,2.48,6730,133.91,5968.45,95.11
2025-11-11,Campinas,Operação A,11306,68.3,472628.15,426,3.77,9629,165.53,6919.89,117.42
2025-11-11,Campinas,Operação B,9200,54.9,366480.36,305,3.32,7732,167.58,6675.42,118.99
2025-11-11,Campinas,Operação C,9104,63.3,384111.92,298,3.27,8924,143.82,6068.12,102.02
2025-11-12,São Paulo,Operação A,17336,116.0,766455.29,517,2.99,16353,149.45,6607.37,106.01
2025-11-12,São Paulo,Operação B,13552,97.1,493224.82,301,2.23,13699,139.57,5079.56,98.93
2025-11-12,São Paulo,Operação C,14332,92.3,651879.28,228,1.59,13014,155.28,7062.61,110.13
2025-11-12,Rio de Janeiro,Operação A,13720,102.0,584128.31,434,3.17,14387,134.51,5726.75,95.36
2025-11-12,Rio de Janeiro,Operação B,13730,94.3,472531.58,374,2.73,13305,145.6,5010.94,103.19
2025-11-12,Rio de Janeiro,Operação C,11646,79.4,423649.95,264,2.27,11200,146.68,5335.64,103.98
2025-11-12,Curitiba,Operação A,11205,85.3,395822.03,352,3.14,12025,131.36,4640.35,93.18
2025-11-12,Curitiba,Operação B,9626,70.4,377195.31,337,3.51,9926,136.73,5357.89,96.98
2025-11-12,Curitiba,Operação C,8773,59.9,355114.6,318,3.63,8448,146.46,5928.46,103.85
2025-11-12,Belo Horizonte,Operação A,13316,86.3,627887.24,555,4.17,12171,154.3,7275.63,109.41
2025-11-12,Belo Horizonte,Operação B,10085,71.4,407927.72,282,2.8,10065,141.25,5713.27,100.2
2025-11-12,Belo Horizonte,Operação C,9380,61.4,366732.95,325,3.47,8655,152.77,5972.85,108.38
2025-11-12,Campinas,Operação A,9757,66.0,388352.67,283,2.91,9306,147.83,5884.13,104.85
2025-11-12,Campinas,Operação B,8560,56.7,356207.3,270,3.16,8002,150.97,6282.32,106.97
2025-11-12,Campinas,Operação C,7917,55.9,368188.57,215,2.72,7890,141.63,6586.56,100.34
2025-11-13,São Paulo,Operação A,15332,116.6,622670.89,330,2.16,16456,131.49,5340.23,93.17
2025-11-13,São Paulo,Operação B,16558,107.7,747373.16,583,3.52,15207,153.74,6939.4,108.88
2025-11-13,São Paulo,Operação C,11573,84.0,556900.72,537,4.65,11864,137.77,6629.77,97.55
2025-11-13,Rio de Janeiro,Operação A,14706,104.6,698159.9,433,2.94,14765,140.59,6674.57,99.6
2025-11-13,Rio de Janeiro,Operação B,14659,91.8,566638.46,610,4.16,12960,159.68,6172.53,113.11
2025-11-13,Rio de Janeiro,Operação C,12077,83.0,459243.21,352,2.92,11720,145.51,5533.05,103.05
2025-11-13,Curitiba,Operação A,11413,86.9,485314.72,448,3.93,12267,131.33,5584.75,93.04
2025-11-13,Curitiba,Operação B,10619,80.7,501906.92,515,4.86,11392,131.59,6219.42,93.21
2025-11-13,Curitiba,Operação C,9174,67.8,373267.7,317,3.46,9573,135.31,5505.42,95.83
2025-11-13,Belo Horizonte,Operação A,11987,82.0,516935.31,410,3.43,11583,146.18,6304.09,103.49
2025-11-13,Belo Horizonte,Operação B,10102,71.6,410618.55,307,3.04,10101,141.09,5734.9,100.01
2025-11-13,Belo Horizonte,Operação C,12023,74.8,531671.21,548,4.56,10553,160.74,7107.9,113.93
2025-11-13,Campinas,Operação A,11274,76.3,405612.75,370,3.29,10773,147.76,5316.03,104.65
2025-11-13,Campinas,Operação B,7945,59.2,286459.76,309,3.89,8351,134.21,4838.85,95.14
2025-11-13,Campinas,Operação C,7554,56.4,294730.54,334,4.43,7961,133.94,5225.72,94.89
2025-11-14,São Paulo,Operação A,16510,111.7,680887.04,644,3.91,15789,147.81,6095.68,104.57
2025-11-14,São Paulo,Operação B,14181,96.5,605172.62,522,3.68,13638,146.95,6271.22,103.98
2025-11-14,São Paulo,Operação C,13572,90.8,689010.83,753,5.55,12824,149.47,7588.22,105.83
2025-11-14,Rio de Janeiro,Operação A,12141,99.3,538841.63,443,3.65,14026,122.27,5426.4,86.56
2025-11-14,Rio de Janeiro,Operação B,14540,97.6,614088.41,640,4.4,13796,148.98,6291.89,105.39
2025-11-14,Rio de Janeiro,Operação C,11637,88.3,450742.62,397,3.42,12472,131.79,5104.67,93.31
2025-11-14,Curitiba,Operação A,12296,85.6,537788.05,528,4.3,12090,143.64,6282.57,101.7
2025-11-14,Curitiba,Operação B,13045,85.9,503415.23,441,3.38,12133,151.86,5860.48,107.52
2025-11-14,Curitiba,Operação C,9745,64.4,424420.79,500,5.14,9103,151.32,6590.38,107.05
2025-11-14,Belo Horizonte,Operação A,11535,76.9,593116.38,349,3.03,10870,150.0,7712.83,106.12
2025-11-14,Belo Horizonte,Operação B,9643,70.7,408172.26,277,2.88,9993,136.39,5773.3,96.5
2025-11-14,Belo Horizonte,Operação C,10130,68.7,387557.7,422,4.17,9703,147.45,5641.31,104.4
2025-11-14,Campinas,Operação A,11212,72.0,419433.63,425,3.8,10172,155.72,5825.47,110.22
2025-11-14,Campinas,Operação B,9481,66.9,350455.58,328,3.47,9455,141.72,5238.5,100.27
2025-11-14,Campinas,Operação C,9880,62.7,398028.51,244,2.47,8862,157.58,6348.14,111.49
2025-11-15,São Paulo,Operação A,14290,114.9,625698.9,488,3.42,14297,124.37,5445.6,99.95
2025-11-15,São Paulo,Operação B,13473,97.2,573433.83,518,3.85,12103,138.61,5899.52,111.32
2025-11-15,São Paulo,Operação C,8344,78.1,302468.47,259,3.12,9725,106.84,3872.84,85.8
2025-11-15,Rio de Janeiro,Operação A,11589,107.8,560576.25,421,3.64,13415,107.5,5200.15,86.39
2025-11-15,Rio de Janeiro,Operação B,12032,99.7,529593.77,429,3.57,12413,120.68,5311.87,96.93
2025-11-15,Rio de Janeiro,Operação C,10767,85.1,472594.43,471,4.38,10593,126.52,5553.4,101.64
2025-11-15,Curitiba,Operação A,10506,80.3,361916.48,426,4.06,9997,130.83,4507.05,105.09
2025-11-15,Curitiba,Operação B,10272,87.5,427669.33,431,4.2,10890,117.39,4887.65,94.33
2025-11-15,Curitiba,Operação C,8479,65.2,342856.86,267,3.16,8111,130.05,5258.54,104.54
2025-11-15,Belo Horizonte,Operação A,10262,79.5,382508.2,353,3.45,9902,129.08,4811.42,103.64
2025-11-15,Belo Horizonte,Operação B,10073,80.7,373214.52,340,3.38,10043,124.82,4624.72,100.3
2025-11-15,Belo Horizonte,Operação C,6567,56.3,279469.68,192,2.93,7012,116.64,4963.94,93.65
2025-11-15,Campinas,Operação A,8626,66.4,309391.34,181,2.11,8259,129.91,4659.51,104.44
2025-11-15,Campinas,Operação B,7364,66.2,280518.98,151,2.06,8240,111.24,4237.45,89.37
2025-11-15,Campinas,Operação C,6719,50.7,285217.19,363,5.41,6313,132.52,5625.59,106.43
2025-11-16,São Paulo,Operação A,15104,125.5,562046.72,855,5.67,15636,120.35,4478.46,96.6
2025-11-16,São Paulo,Operação B,14740,109.9,623493.26,548,3.72,13699,134.12,5673.28,107.6
2025-11-16,São Paulo,Operação C,10391,79.8,439382.66,288,2.78,9947,130.21,5506.05,104.46
2025-11-16,Rio de Janeiro,Operação A,14236,100.0,590784.04,734,5.16,12456,142.36,5907.84,114.29
2025-11-16,Rio de Janeiro,Operação B,9678,78.0,346577.75,245,2.53,9721,124.08,4443.3,99.56
2025-11-16,Rio de Janeiro,Operação C,9683,73.6,417020.71,286,2.96,9168,131.56,5666.04,105.62
2025-11-16,Curitiba,Operação A,9843,69.3,402154.87,256,2.61,8632,142.03,5803.1,114.03
2025-11-16,Curitiba,Operação B,9890,75.7,402614.92,357,3.62,9436,130.65,5318.56,104.81
2025-11-16,Curitiba,Operação C,7711,56.9,293114.63,232,3.02,7085,135.52,5151.4,108.84
2025-11-16,Belo Horizonte,Operação A,11825,84.7,571657.14,513,4.34,10554,139.61,6749.2,112.04
2025-11-16,Belo Horizonte,Operação B,7746,67.4,368866.24,356,4.6,8402,114.93,5472.79,92.19
2025-11-16,Belo Horizonte,Operação C,7762,56.6,315690.54,364,4.7,7057,137.14,5577.57,109.99
2025-11-16,Campinas,Operação A,9840,67.1,444221.7,485,4.94,8364,146.65,6620.29,117.65
2025-11-16,Campinas,Operação B,7713,58.3,294041.8,322,4.18,7259,132.3,5043.6,106.25
2025-11-16,Campinas,Operação C,9084,60.4,399043.4,370,4.08,7528,150.4,6606.68,120.67
2025-11-17,São Paulo,Operação A,17419,114.6,705128.7,625,3.59,16242,152.0,6152.96,107.25
2025-11-17,São Paulo,Operação B,14818,103.7,626086.88,474,3.2,14703,142.89,6037.48,100.78
2025-11-17,São Paulo,Operação C,13789,87.5,588813.11,520,3.78,12409,157.59,6729.29,111.12
2025-11-17,Rio de Janeiro,Operação A,14106,93.5,622380.61,448,3.18,13258,150.87,6656.48,106.4
2025-11-17,Rio de Janeiro,Operação B,12890,104.8,581821.97,524,4.07,14855,123.0,5551.74,86.77
2025-11-17,Rio de Janeiro,Operação C,12332,83.2,545107.91,517,4.19,11789,148.22,6551.78,104.61
2025-11-17,Curitiba,Operação A,11932,79.8,492394.65,313,2.62,11310,149.52,6170.36,105.5
2025-11-17,Curitiba,Operação B,11089,78.8,399298.98,340,3.07,11173,140.72,5067.25,99.25
2025-11-17,Curitiba,Operação C,9319,59.4,397108.43,429,4.61,8413,156.89,6685.33,110.77
2025-11-17,Belo Horizonte,Operação A,11734,75.5,626108.54,444,3.78,10700,155.42,8292.83,109.66
2025-11-17,Belo Horizonte,Operação B,11631,75.7,422341.37,461,3.97,10735,153.65,5579.15,108.35
2025-11-17,Belo Horizonte,Operação C,9129,63.5,351136.53,370,4.06,8998,143.76,5529.71,101.46
2025-11-17,Campinas,Operação A,10761,63.9,456876.29,271,2.52,9060,168.4,7149.86,118.77
2025-11-17,Campinas,Operação B,8316,57.9,429517.3,232,2.79,8207,143.63,7418.26,101.33
2025-11-17,Campinas,Operação C,7514,53.3,330593.71,231,3.08,7556,140.98,6202.51,99.44
2025-11-18,São Paulo,Operação A,15895,109.9,648554.54,481,3.03,15595,144.63,5901.32,101.92
2025-11-18,São Paulo,Operação B,15677,98.7,638383.73,406,2.59,14010,158.83,6467.92,111.9
2025-11-18,São Paulo,Operação C,12800,87.0,469182.99,614,4.8,12340,147.13,5392.91,103.73
2025-11-18,Rio de Janeiro,Operação A,17713,109.8,771729.06,323,1.83,15581,161.32,7028.5,113.68
2025-11-18,Rio de Janeiro,Operação B,13907,100.9,540582.52,504,3.63,14325,137.83,5357.61,97.08
2025-11-18,Rio de Janeiro,Operação C,14016,89.0,639481.74,455,3.25,12633,157.48,7185.19,110.95
2025-11-18,Curitiba,Operação A,12402,82.6,514431.45,522,4.21,11718,150.15,6227.98,105.84
2025-11-18,Curitiba,Operação B,12157,79.6,387761.55,437,3.6,11297,152.73,4871.38,107.61
2025-11-18,Curitiba,Operação C,9522,64.2,371193.28,232,2.44,9107,148.32,5781.83,104.56
2025-11-18,Belo Horizonte,Operação A,11924,83.4,528218.56,353,2.96,11834,142.97,6333.56,100.76
2025-11-18,Belo Horizonte,Operação B,12492,79.6,539495.86,415,3.33,11297,156.93,6777.59,110.58
2025-11-18,Belo Horizonte,Operação C,10140,67.3,435556.97,439,4.33,9550,150.67,6471.87,106.18
2025-11-18,Campinas,Operação A,10797,80.7,408110.01,310,2.88,11453,133.79,5057.13,94.27
2025-11-18,Campinas,Operação B,7443,51.0,330472.67,259,3.48,7234,145.94,6479.86,102.89
2025-11-18,Campinas,Operação C,7970,50.4,339220.94,300,3.77,7149,158.13,6730.57,111.48
2025-11-19,São Paulo,Operação A,18330,126.0,920914.9,575,3.14,17893,145.48,7308.85,102.44
2025-11-19,São Paulo,Operação B,15932,116.5,702122.28,475,2.99,16547,136.76,6026.8,96.28
2025-11-19,São Paulo,Operação C,13909,98.0,600360.91,414,2.98,13927,141.93,6126.13,99.87
2025-11-19,Rio de Janeiro,Operação A,15447,110.3,752788.84,417,2.7,15667,140.05,6824.92,98.6
2025-11-19,Rio de Janeiro,Operação B,12648,80.8,501283.56,441,3.49,11475,156.53,6204.0,110.22
2025-11-19,Rio de Janeiro,Operação C,10280,77.1,428594.02,463,4.51,10955,133.33,5558.94,93.84
2025-11-19,Curitiba,Operação A,13708,91.9,636723.9,363,2.65,13054,149.16,6928.44,105.01
2025-11-19,Curitiba,Operação B,10789,71.5,447509.82,356,3.3,10160,150.9,6258.88,106.19
2025-11-19,Curitiba,Operação C,7090,56.5,320974.69,261,3.69,8032,125.49,5680.97,88.27
2025-11-19,Belo Horizonte,Operação A,12304,86.5,481687.92,431,3.51,12283,142.24,5568.65,100.17
2025-11-19,Belo Horizonte,Operação B,10929,75.7,494068.84,294,2.69,10751,144.37,6526.67,101.66
2025-11-19,Belo Horizonte,Operação C,8794,60.2,412487.49,322,3.67,8552,146.08,6851.95,102.83
2025-11-19,Campinas,Operação A,11027,82.9,468864.46,401,3.64,11783,133.02,5655.78,93.58
2025-11-19,Campinas,Operação B,9114,65.8,444196.18,319,3.51,9353,138.51,6750.7,97.44
2025-11-19,Campinas,Operação C,6819,46.5,277856.21,390,5.73,6607,146.65,5975.4,103.21
2025-11-20,São Paulo,Operação A,18466,125.2,767305.39,786,4.26,17808,147.49,6128.64,103.69
2025-11-20,São Paulo,Operação B,12811,109.5,571011.54,451,3.52,15571,117.0,5214.72,82.27
2025-11-20,São Paulo,Operação C,12640,81.0,644447.27,498,3.95,11522,156.05,7956.14,109.7
2025-11-20,Rio de Janeiro,Operação A,18443,111.4,713355.9,371,2.01,15847,165.56,6403.55,116.38
2025-11-20,Rio de Janeiro,Operação B,13689,94.8,499693.76,470,3.44,13481,144.4,5271.03,101.54
2025-11-20,Rio de Janeiro,Operação C,12283,84.5,477227.58,407,3.32,12012,145.36,5647.66,102.26
2025-11-20,Curitiba,Operação A,10770,84.7,446189.26,261,2.42,12050,127.15,5267.88,89.38
2025-11-20,Curitiba,Operação B,10264,78.4,472665.09,325,3.17,11151,130.92,6028.89,92.05
2025-11-20,Curitiba,Operação C,9170,61.1,353373.86,341,3.72,8695,150.08,5783.53,105.46
2025-11-20,Belo Horizonte,Operação A,10596,75.0,462212.53,274,2.59,10670,141.28,6162.83,99.31
2025-11-20,Belo Horizonte,Operação B,9097,60.8,381095.17,330,3.63,8653,149.62,6268.01,105.13
2025-11-20,Belo Horizonte,Operação C,9388,63.6,417131.09,335,3.58,9049,147.61,6558.66,103.75
2025-11-20,Campinas,Operação A,7309,56.7,363343.52,255,3.5,8059,128.91,6408.17,90.69
2025-11-20,Campinas,Operação B,9773,68.2,408198.07,306,3.14,9692,143.3,5985.31,100.84
2025-11-20,Campinas,Operação C,10675,71.4,425511.57,232,2.18,10151,149.51,5959.55,105.16
2025-11-21,São Paulo,Operação A,19153,131.7,861442.88,801,4.18,18749,145.43,6540.95,102.15
2025-11-21,São Paulo,Operação B,15290,99.3,605230.9,414,2.71,14132,153.98,6094.97,108.19
2025-11-21,São Paulo,Operação C,14309,98.4,630655.6,547,3.83,14002,145.42,6409.1,102.19
2025-11-21,Rio de Janeiro,Operação A,14183,108.2,562481.3,459,3.24,15404,131.08,5198.53,92.07
2025-11-21,Rio de Janeiro,Operação B,12786,84.4,597714.46,585,4.58,12013,151.49,7081.92,106.43
2025-11-21,Rio de Janeiro,Operação C,11560,77.0,506126.56,462,4.0,10963,150.13,6573.07,105.45
2025-11-21,Curitiba,Operação A,13057,78.7,596784.3,556,4.26,11208,165.91,7583.03,116.5
2025-11-21,Curitiba,Operação B,12549,82.2,475490.98,425,3.39,11706,152.66,5784.56,107.2
2025-11-21,Curitiba,Operação C,8082,53.4,333973.66,280,3.47,7600,151.35,6254.19,106.34
2025-11-21,Belo Horizonte,Operação A,12615,88.6,517107.87,443,3.52,12611,142.38,5836.43,100.03
2025-11-21,Belo Horizonte,Operação B,8203,56.8,262962.1,248,3.03,8089,144.42,4629.61,101.41
2025-11-21,Belo Horizonte,Operação C,10214,67.3,404686.02,360,3.53,9585,151.77,6013.17,106.56
2025-11-21,Campinas,Operação A,9296,63.2,499393.03,462,4.98,8998,147.09,7901.79,103.31
2025-11-21,Campinas,Operação B,9204,61.9,350504.32,263,2.86,8808,148.69,5662.43,104.5
2025-11-21,Campinas,Operação C,8028,56.7,366210.05,381,4.76,8066,141.59,6458.73,99.53
2025-11-22,São Paulo,Operação A,15690,120.2,553494.27,642,4.1,15077,130.53,4604.78,104.07
2025-11-22,São Paulo,Operação B,11889,94.5,544971.59,514,4.32,11852,125.81,5766.9,100.31
2025-11-22,São Paulo,Operação C,10945,86.9,429073.82,278,2.54,10904,125.95,4937.56,100.38
2025-11-22,Rio de Janeiro,Operação A,11415,99.3,510618.64,435,3.82,12453,114.95,5142.18,91.66
2025-11-22,Rio de Janeiro,Operação B,11384,94.1,423709.27,403,3.54,11806,120.98,4502.76,96.43
2025-11-22,Rio de Janeiro,Operação C,10239,79.8,418181.92,498,4.87,10012,128.31,5240.37,102.27
2025-11-22,Curitiba,Operação A,12957,87.9,609961.92,630,4.86,11019,147.41,6939.27,117.59
2025-11-22,Curitiba,Operação B,8947,66.3,360321.98,194,2.17,8313,134.95,5434.72,107.63
2025-11-22,Curitiba,Operação C,9573,75.4,361664.05,303,3.17,9459,126.96,4796.61,101.21
2025-11-22,Belo Horizonte,Operação A,9197,74.6,378121.65,449,4.88,9354,123.28,5068.65,98.32
2025-11-22,Belo Horizonte,Operação B,9408,65.0,427079.43,359,3.82,8157,144.74,6570.45,115.34
2025-11-22,Belo Horizonte,Operação C,8636,66.6,407137.31,341,3.95,8350,129.67,6113.17,103.43
2025-11-22,Campinas,Operação A,7815,59.1,352737.0,255,3.27,7409,132.23,5968.48,105.48
2025-11-22,Campinas,Operação B,7738,62.4,282355.73,174,2.26,7824,124.01,4524.93,98.9
2025-11-22,Campinas,Operação C,6105,45.0,195597.32,181,2.97,5644,135.67,4346.61,108.17
2025-11-23,São Paulo,Operação A,14311,112.5,494792.43,547,3.82,14129,127.21,4398.15,101.29
2025-11-23,São Paulo,Operação B,13106,93.6,517856.56,448,3.42,11752,140.02,5532.66,111.52
2025-11-23,São Paulo,Operação C,11907,90.2,501856.92,376,3.16,11330,132.01,5563.82,105.09
2025-11-23,Rio de Janeiro,Operação A,14221,106.1,553758.08,546,3.84,13327,134.03,5219.21,106.71
2025-11-23,Rio de Janeiro,Operação B,13418,98.5,613598.44,488,3.64,12374,136.22,6229.43,108.44
2025-11-23,Rio de Janeiro,Operação C,8913,72.8,385750.65,379,4.25,9144,122.43,5298.77,97.47
2025-11-23,Curitiba,Operação A,14474,104.4,540144.45,417,2.89,13106,138.64,5173.8,110.44
2025-11-23,Curitiba,Operação B,11471,89.7,483962.16,313,2.73,11270,127.88,5395.34,101.78
2025-11-23,Curitiba,Operação C,10193,75.9,396523.95,275,2.7,9531,134.3,5224.29,106.95
2025-11-23,Belo Horizonte,Operação A,10713,82.3,485603.59,421,3.94,10335,130.17,5900.41,103.66
2025-11-23,Belo Horizonte,Operação B,8468,67.8,350238.44,259,3.06,8520,124.9,5165.76,99.39
2025-11-23,Belo Horizonte,Operação C,7849,60.4,301466.56,314,4.0,7587,129.95,4991.17,103.45
2025-11-23,Campinas,Operação A,8319,68.1,337697.91,307,3.69,8555,122.16,4958.85,97.24
2025-11-23,Campinas,Operação B,8293,62.1,378105.94,376,4.54,7795,133.54,6088.66,106.39
2025-11-23,Campinas,Operação C,6736,56.1,275661.08,181,2.7,7047,120.07,4913.74,95.59
2025-11-24,São Paulo,Operação A,21819,129.8,973154.56,913,4.19,18536,168.1,7497.34,117.71
2025-11-24,São Paulo,Operação B,15785,104.3,562106.74,543,3.44,14894,151.34,5389.33,105.98
2025-11-24,São Paulo,Operação C,12649,84.0,528241.98,639,5.06,12005,150.58,6288.59,105.36
2025-11-24,Rio de Janeiro,Operação A,16584,110.1,678820.29,802,4.84,15735,150.63,6165.49,105.4
2025-11-24,Rio de Janeiro,Operação B,13593,90.0,573203.2,431,3.18,12856,151.03,6368.92,105.73
2025-11-24,Rio de Janeiro,Operação C,10141,79.6,363140.84,383,3.78,11376,127.4,4562.07,89.14
2025-11-24,Curitiba,Operação A,14494,95.8,566983.9,339,2.35,13693,151.29,5918.41,105.85
2025-11-24,Curitiba,Operação B,11240,79.3,500999.86,428,3.81,11327,141.74,6317.78,99.23
2025-11-24,Curitiba,Operação C,10105,68.3,439916.91,344,3.4,9756,147.95,6440.95,103.58
2025-11-24,Belo Horizonte,Operação A,10422,75.7,338297.75,349,3.36,10815,137.68,4468.93,96.37
2025-11-24,Belo Horizonte,Operação B,12465,80.3,534883.58,363,2.91,11477,155.23,6661.07,108.61
2025-11-24,Belo Horizonte,Operação C,10001,68.3,483045.67,271,2.72,9760,146.43,7072.41,102.47
2025-11-24,Campinas,Operação A,9092,65.5,327962.32,250,2.75,9354,138.81,5007.06,97.2
2025-11-24,Campinas,Operação B,8727,62.2,231915.65,380,4.36,8889,140.31,3728.55,98.18
2025-11-24,Campinas,Operação C,6917,45.0,291377.65,359,5.19,6428,153.71,6475.06,107.61
2025-11-25,São Paulo,Operação A,17801,124.9,697652.27,837,4.7,17857,142.52,5585.69,99.69
2025-11-25,São Paulo,Operação B,13804,92.2,572528.05,445,3.23,13182,149.72,6209.63,104.72
2025-11-25,São Paulo,Operação C,13878,92.7,608267.23,501,3.61,13255,149.71,6561.67,104.7
2025-11-25,Rio de Janeiro,Operação A,15866,106.7,624522.13,555,3.5,15254,148.7,5853.07,104.01
2025-11-25,Rio de Janeiro,Operação B,11904,85.2,483961.88,405,3.4,12186,139.72,5680.3,97.69
2025-11-25,Rio de Janeiro,Operação C,12522,79.6,500956.93,457,3.66,11388,157.31,6293.43,109.96
2025-11-25,Curitiba,Operação A,12126,85.7,512868.72,521,4.3,12257,141.49,5984.47,98.93
2025-11-25,Curitiba,Operação B,11276,75.1,441778.87,572,5.08,10742,150.15,5882.54,104.97
2025-11-25,Curitiba,Operação C,7885,60.4,358300.21,268,3.41,8639,130.55,5932.12,91.27
2025-11-25,Belo Horizonte,Operação A,11092,78.0,548908.23,419,3.78,11161,142.21,7037.28,99.38
2025-11-25,Belo Horizonte,Operação B,10994,73.5,473623.7,507,4.62,10519,149.58,6443.86,104.52
2025-11-25,Belo Horizonte,Operação C,7907,59.6,359548.83,308,3.9,8521,132.67,6032.7,92.79
2025-11-25,Campinas,Operação A,10912,71.5,442121.76,383,3.52,10223,152.62,6183.52,106.74
2025-11-25,Campinas,Operação B,8582,60.6,401265.92,203,2.37,8664,141.62,6621.55,99.05
2025-11-25,Campinas,Operação C,11082,70.6,386629.9,367,3.32,10104,156.97,5476.34,109.68
2025-11-26,São Paulo,Operação A,17741,116.7,674911.76,625,3.53,16710,152.02,5783.31,106.17
2025-11-26,São Paulo,Operação B,14265,101.7,549102.52,604,4.24,14556,140.27,5399.24,98.0
2025-11-26,São Paulo,Operação C,11977,78.3,541241.12,398,3.33,11215,152.96,6912.4,106.79
2025-11-26,Rio de Janeiro,Operação A,16658,104.1,652670.33,502,3.02,14906,160.02,6269.65,111.75
2025-11-26,Rio de Janeiro,Operação B,13880,86.7,654708.15,330,2.38,12419,160.09,7551.42,111.76
2025-11-26,Rio de Janeiro,Operação C,13520,86.4,651858.41,514,3.81,12375,156.48,7544.66,109.25
2025-11-26,Curitiba,Operação A,13515,84.6,605412.74,715,5.3,12108,159.75,7156.18,111.62
2025-11-26,Curitiba,Operação B,12041,80.5,449172.44,365,3.04,11529,149.58,5579.78,104.44
2025-11-26,Curitiba,Operação C,8000,54.9,365634.16,279,3.5,7860,145.72,6660.0,101.78
2025-11-26,Belo Horizonte,Operação A,13224,87.3,534086.03,472,3.57,12502,151.48,6117.82,105.78
2025-11-26,Belo Horizonte,Operação B,10907,73.0,464668.05,314,2.88,10454,149.41,6365.32,104.33
2025-11-26,Belo Horizonte,Operação C,9991,58.3,468716.43,231,2.32,8349,171.37,8039.73,119.67
2025-11-26,Campinas,Operação A,8056,54.2,367143.27,248,3.08,7755,148.63,6773.86,103.88
2025-11-26,Campinas,Operação B,10200,68.7,421747.1,418,4.1,9830,148.47,6138.97,103.76
2025-11-26,Campinas,Operação C,7307,50.4,326481.65,253,3.47,7216,144.98,6477.81,101.26
2025-11-27,São Paulo,Operação A,20386,131.2,907487.99,705,3.46,18815,155.38,6916.83,108.35
2025-11-27,São Paulo,Operação B,15729,108.6,678384.08,435,2.77,15573,144.83,6246.63,101.0
2025-11-27,São Paulo,Operação C,14734,97.5,735669.39,797,5.41,13975,151.12,7545.33,105.43
2025-11-27,Rio de Janeiro,Operação A,16236,109.1,620470.79,685,4.22,15637,148.82,5687.17,103.83
2025-11-27,Rio de Janeiro,Operação B,14092,91.7,689368.66,400,2.84,13143,153.68,7517.65,107.22
2025-11-27,Rio de Janeiro,Operação C,10622,72.9,481015.19,418,3.94,10452,145.71,6598.29,101.63
2025-11-27,Curitiba,Operação A,12261,78.6,456049.72,346,2.83,11268,155.99,5802.16,108.81
2025-11-27,Curitiba,Operação B,10394,73.0,473544.8,387,3.73,10464,142.38,6486.92,99.33
2025-11-27,Curitiba,Operação C,11254,77.3,467166.95,502,4.47,11082,145.59,6043.56,101.55
2025-11-27,Belo Horizonte,Operação A,13012,79.5,574653.03,210,1.62,11400,163.67,7228.34,114.14
2025-11-27,Belo Horizonte,Operação B,12285,77.9,562718.48,242,1.97,11174,157.7,7223.6,109.94
2025-11-27,Belo Horizonte,Operação C,8053,56.7,311131.8,394,4.89,8128,142.03,5487.33,99.08
2025-11-27,Campinas,Operação A,10438,70.6,461443.45,412,3.96,10128,147.85,6536.03,103.06
2025-11-27,Campinas,Operação B,6365,45.0,231360.4,243,3.82,6451,141.44,5141.34,98.67
2025-11-27,Campinas,Operação C,7726,52.1,260257.43,251,3.25,7469,148.29,4995.34,103.44
2025-11-28,São Paulo,Operação A,20481,125.7,919094.17,498,2.43,18040,162.94,7311.81,113.53
2025-11-28,São Paulo,Operação B,17348,111.3,720484.02,326,1.88,15978,155.87,6473.35,108.57
2025-11-28,São Paulo,Operação C,13773,96.9,597536.97,489,3.55,13905,142.14,6166.53,99.05
2025-11-28,Rio de Janeiro,Operação A,16834,114.5,706010.31,801,4.76,16435,147.02,6166.03,102.43
2025-11-28,Rio de Janeiro,Operação B,13419,85.6,552937.1,362,2.7,12286,156.76,6459.55,109.22
2025-11-28,Rio de Janeiro,Operação C,12345,79.4,585336.19,577,4.68,11395,155.48,7371.99,108.34
2025-11-28,Curitiba,Operação A,11433,82.8,465609.43,292,2.55,11886,138.08,5623.3,96.19
2025-11-28,Curitiba,Operação B,10464,72.3,469937.83,181,1.74,10375,144.73,6499.83,100.86
2025-11-28,Curitiba,Operação C,8420,59.8,393622.45,219,2.61,8585,140.8,6582.32,98.08
2025-11-28,Belo Horizonte,Operação A,12015,81.7,554758.62,477,3.98,11733,147.06,6790.19,102.4
2025-11-28,Belo Horizonte,Operação B,10058,70.5,347912.56,371,3.7,10126,142.67,4934.93,99.33
2025-11-28,Belo Horizonte,Operação C,8585,65.0,318204.94,317,3.7,9337,132.08,4895.46,91.95
2025-11-28,Campinas,Operação A,10090,73.1,400610.75,204,2.03,10492,138.03,5480.31,96.17
2025-11-28,Campinas,Operação B,9592,71.1,423669.41,333,3.47,10211,134.91,5958.78,93.94
2025-11-28,Campinas,Operação C,8847,63.1,373741.61,189,2.14,9064,140.21,5923.0,97.61
2025-11-29,São Paulo,Operação A,14200,104.3,495010.53,471,3.32,13191,136.15,4746.03,107.65
2025-11-29,São Paulo,Operação B,15069,109.6,592839.45,335,2.23,13858,137.49,5409.12,108.74
2025-11-29,São Paulo,Operação C,13405,93.8,527500.79,383,2.86,11858,142.91,5623.68,113.05
2025-11-29,Rio de Janeiro,Operação A,13599,100.1,637984.44,341,2.51,12654,135.85,6373.47,107.47
2025-11-29,Rio de Janeiro,Operação B,12123,79.7,500567.26,448,3.7,10081,152.11,6280.64,120.26
2025-11-29,Rio de Janeiro,Operação C,10074,74.5,461794.61,376,3.74,9426,135.22,6198.59,106.87
2025-11-29,Curitiba,Operação A,12393,97.1,507474.39,456,3.69,12274,127.63,5226.31,100.97
2025-11-29,Curitiba,Operação B,10230,77.1,377101.74,383,3.75,9745,132.68,4891.07,104.98
2025-11-29,Curitiba,Operação C,7813,62.3,329161.13,213,2.73,7882,125.41,5283.49,99.12
2025-11-29,Belo Horizonte,Operação A,7708,72.2,377606.82,304,3.94,9132,106.76,5230.01,84.41
2025-11-29,Belo Horizonte,Operação B,8581,68.9,261685.07,250,2.92,8711,124.54,3798.04,98.51
2025-11-29,Belo Horizonte,Operação C,9242,66.3,411908.25,335,3.63,8391,139.4,6212.79,110.14
2025-11-29,Campinas,Operação A,10195,79.9,472444.0,325,3.19,10099,127.6,5912.94,100.95
2025-11-29,Campinas,Operação B,6722,55.3,253701.82,270,4.03,6997,121.56,4587.74,96.07
2025-11-29,Campinas,Operação C,5931,48.9,266034.65,223,3.76,6187,121.29,5440.38,95.86
2025-11-30,São Paulo,Operação A,16890,124.6,658499.78,601,3.56,15779,135.55,5284.91,107.04
2025-11-30,São Paulo,Operação B,12656,103.4,475631.47,374,2.96,13090,122.4,4599.92,96.68
2025-11-30,São Paulo,Operação C,13273,104.5,622921.36,414,3.13,13227,127.01,5960.97,100.35
2025-11-30,Rio de Janeiro,Operação A,15296,110.0,700715.3,582,3.81,13923,139.05,6370.14,109.86
2025-11-30,Rio de Janeiro,Operação B,13410,99.8,655133.73,295,2.2,12642,134.37,6564.47,106.07
2025-11-30,Rio de Janeiro,Operação C,10917,81.8,417618.05,432,3.96,10359,133.46,5105.36,105.39
2025-11-30,Curitiba,Operação A,9294,74.4,316029.91,441,4.75,9426,124.92,4247.71,98.6
2025-11-30,Curitiba,Operação B,10877,72.2,491768.75,419,3.86,9139,150.65,6811.2,119.02
2025-11-30,Curitiba,Operação C,7377,60.8,325265.85,253,3.44,7704,121.33,5349.77,95.76
2025-11-30,Belo Horizonte,Operação A,8278,70.8,315931.4,410,4.96,8962,116.92,4462.31,92.37
2025-11-30,Belo Horizonte,Operação B,11307,85.2,481630.38,365,3.23,10787,132.71,5652.94,104.82
2025-11-30,Belo Horizonte,Operação C,7860,54.8,389025.24,218,2.79,6938,143.43,7099.0,113.29
2025-11-30,Campinas,Operação A,8889,70.1,358395.98,395,4.45,8882,126.8,5112.64,100.08
2025-11-30,Campinas,Operação B,7069,52.3,317489.66,239,3.39,6624,135.16,6070.55,106.72
2025-11-30,Campinas,Operação C,7981,60.4,374057.66,182,2.28,7644,132.14,6193.01,104.41
2025-12-01,São Paulo,Operação A,17099,115.4,535389.7,449,2.63,16631,148.17,4639.43,102.81
2025-12-01,São Paulo,Operação B,15368,96.8,602004.93,437,2.85,13947,158.76,6219.06,110.19
2025-12-01,São Paulo,Operação C,12663,95.9,426933.35,406,3.21,13819,132.04,4451.86,91.63
2025-12-01,Rio de Janeiro,Operação A,12559,93.6,556285.02,527,4.2,13484,134.18,5943.22,93.14
2025-12-01,Rio de Janeiro,Operação B,15356,95.7,721187.43,275,1.8,13791,160.46,7535.92,111.35
2025-12-01,Rio de Janeiro,Operação C,11831,82.5,461530.89,467,3.95,11890,143.41,5594.31,99.5
2025-12-01,Curitiba,Operação A,9504,72.8,423253.9,369,3.89,10482,130.55,5813.93,90.67
2025-12-01,Curitiba,Operação B,10444,74.8,469722.23,422,4.04,10770,139.63,6279.71,96.97
2025-12-01,Curitiba,Operação C,8953,65.5,360797.01,373,4.17,9442,136.69,5508.35,94.82
2025-12-01,Belo Horizonte,Operação A,13011,89.4,533468.02,438,3.37,12886,145.54,5967.2,100.97
2025-12-01,Belo Horizonte,Operação B,10229,71.6,311199.52,455,4.45,10319,142.86,4346.36,99.13
2025-12-01,Belo Horizonte,Operação C,10530,73.9,397332.56,357,3.39,10646,142.49,5376.62,98.91
2025-12-01,Campinas,Operação A,11054,69.4,466683.94,316,2.87,10000,159.28,6724.55,110.54
2025-12-01,Campinas,Operação B,8253,52.3,366417.07,358,4.35,7530,157.8,7006.06,109.6
2025-12-01,Campinas,Operação C,7955,47.3,278625.64,323,4.07,6820,168.18,5890.61,116.64
2025-12-02,São Paulo,Operação A,14716,104.5,709960.05,612,4.17,15075,140.82,6793.88,97.62
2025-12-02,São Paulo,Operação B,14174,98.7,601012.87,554,3.91,14234,143.61,6089.29,99.58
2025-12-02,São Paulo,Operação C,14280,99.0,507694.84,517,3.63,14275,144.24,5128.23,100.04
2025-12-02,Rio de Janeiro,Operação A,13620,100.5,588257.0,453,3.33,14501,135.52,5853.3,93.92
2025-12-02,Rio de Janeiro,Operação B,12903,92.3,567046.1,315,2.45,13321,139.79,6143.51,96.86
2025-12-02,Rio de Janeiro,Operação C,10781,73.6,527916.18,445,4.13,10614,146.48,7172.77,101.57
2025-12-02,Curitiba,Operação A,15141,92.4,854123.93,534,3.53,13330,163.86,9243.77,113.59
2025-12-02,Curitiba,Operação B,13367,83.7,614669.87,657,4.92,12080,159.7,7343.73,110.65
2025-12-02,Curitiba,Operação C,8920,62.0,386049.23,299,3.35,8945,143.87,6226.6,99.72
2025-12-02,Belo Horizonte,Operação A,13623,82.4,546110.83,443,3.26,11884,165.33,6627.56,114.63
2025-12-02,Belo Horizonte,Operação B,10402,70.9,357246.05,315,3.04,10230,146.71,5038.73,101.68
2025-12-02,Belo Horizonte,Operação C,10852,66.1,405664.32,279,2.57,9542,164.18,6137.13,113.73
2025-12-02,Campinas,Operação A,9037,70.9,363469.22,190,2.11,10232,127.46,5126.51,88.32
2025-12-02,Campinas,Operação B,10025,71.1,487328.65,440,4.39,10254,141.0,6854.13,97.77
2025-12-02,Campinas,Operação C,6838,49.6,281902.14,233,3.42,7154,137.86,5683.51,95.58
2025-12-03,São Paulo,Operação A,16978,120.3,763765.17,630,3.71,17375,141.13,6348.84,97.72
2025-12-03,São Paulo,Operação B,14197,100.1,585774.75,404,2.85,14460,141.83,5851.9,98.18
2025-12-03,São Paulo,Operação C,13604,90.6,585609.06,668,4.91,13087,150.15,6463.68,103.95
2025-12-03,Rio de Janeiro,Operação A,16422,102.8,704805.14,543,3.31,14848,159.75,6856.08,110.6
2025-12-03,Rio de Janeiro,Operação B,13283,89.4,572750.62,362,2.73,12907,148.58,6406.61,102.91
2025-12-03,Rio de Janeiro,Operação C,10788,69.1,491851.84,441,4.1,9983,156.12,7117.97,108.06
2025-12-03,Curitiba,Operação A,13517,86.0,606287.68,558,4.13,12415,157.17,7049.86,108.88
2025-12-03,Curitiba,Operação B,9339,67.8,377722.61,325,3.49,9790,137.74,5571.13,95.39
2025-12-03,Curitiba,Operação C,8200,63.3,400871.52,269,3.28,9135,129.54,6332.88,89.76
2025-12-03,Belo Horizonte,Operação A,13201,81.4,430618.08,407,3.09,11751,162.17,5290.15,112.34
2025-12-03,Belo Horizonte,Operação B,9763,67.0,403271.0,454,4.66,9675,145.72,6018.97,100.91
2025-12-03,Belo Horizonte,Operação C,10519,66.1,443780.63,250,2.38,9540,159.14,6713.78,110.26
2025-12-03,Campinas,Operação A,7485,56.2,325141.39,263,3.53,8112,133.19,5785.43,92.27
2025-12-03,Campinas,Operação B,8728,60.0,436809.22,248,2.84,8670,145.47,7280.15,100.67
2025-12-03,Campinas,Operação C,9048,60.6,377810.48,401,4.44,8755,149.31,6234.5,103.35
2025-12-04,São Paulo,Operação A,18824,128.1,850784.77,713,3.79,18527,146.95,6641.57,101.6
2025-12-04,São Paulo,Operação B,15544,102.6,610070.36,505,3.26,14831,151.5,5946.1,104.81
2025-12-04,São Paulo,Operação C,13684,86.1,569517.07,336,2.46,12457,158.93,6614.6,109.85
2025-12-04,Rio de Janeiro,Operação A,11442,98.7,457932.06,403,3.53,14269,115.93,4639.64,80.19
2025-12-04,Rio de Janeiro,Operação B,15185,89.2,672689.79,595,3.92,12907,170.24,7541.37,117.65
2025-12-04,Rio de Janeiro,Operação C,9884,67.9,395887.3,283,2.87,9815,145.57,5830.45,100.7
2025-12-04,Curitiba,Operação A,10347,79.3,381768.99,434,4.2,11464,130.48,4814.24,90.26
2025-12-04,Curitiba,Operação B,10493,72.8,440478.88,465,4.43,10528,144.13,6050.53,99.67
2025-12-04,Curitiba,Operação C,10077,65.0,389109.05,302,3.01,9396,155.03,5986.29,107.25
2025-12-04,Belo Horizonte,Operação A,13984,82.6,667303.89,554,3.97,11950,169.3,8078.74,117.02
2025-12-04,Belo Horizonte,Operação B,11611,70.8,524570.04,193,1.67,10233,164.0,7409.18,113.47
2025-12-04,Belo Horizonte,Operação C,8254,54.0,287669.48,229,2.78,7803,152.85,5327.21,105.78
2025-12-04,Campinas,Operação A,9660,65.8,394613.7,315,3.27,9519,146.81,5997.17,101.48
2025-12-04,Campinas,Operação B,9867,67.3,399233.42,238,2.42,9729,146.61,5932.15,101.42
2025-12-04,Campinas,Operação C,8728,61.3,328625.6,320,3.67,8863,142.38,5360.94,98.48
2025-12-05,São Paulo,Operação A,16214,112.5,697750.69,525,3.24,16291,144.12,6202.23,99.53
2025-12-05,São Paulo,Operação B,17665,118.7,785586.45,343,1.95,17185,148.82,6618.25,102.79
2025-12-05,São Paulo,Operação C,11637,84.2,444329.53,445,3.83,12189,138.21,5277.07,95.47
2025-12-05,Rio de Janeiro,Operação A,17006,111.0,698834.73,509,3.0,16070,153.21,6295.81,105.82
2025-12-05,Rio de Janeiro,Operação B,16789,98.0,714207.8,713,4.25,14190,171.32,7287.83,118.32
2025-12-05,Rio de Janeiro,Operação C,12884,81.8,481111.92,400,3.11,11842,157.51,5881.56,108.8
2025-12-05,Curitiba,Operação A,14226,87.6,550936.89,266,1.87,12690,162.4,6289.23,112.1
2025-12-05,Curitiba,Operação B,11264,70.3,401724.0,288,2.56,10181,160.23,5714.42,110.64
2025-12-05,Curitiba,Operação C,9800,66.0,434903.09,246,2.52,9562,148.48,6589.44,102.49
2025-12-05,Belo Horizonte,Operação A,12628,77.9,470120.43,591,4.68,11277,162.11,6034.92,111.98
2025-12-05,Belo Horizonte,Operação B,9865,62.2,399613.06,254,2.58,9011,158.6,6424.65,109.48
2025-12-05,Belo Horizonte,Operação C,8987,57.9,377207.61,394,4.39,8378,155.22,6514.81,107.27
2025-12-05,Campinas,Operação A,11085,80.8,409867.03,272,2.46,11696,137.19,5072.61,94.78
2025-12-05,Campinas,Operação B,8899,55.2,393704.64,272,3.06,7994,161.21,7132.33,111.32
2025-12-05,Campinas,Operação C,8881,54.0,440782.18,329,3.71,7825,164.46,8162.63,113.5
2025-12-06,São Paulo,Operação A,13359,99.3,611027.2,491,3.68,12665,134.53,6153.35,105.48
2025-12-06,São Paulo,Operação B,14539,107.6,538835.96,405,2.79,13727,135.12,5007.77,105.92
2025-12-06,São Paulo,Operação C,12461,88.0,485187.27,481,3.86,11222,141.6,5513.49,111.04
2025-12-06,Rio de Janeiro,Operação A,15506,105.9,648666.85,325,2.1,13506,146.42,6125.28,114.81
2025-12-06,Rio de Janeiro,Operação B,14358,94.7,643949.6,412,2.87,12086,151.62,6799.89,118.8
2025-12-06,Rio de Janeiro,Operação C,8835,71.8,441867.04,286,3.24,9161,123.05,6154.14,96.44
2025-12-06,Curitiba,Operação A,10461,80.2,426101.34,497,4.75,10237,130.44,5312.98,102.19
2025-12-06,Curitiba,Operação B,9520,66.7,404489.27,425,4.47,8510,142.73,6064.31,111.87
2025-12-06,Curitiba,Operação C,10082,76.0,410738.11,358,3.55,9700,132.66,5404.45,103.94
2025-12-06,Belo Horizonte,Operação A,9265,79.5,446664.92,342,3.7,10142,116.54,5618.43,91.35
2025-12-06,Belo Horizonte,Operação B,6941,61.6,226898.53,285,4.12,7854,112.68,3683.42,88.38
2025-12-06,Belo Horizonte,Operação C,7276,57.0,319799.24,224,3.09,7273,127.65,5610.51,100.04
2025-12-06,Campinas,Operação A,9894,74.6,412218.49,221,2.24,9512,132.63,5525.72,104.02
2025-12-06,Campinas,Operação B,7662,55.8,300901.4,342,4.46,7114,137.31,5392.5,107.7
2025-12-06,Campinas,Operação C,9728,70.5,466665.07,396,4.08,9001,137.99,6619.36,108.08
2025-12-07,São Paulo,Operação A,15279,114.1,764764.12,470,3.08,14581,133.91,6702.58,104.79
2025-12-07,São Paulo,Operação B,11573,95.2,475996.13,312,2.7,12165,121.57,4999.96,95.13
2025-12-07,São Paulo,Operação C,13658,101.9,626723.35,445,3.26,13021,134.03,6150.38,104.89
2025-12-07,Rio de Janeiro,Operação A,11482,95.7,440541.76,433,3.78,12232,119.98,4603.36,93.87
2025-12-07,Rio de Janeiro,Operação B,12911,93.8,465380.99,451,3.5,11988,137.64,4961.42,107.7
2025-12-07,Rio de Janeiro,Operação C,9798,72.2,430291.99,251,2.56,9223,135.71,5959.72,106.23
2025-12-07,Curitiba,Operação A,14079,91.6,638332.61,474,3.37,11708,153.7,6968.7,120.25
2025-12-07,Curitiba,Operação B,9312,71.6,362768.19,344,3.7,9145,130.06,5066.59,101.83
2025-12-07,Curitiba,Operação C,6526,57.0,279824.48,229,3.52,7279,114.49,4909.2,89.66
2025-12-07,Belo Horizonte,Operação A,9151,76.2,394947.79,247,2.71,9729,120.09,5183.04,94.06
2025-12-07,Belo Horizonte,Operação B,10194,68.7,454700.91,245,2.4,8780,148.38,6618.64,116.1
2025-12-07,Belo Horizonte,Operação C,6992,52.4,255199.03,132,1.9,6696,133.44,4870.21,104.42
2025-12-07,Campinas,Operação A,10049,74.5,440170.25,372,3.71,9511,134.89,5908.33,105.66
2025-12-07,Campinas,Operação B,7685,61.0,338635.99,363,4.72,7798,125.98,5551.41,98.55
2025-12-07,Campinas,Operação C,6204,50.6,232398.88,174,2.81,6466,122.61,4592.86,95.95
2025-12-08,São Paulo,Operação A,15236,119.3,666676.8,611,4.02,17341,127.71,5588.24,87.86
2025-12-08,São Paulo,Operação B,12580,89.9,532369.55,425,3.39,13070,139.93,5921.8,96.25
2025-12-08,São Paulo,Operação C,13956,93.8,656756.49,452,3.24,13641,148.78,7001.67,102.31
2025-12-08,Rio de Janeiro,Operação A,13465,96.8,605142.33,474,3.52,14079,139.1,6251.47,95.64
2025-12-08,Rio de Janeiro,Operação B,14826,94.6,502906.82,383,2.59,13757,156.72,5316.14,107.77
2025-12-08,Rio de Janeiro,Operação C,10230,72.2,412459.06,439,4.3,10500,141.69,5712.73,97.43
2025-12-08,Curitiba,Operação A,13721,93.3,562490.7,402,2.94,13557,147.06,6028.84,101.21
2025-12-08,Curitiba,Operação B,11338,74.4,512771.28,469,4.14,10819,152.39,6892.09,104.8
2025-12-08,Curitiba,Operação C,7256,48.8,344924.12,228,3.15,7098,148.69,7068.12,102.23
2025-12-08,Belo Horizonte,Operação A,12954,88.1,553131.83,335,2.59,12811,147.04,6278.45,101.12
2025-12-08,Belo Horizonte,Operação B,9787,62.0,445575.42,344,3.52,9013,157.85,7186.7,108.59
2025-12-08,Belo Horizonte,Operação C,7947,52.7,373738.98,388,4.89,7667,150.8,7091.82,103.65
2025-12-08,Campinas,Operação A,9095,68.5,412562.43,298,3.28,9959,132.77,6022.81,91.32
2025-12-08,Campinas,Operação B,10431,68.1,401241.18,369,3.55,9900,153.17,5891.94,105.36
2025-12-08,Campinas,Operação C,9406,63.3,356118.49,209,2.23,9198,148.59,5625.88,102.26
2025-12-09,São Paulo,Operação A,16431,112.5,743995.62,427,2.6,16371,146.05,6613.29,100.37
2025-12-09,São Paulo,Operação B,15457,113.4,793345.12,754,4.88,16503,136.31,6995.99,93.66
2025-12-09,São Paulo,Operação C,12134,91.2,506937.94,387,3.19,13273,133.05,5558.53,91.42
2025-12-09,Rio de Janeiro,Operação A,14551,94.8,563202.68,426,2.93,13800,153.49,5940.96,105.44
2025-12-09,Rio de Janeiro,Operação B,12815,88.8,644756.31,393,3.07,12922,144.31,7260.77,99.17
2025-12-09,Rio de Janeiro,Operação C,12529,82.5,543896.43,481,3.84,12003,151.87,6592.68,104.38
2025-12-09,Curitiba,Operação A,13949,91.0,598406.29,494,3.55,13252,153.29,6575.89,105.26
2025-12-09,Curitiba,Operação B,10255,72.8,428213.18,378,3.69,10601,140.87,5882.05,96.74
2025-12-09,Curitiba,Operação C,10320,67.8,423823.62,356,3.45,9863,152.21,6251.09,104.63
2025-12-09,Belo Horizonte,Operação A,11725,76.3,482079.09,427,3.64,11103,153.67,6318.21,105.6
2025-12-09,Belo Horizonte,Operação B,10964,76.7,486656.67,386,3.53,11165,142.95,6344.94,98.2
2025-12-09,Belo Horizonte,Operação C,11182,75.5,500737.32,392,3.51,10987,148.11,6632.28,101.77
2025-12-09,Campinas,Operação A,8841,61.0,402458.98,278,3.15,8880,144.93,6597.69,99.56
2025-12-09,Campinas,Operação B,6897,46.0,259538.63,248,3.61,6689,149.93,5642.14,103.11
2025-12-09,Campinas,Operação C,10300,65.0,495910.22,314,3.05,9458,158.46,7629.39,108.9
2025-12-10,São Paulo,Operação A,16315,116.9,640589.32,450,2.76,17034,139.56,5479.81,95.78
2025-12-10,São Paulo,Operação B,15404,93.4,518069.77,707,4.6,13606,164.93,5546.79,113.21
2025-12-10,São Paulo,Operação C,15420,98.9,578897.19,344,2.23,14418,155.92,5853.36,106.95
2025-12-10,Rio de Janeiro,Operação A,15703,99.9,659718.43,418,2.67,14559,157.19,6603.79,107.86
2025-12-10,Rio de Janeiro,Operação B,16540,98.2,679688.2,593,3.59,14318,168.43,6921.47,115.52
2025-12-10,Rio de Janeiro,Operação C,10063,68.8,443192.23,380,3.78,10030,146.26,6441.75,100.33
2025-12-10,Curitiba,Operação A,12012,81.3,483016.42,393,3.28,11852,147.75,5941.16,101.35
2025-12-10,Curitiba,Operação B,9969,76.8,415733.24,376,3.78,11188,129.8,5413.19,89.1
2025-12-10,Curitiba,Operação C,8872,61.0,356640.4,276,3.12,8883,145.44,5846.56,99.88
2025-12-10,Belo Horizonte,Operação A,12187,80.2,409458.13,490,4.02,11689,151.96,5105.46,104.26
2025-12-10,Belo Horizonte,Operação B,11571,67.7,430827.74,324,2.81,9863,170.92,6363.78,117.32
2025-12-10,Belo Horizonte,Operação C,9285,59.9,317518.5,263,2.84,8733,155.01,5300.81,106.32
2025-12-10,Campinas,Operação A,10527,74.9,499823.07,330,3.14,10911,140.55,6673.21,96.48
2025-12-10,Campinas,Operação B,8669,55.2,419843.74,332,3.83,8046,157.05,7605.86,107.74
2025-12-10,Campinas,Operação C,10592,62.9,405806.69,450,4.25,9174,168.39,6451.62,115.46
2025-12-11,São Paulo,Operação A,16649,107.2,694508.51,748,4.49,15647,155.31,6478.62,106.4
2025-12-11,São Paulo,Operação B,17361,110.7,749886.03,678,3.91,16157,156.83,6774.04,107.45
2025-12-11,São Paulo,Operação C,13610,90.6,650153.96,646,4.75,13227,150.22,7176.09,102.9
2025-12-11,Rio de Janeiro,Operação A,15752,102.7,666728.93,348,2.21,14994,153.38,6492.01,105.06
2025-12-11,Rio de Janeiro,Operação B,14731,87.8,574522.21,764,5.19,12820,167.78,6543.53,114.91
2025-12-11,Rio de Janeiro,Operação C,13579,87.6,600780.76,375,2.77,12782,155.01,6858.23,106.24
2025-12-11,Curitiba,Operação A,13782,83.0,544966.23,599,4.35,12115,166.05,6565.86,113.76
2025-12-11,Curitiba,Operação B,8864,64.2,439703.49,309,3.49,9364,138.07,6848.96,94.66
2025-12-11,Curitiba,Operação C,10106,61.2,474813.09,428,4.24,8928,165.13,7758.38,113.19
2025-12-11,Belo Horizonte,Operação A,11256,76.2,486782.78,456,4.06,11116,147.72,6388.23,101.26
2025-12-11,Belo Horizonte,Operação B,10094,66.1,434744.19,457,4.53,9653,152.71,6577.07,104.57
2025-12-11,Belo Horizonte,Operação C,8987,66.6,369774.42,247,2.76,9722,134.94,5552.17,92.44
2025-12-11,Campinas,Operação A,11994,74.7,508620.25,394,3.29,10902,160.56,6808.84,110.02
2025-12-11,Campinas,Operação B,9484,62.0,374045.18,239,2.53,9046,152.97,6032.99,104.84
2025-12-11,Campinas,Operação C,7388,45.0,324964.62,280,3.79,6567,164.18,7221.44,112.5
2025-12-12,São Paulo,Operação A,17456,126.7,611963.31,664,3.81,18521,137.77,4830.02,94.25
2025-12-12,São Paulo,Operação B,13875,104.6,602703.42,441,3.18,15279,132.65,5761.98,90.81
2025-12-12,São Paulo,Operação C,12470,84.6,401956.55,377,3.03,12356,147.4,4751.26,100.92
2025-12-12,Rio de Janeiro,Operação A,15502,98.8,641272.47,621,4.01,14439,156.9,6490.61,107.36
2025-12-12,Rio de Janeiro,Operação B,10284,72.4,454799.49,334,3.25,10574,142.04,6281.76,97.26
2025-12-12,Rio de Janeiro,Operação C,11253,85.3,505534.76,336,2.99,12465,131.92,5926.55,90.28
2025-12-12,Curitiba,Operação A,12873,79.7,600494.61,557,4.33,11650,161.52,7534.44,110.5
2025-12-12,Curitiba,Operação B,14479,88.1,562049.49,523,3.61,12871,164.35,6379.68,112.49
2025-12-12,Curitiba,Operação C,10765,62.4,499705.7,360,3.35,9122,172.52,8008.1,118.01
2025-12-12,Belo Horizonte,Operação A,11908,86.3,512056.47,327,2.75,12612,137.98,5933.45,94.42
2025-12-12,Belo Horizonte,Operação B,9220,57.9,420748.84,356,3.87,8458,159.24,7266.82,109.01
2025-12-12,Belo Horizonte,Operação C,8265,60.1,308735.87,225,2.72,8776,137.52,5137.04,94.18
2025-12-12,Campinas,Operação A,11219,69.1,518784.7,244,2.18,10097,162.36,7507.74,111.11
2025-12-12,Campinas,Operação B,8123,56.6,258909.8,321,3.95,8278,143.52,4574.38,98.13
2025-12-12,Campinas,Operação C,7850,52.4,371960.35,280,3.57,7657,149.81,7098.48,102.52
2025-12-13,São Paulo,Operação A,15896,114.9,734959.31,594,3.74,14791,138.35,6396.51,107.47
2025-12-13,São Paulo,Operação B,14136,107.3,589083.44,507,3.59,13821,131.74,5490.06,102.28
2025-12-13,São Paulo,Operação C,10852,84.9,515595.0,554,5.11,10937,127.82,6072.97,99.22
2025-12-13,Rio de Janeiro,Operação A,13870,114.9,503766.3,353,2.55,14793,120.71,4384.39,93.76
2025-12-13,Rio de Janeiro,Operação B,9743,91.1,386259.23,450,4.63,11737,106.95,4239.95,83.01
2025-12-13,Rio de Janeiro,Operação C,11068,86.3,445670.49,437,3.95,11107,128.25,5164.2,99.65
2025-12-13,Curitiba,Operação A,11711,91.4,480883.36,356,3.05,11772,128.13,5261.31,99.48
2025-12-13,Curitiba,Operação B,8448,64.5,344816.02,210,2.49,8303,130.98,5345.98,101.75
2025-12-13,Curitiba,Operação C,9556,69.5,427945.19,275,2.89,8945,137.5,6157.48,106.83
2025-12-13,Belo Horizonte,Operação A,9107,66.3,358301.7,253,2.79,8534,137.36,5404.25,106.71
2025-12-13,Belo Horizonte,Operação B,7948,60.9,383962.39,246,3.1,7842,130.51,6304.8,101.35
2025-12-13,Belo Horizonte,Operação C,7473,53.7,319031.7,134,1.8,6916,139.16,5941.0,108.05
2025-12-13,Campinas,Operação A,11522,75.4,364070.5,289,2.51,9705,152.81,4828.52,118.72
2025-12-13,Campinas,Operação B,5956,45.0,273746.96,213,3.58,5795,132.36,6083.27,102.78
2025-12-13,Campinas,Operação C,8992,63.9,438886.83,398,4.43,8224,140.72,6868.34,109.34
2025-12-14,São Paulo,Operação A,15402,115.1,593366.55,510,3.32,14836,133.81,5155.23,103.82
2025-12-14,São Paulo,Operação B,13634,102.9,645829.14,441,3.24,13273,132.5,6276.28,102.72
2025-12-14,São Paulo,Operação C,10471,83.7,467220.22,248,2.38,10790,125.1,5582.08,97.04
2025-12-14,Rio de Janeiro,Operação A,14901,102.3,643282.04,512,3.44,13194,145.66,6288.19,112.94
2025-12-14,Rio de Janeiro,Operação B,11122,89.9,428991.79,371,3.34,11599,123.72,4771.88,95.89
2025-12-14,Rio de Janeiro,Operação C,11548,81.3,489291.56,529,4.58,10480,142.04,6018.35,110.19
2025-12-14,Curitiba,Operação A,13519,96.1,634040.09,366,2.71,12393,140.68,6597.71,109.09
2025-12-14,Curitiba,Operação B,9079,65.8,332610.62,296,3.27,8479,137.98,5054.87,107.08
2025-12-14,Curitiba,Operação C,10300,70.3,422126.32,306,2.98,9070,146.51,6004.64,113.56
2025-12-14,Belo Horizonte,Operação A,10154,82.4,419430.11,354,3.49,10625,123.23,5090.17,95.57
2025-12-14,Belo Horizonte,Operação B,9318,69.5,360251.96,271,2.92,8962,134.07,5183.48,103.97
2025-12-14,Belo Horizonte,Operação C,6628,56.1,287438.61,279,4.22,7235,118.15,5123.68,91.61
2025-12-14,Campinas,Operação A,9980,76.3,386784.67,408,4.1,9839,130.8,5069.26,101.43
2025-12-14,Campinas,Operação B,8924,66.0,437072.93,310,3.48,8507,135.21,6622.32,104.9
2025-12-14,Campinas,Operação C,6776,52.3,242285.97,273,4.03,6747,129.56,4632.62,100.43
2025-12-15,São Paulo,Operação A,18395,117.1,908115.38,586,3.19,17188,157.09,7755.04,107.02
2025-12-15,São Paulo,Operação B,13500,86.1,576010.41,393,2.91,12638,156.79,6690.02,106.82
2025-12-15,São Paulo,Operação C,14874,93.0,568388.5,484,3.26,13643,159.94,6111.7,109.02
2025-12-15,Rio de Janeiro,Operação A,16422,114.1,694103.4,229,1.4,16737,143.93,6083.29,98.12
2025-12-15,Rio de Janeiro,Operação B,12237,79.8,574061.55,294,2.41,11713,153.35,7193.75,104.47
2025-12-15,Rio de Janeiro,Operação C,11796,79.9,540402.51,297,2.53,11723,147.63,6763.49,100.62
2025-12-15,Curitiba,Operação A,12715,87.9,545373.71,452,3.56,12895,144.65,6204.48,98.6
2025-12-15,Curitiba,Operação B,11288,72.0,476067.01,383,3.39,10570,156.78,6612.04,106.79
2025-12-15,Curitiba,Operação C,9520,62.4,408295.42,257,2.71,9163,152.56,6543.2,103.9
2025-12-15,Belo Horizonte,Operação A,10912,77.7,456564.83,330,3.03,11402,140.44,5876.0,95.7
2025-12-15,Belo Horizonte,Operação B,11922,75.1,456719.97,417,3.5,11019,158.75,6081.49,108.19
2025-12-15,Belo Horizonte,Operação C,9855,65.8,385203.67,258,2.63,9656,149.77,5854.16,102.06
2025-12-15,Campinas,Operação A,12365,76.7,509044.91,508,4.11,11255,161.21,6636.83,109.86
2025-12-15,Campinas,Operação B,7457,45.0,308512.65,269,3.61,6603,165.71,6855.84,112.93
2025-12-15,Campinas,Operação C,8634,51.9,325994.57,404,4.68,7612,166.36,6281.21,113.43
2025-12-16,São Paulo,Operação A,19117,120.6,777740.39,469,2.45,17727,158.52,6448.93,107.84
2025-12-16,São Paulo,Operação B,16912,109.0,802415.1,565,3.34,16017,155.16,7361.61,105.59
2025-12-16,São Paulo,Operação C,14537,87.3,721726.82,509,3.51,12822,166.52,8267.2,113.38
2025-12-16,Rio de Janeiro,Operação A,15797,98.5,647422.95,628,3.98,14467,160.38,6572.82,109.19
2025-12-16,Rio de Janeiro,Operação B,14889,88.4,583679.2,578,3.88,12986,168.43,6602.71,114.65
2025-12-16,Rio de Janeiro,Operação C,11305,76.0,456176.84,462,4.09,11160,148.75,6002.33,101.3
2025-12-16,Curitiba,Operação A,14403,91.3,598704.86,520,3.61,13415,157.75,6557.56,107.36
2025-12-16,Curitiba,Operação B,12950,80.1,404543.72,425,3.28,11767,161.67,5050.48,110.05
2025-12-16,Curitiba,Operação C,10073,63.4,420375.67,410,4.08,9311,158.88,6630.53,108.18
2025-12-16,Belo Horizonte,Operação A,11224,72.6,511823.63,260,2.32,10668,154.6,7049.91,105.21
2025-12-16,Belo Horizonte,Operação B,14359,87.3,603155.73,407,2.84,12826,164.48,6909.0,111.95
2025-12-16,Belo Horizonte,Operação C,9180,60.1,401741.13,431,4.7,8832,152.75,6684.54,103.94
2025-12-16,Campinas,Operação A,10635,67.4,391690.06,337,3.17,9902,157.79,5811.43,107.4
2025-12-16,Campinas,Operação B,10209,64.1,398019.0,321,3.15,9424,159.27,6209.34,108.33
2025-12-16,Campinas,Operação C,10564,64.3,452496.57,180,1.71,9454,164.29,7037.27,111.74
2025-12-17,São Paulo,Operação A,20565,135.5,838018.23,633,3.08,19929,151.77,6184.64,103.19
2025-12-17,São Paulo,Operação B,16417,105.1,751939.83,452,2.76,15469,156.2,7154.52,106.13
2025-12-17,São Paulo,Operação C,15283,88.0,655615.67,513,3.36,12949,173.67,7450.18,118.02
2025-12-17,Rio de Janeiro,Operação A,15292,97.1,705329.32,642,4.2,14292,157.49,7263.95,107.0
2025-12-17,Rio de Janeiro,Operação B,13778,88.4,670804.49,600,4.36,13005,155.86,7588.29,105.94
2025-12-17,Rio de Janeiro,Operação C,9231,73.9,398660.03,382,4.14,10871,124.91,5394.59,84.91
2025-12-17,Curitiba,Operação A,11737,77.2,480573.86,420,3.58,11365,152.03,6225.05,103.27
2025-12-17,Curitiba,Operação B,11602,70.0,494150.94,324,2.8,10297,165.74,7059.3,112.67
2025-12-17,Curitiba,Operação C,9890,71.4,466194.6,424,4.29,10500,138.52,6529.34,94.19
2025-12-17,Belo Horizonte,Operação A,13514,89.9,540770.06,482,3.57,13225,150.32,6015.24,102.19
2025-12-17,Belo Horizonte,Operação B,10027,69.1,398929.28,321,3.21,10168,145.11,5773.22,98.61
2025-12-17,Belo Horizonte,Operação C,8463,53.1,353675.64,275,3.25,7819,159.38,6660.56,108.24
2025-12-17,Campinas,Operação A,8793,63.0,437395.97,263,3.0,9262,139.57,6942.79,94.94
2025-12-17,Campinas,Operação B,10114,65.8,312514.98,499,4.93,9677,153.71,4749.47,104.52
2025-12-17,Campinas,Operação C,8475,58.9,354988.38,218,2.58,8667,143.89,6026.97,97.78
2025-12-18,São Paulo,Operação A,18628,130.7,743399.97,543,2.92,19250,142.52,5687.83,96.77
2025-12-18,São Paulo,Operação B,17196,103.1,845312.33,546,3.18,15184,166.79,8198.96,113.25
2025-12-18,São Paulo,Operação C,14216,92.8,541253.77,773,5.44,13679,153.19,5832.48,103.93
2025-12-18,Rio de Janeiro,Operação A,17473,113.3,844426.48,780,4.47,16688,154.22,7453.01,104.7
2025-12-18,Rio de Janeiro,Operação B,14135,90.8,679165.61,387,2.74,13374,155.67,7479.8,105.69
2025-12-18,Rio de Janeiro,Operação C,13650,91.1,656547.35,477,3.5,13421,149.84,7206.89,101.71
2025-12-18,Curitiba,Operação A,13249,87.2,528272.42,435,3.28,12852,151.94,6058.17,103.09
2025-12-18,Curitiba,Operação B,10647,83.5,394408.92,310,2.92,12295,127.51,4723.46,86.6
2025-12-18,Curitiba,Operação C,9662,57.4,454410.7,383,3.97,8456,168.33,7916.56,114.26
2025-12-18,Belo Horizonte,Operação A,12600,75.7,449158.25,656,5.21,11151,166.45,5933.4,112.99
2025-12-18,Belo Horizonte,Operação B,9700,64.9,390741.46,256,2.64,9563,149.46,6020.67,101.43
2025-12-18,Belo Horizonte,Operação C,12018,74.8,563186.1,302,2.52,11022,160.67,7529.23,109.04
2025-12-18,Campinas,Operação A,11360,72.0,489423.18,292,2.57,10607,157.78,6797.54,107.1
2025-12-18,Campinas,Operação B,10598,69.0,404633.16,213,2.02,10170,153.59,5864.25,104.21
2025-12-18,Campinas,Operação C,10410,58.4,394944.81,378,3.64,8599,178.25,6762.75,121.06
2025-12-19,São Paulo,Operação A,17453,125.6,699519.26,490,2.81,18538,138.96,5569.42,94.15
2025-12-19,São Paulo,Operação B,18225,109.4,777043.74,515,2.83,16139,166.59,7102.78,112.93
2025-12-19,São Paulo,Operação C,12692,87.1,483450.01,433,3.42,12850,145.72,5550.52,98.77
2025-12-19,Rio de Janeiro,Operação A,16991,107.8,713062.5,602,3.55,15897,157.62,6614.68,106.88
2025-12-19,Rio de Janeiro,Operação B,12423,89.6,529723.42,376,3.03,13223,138.65,5912.09,93.95
2025-12-19,Rio de Janeiro,Operação C,10940,69.9,432710.69,402,3.68,10319,156.51,6190.42,106.02
2025-12-19,Curitiba,Operação A,12922,90.8,547485.56,265,2.05,13397,142.31,6029.58,96.45
2025-12-19,Curitiba,Operação B,11660,84.5,465708.81,532,4.57,12471,137.99,5511.35,93.5
2025-12-19,Curitiba,Operação C,8841,63.3,396539.12,358,4.05,9339,139.67,6264.44,94.67
2025-12-19,Belo Horizonte,Operação A,11120,75.7,447673.01,370,3.33,11172,146.9,5913.78,99.53
2025-12-19,Belo Horizonte,Operação B,8496,56.4,417456.54,236,2.78,8328,150.64,7401.71,102.02
2025-12-19,Belo Horizonte,Operação C,8005,57.3,355811.42,357,4.46,8446,139.7,6209.62,94.78
2025-12-19,Campinas,Operação A,10990,79.0,483550.84,510,4.65,11653,139.11,6120.9,94.31
2025-12-19,Campinas,Operação B,10252,65.1,411242.88,376,3.68,9599,157.48,6317.09,106.8
2025-12-19,Campinas,Operação C,9790,62.8,362297.56,306,3.14,9261,155.89,5769.07,105.71
2025-12-20,São Paulo,Operação A,17359,126.3,737345.19,530,3.06,16425,137.44,5838.05,105.69
2025-12-20,São Paulo,Operação B,16620,110.8,782016.81,773,4.65,14407,150.0,7057.91,115.36
2025-12-20,São Paulo,Operação C,11368,87.7,470346.67,401,3.53,11400,129.62,5363.13,99.72
2025-12-20,Rio de Janeiro,Operação A,16528,113.7,729775.29,389,2.36,14788,145.36,6418.43,111.77
2025-12-20,Rio de Janeiro,Operação B,10707,78.4,487393.91,367,3.44,10190,136.57,6216.76,105.07
2025-12-20,Rio de Janeiro,Operação C,11520,92.8,428159.14,341,2.97,12062,124.14,4613.78,95.51
2025-12-20,Curitiba,Operação A,11137,80.0,448967.58,251,2.26,10394,139.21,5612.09,107.15
2025-12-20,Curitiba,Operação B,9428,80.0,355578.22,207,2.2,10406,117.85,4444.73,90.6
2025-12-20,Curitiba,Operação C,9035,66.4,448730.66,382,4.23,8632,136.07,6757.99,104.67
2025-12-20,Belo Horizonte,Operação A,12369,90.2,471163.32,445,3.6,11733,137.13,5223.54,105.42
2025-12-20,Belo Horizonte,Operação B,10409,73.8,417508.65,405,3.89,9601,141.04,5657.3,108.42
2025-12-20,Belo Horizonte,Operação C,6825,54.8,256189.08,240,3.52,7125,124.54,4674.98,95.79
2025-12-20,Campinas,Operação A,8144,62.5,371461.41,217,2.68,8123,130.3,5943.38,100.26
2025-12-20,Campinas,Operação B,7827,58.0,336463.54,242,3.1,7536,134.95,5801.1,103.86
2025-12-20,Campinas,Operação C,8341,59.6,388352.18,286,3.43,7752,139.95,6515.98,107.6
2025-12-21,São Paulo,Operação A,14640,114.3,632859.53,468,3.2,14878,128.08,5536.83,98.4
2025-12-21,São Paulo,Operação B,12837,98.5,504047.86,469,3.66,12825,130.32,5117.24,100.09
2025-12-21,São Paulo,Operação C,11033,80.3,493243.45,334,3.04,10455,137.4,6142.51,105.53
2025-12-21,Rio de Janeiro,Operação A,15784,117.2,564351.05,516,3.28,15256,134.68,4815.28,103.46
2025-12-21,Rio de Janeiro,Operação B,12576,90.6,515242.21,338,2.69,11800,138.81,5687.0,106.58
2025-12-21,Rio de Janeiro,Operação C,9205,71.7,366072.71,238,2.59,9336,128.38,5105.62,98.6
2025-12-21,Curitiba,Operação A,11222,79.7,545317.95,460,4.1,10381,140.8,6842.13,108.1
2025-12-21,Curitiba,Operação B,11918,82.9,540272.99,384,3.23,10798,143.76,6517.17,110.37
2025-12-21,Curitiba,Operação C,8608,65.9,353991.7,305,3.55,8583,130.62,5371.65,100.29
2025-12-21,Belo Horizonte,Operação A,11794,85.1,487713.54,418,3.54,11085,138.59,5731.06,106.4
2025-12-21,Belo Horizonte,Operação B,10242,72.7,367933.81,270,2.64,9469,140.88,5060.99,108.16
2025-12-21,Belo Horizonte,Operação C,9254,69.1,372970.38,304,3.29,8994,133.92,5397.55,102.89
2025-12-21,Campinas,Operação A,9628,68.9,361704.07,338,3.52,8967,139.74,5249.7,107.37
2025-12-21,Campinas,Operação B,8741,63.2,374914.22,342,3.91,8231,138.31,5932.19,106.2
2025-12-21,Campinas,Operação C,6297,50.1,326361.03,205,3.26,6524,125.69,6514.19,96.52
2025-12-22,São Paulo,Operação A,18694,116.6,904497.17,572,3.06,17271,160.33,7757.27,108.24
2025-12-22,São Paulo,Operação B,13349,95.5,645723.5,356,2.67,14149,139.78,6761.5,94.35
2025-12-22,São Paulo,Operação C,12836,90.0,464747.61,419,3.27,13334,142.62,5163.86,96.27
2025-12-22,Rio de Janeiro,Operação A,14154,97.2,708045.65,543,3.84,14394,145.62,7284.42,98.33
2025-12-22,Rio de Janeiro,Operação B,15661,96.7,651443.67,493,3.15,14328,161.95,6736.75,109.3
2025-12-22,Rio de Janeiro,Operação C,12564,81.1,499102.11,452,3.6,12017,154.92,6154.16,104.55
2025-12-22,Curitiba,Operação A,12088,79.9,491484.37,300,2.48,11840,151.29,6151.24,102.09
2025-12-22,Curitiba,Operação B,8201,57.3,403623.85,266,3.25,8495,143.12,7044.05,96.54
2025-12-22,Curitiba,Operação C,9171,70.4,348194.03,221,2.42,10426,130.27,4945.94,87.96
2025-12-22,Belo Horizonte,Operação A,14097,78.7,618025.95,684,4.86,11665,179.12,7852.93,120.85
2025-12-22,Belo Horizonte,Operação B,11390,67.9,572837.58,388,3.41,10062,167.75,8436.49,113.2
2025-12-22,Belo Horizonte,Operação C,7998,57.6,326028.54,285,3.57,8527,138.85,5660.22,93.8
2025-12-22,Campinas,Operação A,11824,84.9,499429.77,242,2.05,12583,139.27,5882.57,93.97
2025-12-22,Campinas,Operação B,9152,58.5,403148.64,363,3.97,8668,156.44,6891.43,105.58
2025-12-22,Campinas,Operação C,9064,56.9,382346.32,241,2.66,8429,159.3,6719.62,107.53
2025-12-23,São Paulo,Operação A,15467,104.9,641285.61,696,4.5,15564,147.45,6113.3,99.38
2025-12-23,São Paulo,Operação B,15390,101.8,670113.05,505,3.28,15101,151.18,6582.64,101.91
2025-12-23,São Paulo,Operação C,16733,95.9,849419.66,598,3.58,14223,174.48,8857.35,117.65
2025-12-23,Rio de Janeiro,Operação A,18060,106.1,747686.74,730,4.04,15738,170.22,7047.0,114.75
2025-12-23,Rio de Janeiro,Operação B,12334,82.3,575066.07,360,2.93,12202,149.87,6987.44,101.08
2025-12-23,Rio de Janeiro,Operação C,10705,78.5,535497.0,482,4.51,11642,136.37,6821.62,91.95
2025-12-23,Curitiba,Operação A,13681,86.2,596267.13,630,4.61,12786,158.71,6917.25,107.0
2025-12-23,Curitiba,Operação B,11308,70.2,523669.7,505,4.47,10409,161.08,7459.68,108.64
2025-12-23,Curitiba,Operação C,7215,49.1,273616.74,261,3.62,7288,146.95,5572.64,99.0
2025-12-23,Belo Horizonte,Operação A,8674,66.0,439601.62,346,3.99,9797,131.42,6660.63,88.54
2025-12-23,Belo Horizonte,Operação B,11090,70.5,472271.68,476,4.3,10465,157.3,6698.89,105.97
2025-12-23,Belo Horizonte,Operação C,8837,56.9,379192.89,235,2.66,8442,155.31,6664.2,104.68
2025-12-23,Campinas,Operação A,11831,79.7,545050.46,424,3.59,11818,148.44,6838.78,100.11
2025-12-23,Campinas,Operação B,10365,72.9,390355.9,287,2.78,10820,142.18,5354.68,95.79
2025-12-23,Campinas,Operação C,9350,55.1,452281.7,154,1.65,8167,169.69,8208.38,114.49
2025-12-24,São Paulo,Operação A,14233,119.6,643048.75,625,4.39,17770,119.01,5376.66,80.1
2025-12-24,São Paulo,Operação B,15783,102.2,667534.97,453,2.87,15185,154.43,6531.65,103.94
2025-12-24,São Paulo,Operação C,14078,93.2,643662.59,479,3.41,13848,151.05,6906.25,101.66
2025-12-24,Rio de Janeiro,Operação A,13385,97.7,462367.97,609,4.55,14514,137.0,4732.53,92.22
2025-12-24,Rio de Janeiro,Operação B,13671,87.0,671696.14,416,3.05,12923,157.14,7720.65,105.79
2025-12-24,Rio de Janeiro,Operação C,11404,75.0,480310.6,571,5.01,11139,152.05,6404.14,102.38
2025-12-24,Curitiba,Operação A,15350,95.8,733694.01,515,3.36,14236,160.23,7658.6,107.83
2025-12-24,Curitiba,Operação B,11404,75.9,420106.56,508,4.46,11274,150.25,5535.0,101.15
2025-12-24,Curitiba,Operação C,10554,68.7,443163.82,242,2.3,10200,153.62,6450.71,103.47
2025-12-24,Belo Horizonte,Operação A,11519,73.3,459418.6,383,3.33,10891,157.15,6267.65,105.77
2025-12-24,Belo Horizonte,Operação B,10081,69.0,384371.66,222,2.21,10245,146.1,5570.6,98.4
2025-12-24,Belo Horizonte,Operação C,9659,60.3,342174.55,336,3.48,8959,160.18,5674.54,107.81
2025-12-24,Campinas,Operação A,10386,72.7,495293.46,331,3.19,10799,142.86,6812.84,96.18
2025-12-24,Campinas,Operação B,9226,60.8,322143.34,397,4.31,9030,151.74,5298.41,102.17
2025-12-24,Campinas,Operação C,7160,47.4,317837.01,334,4.67,7046,151.05,6705.42,101.62
2025-12-25,São Paulo,Operação A,16427,110.3,780769.96,635,3.87,16410,148.93,7078.6,100.1
2025-12-25,São Paulo,Operação B,15266,107.2,618015.95,513,3.37,15947,142.41,5765.07,95.73
2025-12-25,São Paulo,Operação C,11425,84.2,456520.22,523,4.58,12525,135.69,5421.86,91.22
2025-12-25,Rio de Janeiro,Operação A,17549,104.1,749624.55,506,2.89,15492,168.58,7201.0,113.28
2025-12-25,Rio de Janeiro,Operação B,15466,99.1,709075.2,409,2.65,14748,156.06,7155.15,104.87
2025-12-25,Rio de Janeiro,Operação C,14316,86.6,617865.23,408,2.85,12889,165.31,7134.7,111.07
2025-12-25,Curitiba,Operação A,13552,84.5,581899.57,539,3.98,12577,160.38,6886.39,107.75
2025-12-25,Curitiba,Operação B,11869,80.9,443659.63,411,3.47,12032,146.71,5484.05,98.65
2025-12-25,Curitiba,Operação C,10158,62.6,382976.98,438,4.32,9317,162.27,6117.84,109.03
2025-12-25,Belo Horizonte,Operação A,13778,89.6,582023.29,397,2.89,13333,153.77,6495.8,103.34
2025-12-25,Belo Horizonte,Operação B,9840,65.9,470074.12,338,3.44,9803,149.32,7133.14,100.38
2025-12-25,Belo Horizonte,Operação C,8149,52.1,369191.75,283,3.48,7747,156.41,7086.21,105.19
2025-12-25,Campinas,Operação A,13130,81.0,496359.76,401,3.06,12051,162.1,6127.9,108.95
2025-12-25,Campinas,Operação B,8566,63.1,371296.93,179,2.09,9384,135.75,5884.26,91.28
2025-12-25,Campinas,Operação C,10018,61.3,440983.6,296,2.96,9116,163.43,7193.86,109.89
2025-12-26,São Paulo,Operação A,17669,119.1,669244.1,570,3.23,17737,148.35,5619.18,99.62
2025-12-26,São Paulo,Operação B,16581,107.4,792618.89,681,4.11,15997,154.39,7380.06,103.65
2025-12-26,São Paulo,Operação C,12950,94.8,529128.79,342,2.65,14123,136.6,5581.53,91.69
2025-12-26,Rio de Janeiro,Operação A,15005,102.4,607546.15,652,4.35,15261,146.53,5933.07,98.32
2025-12-26,Rio de Janeiro,Operação B,15411,93.5,548589.49,546,3.55,13932,164.82,5867.27,110.62
2025-12-26,Rio de Janeiro,Operação C,14658,86.1,524868.48,471,3.22,12832,170.24,6096.03,114.23
2025-12-26,Curitiba,Operação A,13987,92.1,536517.95,316,2.26,13721,151.87,5825.38,101.94
2025-12-26,Curitiba,Operação B,9115,67.2,384961.47,384,4.22,10004,135.64,5728.59,91.11
2025-12-26,Curitiba,Operação C,8794,56.1,399081.25,307,3.5,8359,156.76,7113.75,105.2
2025-12-26,Belo Horizonte,Operação A,10889,68.9,454957.8,367,3.37,10260,158.04,6603.16,106.13
2025-12-26,Belo Horizonte,Operação B,10201,65.9,449244.61,552,5.41,9812,154.8,6817.07,103.96
2025-12-26,Belo Horizonte,Operação C,10574,62.1,459239.61,361,3.42,9254,170.27,7395.16,114.26
2025-12-26,Campinas,Operação A,10102,71.8,436643.2,192,1.91,10690,140.7,6081.38,94.5
2025-12-26,Campinas,Operação B,8603,55.5,402413.32,399,4.64,8261,155.01,7250.69,104.14
2025-12-26,Campinas,Operação C,8164,52.5,375033.34,198,2.44,7815,155.5,7143.49,104.47
2025-12-27,São Paulo,Operação A,15425,120.7,637248.39,483,3.13,15845,127.8,5279.61,97.35
2025-12-27,São Paulo,Operação B,14868,105.5,677450.23,561,3.78,13855,140.93,6421.33,107.31
2025-12-27,São Paulo,Operação C,14007,91.4,502887.21,680,4.86,11998,153.25,5502.05,116.74
2025-12-27,Rio de Janeiro,Operação A,14347,101.7,583885.04,421,2.94,13350,141.07,5741.25,107.47
2025-12-27,Rio de Janeiro,Operação B,13621,93.6,597853.37,417,3.07,12286,145.52,6387.32,110.87
2025-12-27,Rio de Janeiro,Operação C,15387,104.7,703699.35,495,3.22,13738,146.96,6721.1,112.0
2025-12-27,Curitiba,Operação A,10705,80.5,495915.83,289,2.71,10566,132.98,6160.45,101.32
2025-12-27,Curitiba,Operação B,9336,66.3,404032.07,269,2.88,8706,140.81,6094.0,107.24
2025-12-27,Curitiba,Operação C,8555,57.3,371526.69,206,2.41,7522,149.3,6483.89,113.73
2025-12-27,Belo Horizonte,Operação A,9400,71.1,422354.85,373,3.98,9333,132.21,5940.29,100.72
2025-12-27,Belo Horizonte,Operação B,9430,77.6,404503.5,437,4.64,10189,121.52,5212.67,92.55
2025-12-27,Belo Horizonte,Operação C,9826,70.7,504978.52,391,3.99,9276,138.98,7142.55,105.93
2025-12-27,Campinas,Operação A,10616,78.0,412708.67,297,2.8,10242,136.1,5291.14,103.65
2025-12-27,Campinas,Operação B,8388,62.8,292956.41,224,2.68,8240,133.57,4664.91,101.8
2025-12-27,Campinas,Operação C,7397,51.9,310198.41,254,3.44,6811,142.52,5976.85,108.6
2025-12-28,São Paulo,Operação A,15097,111.0,713731.87,547,3.62,14587,136.01,6430.02,103.5
2025-12-28,São Paulo,Operação B,11395,91.9,505427.0,378,3.32,12087,123.99,5499.75,94.27
2025-12-28,São Paulo,Operação C,11659,89.7,513155.13,379,3.26,11788,129.98,5720.79,98.91
2025-12-28,Rio de Janeiro,Operação A,13083,102.4,597719.95,434,3.32,13464,127.76,5837.11,97.17
2025-12-28,Rio de Janeiro,Operação B,11758,94.5,575383.99,531,4.52,12416,124.42,6088.72,94.7
2025-12-28,Rio de Janeiro,Operação C,8462,66.0,371570.97,206,2.44,8676,128.21,5629.86,97.53
2025-12-28,Curitiba,Operação A,11743,83.9,484529.05,461,3.93,11035,139.96,5775.08,106.42
2025-12-28,Curitiba,Operação B,7894,68.9,362559.27,337,4.28,9063,114.57,5262.11,87.1
2025-12-28,Curitiba,Operação C,9471,82.5,426226.52,182,1.93,10841,114.8,5166.38,87.36
2025-12-28,Belo Horizonte,Operação A,12987,92.5,496003.2,535,4.12,12153,140.4,5362.2,106.86
2025-12-28,Belo Horizonte,Operação B,9129,65.8,390938.86,446,4.9,8653,138.74,5941.32,105.5
2025-12-28,Belo Horizonte,Operação C,9636,74.0,445495.62,364,3.78,9732,130.22,6020.21,99.01
2025-12-28,Campinas,Operação A,7861,60.8,403619.78,297,3.79,7997,129.29,6638.48,98.3
2025-12-28,Campinas,Operação B,9166,68.5,365175.57,322,3.52,9004,133.81,5331.03,101.8
2025-12-28,Campinas,Operação C,6356,52.3,241443.45,258,4.07,6869,121.53,4616.51,92.53
2025-12-29,São Paulo,Operação A,17840,115.2,766044.11,669,3.75,17233,154.86,6649.69,103.52
2025-12-29,São Paulo,Operação B,15770,110.5,698311.54,647,4.1,16533,142.71,6319.56,95.38
2025-12-29,São Paulo,Operação C,13524,97.1,581792.7,659,4.87,14525,139.28,5991.69,93.11
2025-12-29,Rio de Janeiro,Operação A,16465,103.0,742926.85,441,2.68,15412,159.85,7212.88,106.83
2025-12-29,Rio de Janeiro,Operação B,16483,103.0,726537.86,357,2.17,15412,160.03,7053.77,106.95
2025-12-29,Rio de Janeiro,Operação C,13594,84.9,659265.03,441,3.25,12705,160.12,7765.19,107.0
2025-12-29,Curitiba,Operação A,11474,78.0,458731.52,298,2.6,11661,147.1,5881.17,98.4
2025-12-29,Curitiba,Operação B,13993,82.8,576747.15,445,3.19,12390,169.0,6965.55,112.94
2025-12-29,Curitiba,Operação C,8467,52.2,411612.71,253,2.99,7813,162.2,7885.3,108.37
2025-12-29,Belo Horizonte,Operação A,12636,79.3,617871.0,462,3.66,11867,159.34,7791.56,106.48
2025-12-29,Belo Horizonte,Operação B,11123,71.1,403763.45,260,2.34,10630,156.44,5678.81,104.64
2025-12-29,Belo Horizonte,Operação C,9216,55.7,374709.4,283,3.08,8329,165.46,6727.28,110.65
2025-12-29,Campinas,Operação A,10240,66.9,499798.34,346,3.38,10006,153.06,7470.83,102.34
2025-12-29,Campinas,Operação B,8670,56.0,425006.3,268,3.1,8376,154.82,7589.4,103.51
2025-12-29,Campinas,Operação C,6839,45.9,290760.46,277,4.05,6859,149.0,6334.65,99.71
2025-12-30,São Paulo,Operação A,17920,124.9,684483.41,580,3.24,18712,143.47,5480.25,95.77
2025-12-30,São Paulo,Operação B,15142,107.3,599179.42,458,3.03,16071,141.12,5584.15,94.22
2025-12-30,São Paulo,Operação C,15536,96.8,708672.67,710,4.57,14498,160.5,7321.0,107.16
2025-12-30,Rio de Janeiro,Operação A,14417,101.6,537410.19,292,2.03,15217,141.9,5289.47,94.74
2025-12-30,Rio de Janeiro,Operação B,13102,87.0,591558.1,460,3.51,13030,150.6,6799.52,100.55
2025-12-30,Rio de Janeiro,Operação C,11659,75.9,441224.43,503,4.32,11375,153.61,5813.23,102.5
2025-12-30,Curitiba,Operação A,11304,79.4,511749.35,447,3.96,11888,142.37,6445.21,95.09
2025-12-30,Curitiba,Operação B,10127,61.7,395293.57,324,3.2,9247,164.13,6406.7,109.52
2025-12-30,Curitiba,Operação C,10676,66.3,467415.74,369,3.46,9924,161.03,7050.01,107.58
2025-12-30,Belo Horizonte,Operação A,12291,77.2,510401.58,607,4.94,11561,159.21,6611.42,106.31
2025-12-30,Belo Horizonte,Operação B,10685,73.8,428357.38,378,3.54,11055,144.78,5804.3,96.65
2025-12-30,Belo Horizonte,Operação C,11978,70.4,484096.39,329,2.75,10550,170.14,6876.37,113.54
2025-12-30,Campinas,Operação A,9970,63.3,510614.92,391,3.93,9481,157.5,8066.59,105.16
2025-12-30,Campinas,Operação B,7396,50.3,292174.12,210,2.84,7540,147.04,5808.63,98.09
2025-12-30,Campinas,Operação C,8162,51.4,365069.32,356,4.37,7700,158.79,7102.52,106.0
2025-12-31,São Paulo,Operação A,16262,121.5,614228.45,548,3.37,18231,133.84,5055.38,89.2
2025-12-31,São Paulo,Operação B,17014,103.5,717526.94,602,3.54,15529,164.39,6932.63,109.56
2025-12-31,São Paulo,Operação C,13984,91.9,592188.01,615,4.4,13779,152.17,6443.83,101.49
2025-12-31,Rio de Janeiro,Operação A,15953,103.1,667882.85,723,4.54,15471,154.73,6478.01,103.12
2025-12-31,Rio de Janeiro,Operação B,14367,82.4,535809.69,427,2.98,12366,174.36,6502.54,116.18
2025-12-31,Rio de Janeiro,Operação C,14056,84.6,511441.67,369,2.63,12688,166.15,6045.41,110.78
2025-12-31,Curitiba,Operação A,15664,86.8,735973.84,517,3.3,13022,180.46,8478.96,120.29
2025-12-31,Curitiba,Operação B,8864,56.9,385133.6,283,3.19,8529,155.78,6768.6,103.93
2025-12-31,Curitiba,Operação C,9245,59.0,353445.18,462,5.0,8848,156.69,5990.6,104.49
2025-12-31,Belo Horizonte,Operação A,14717,90.8,623395.08,437,2.97,13615,162.08,6865.58,108.09
2025-12-31,Belo Horizonte,Operação B,12018,69.6,546513.94,440,3.66,10433,172.67,7852.21,115.19
2025-12-31,Belo Horizonte,Operação C,10910,67.8,475513.55,467,4.28,10170,160.91,7013.47,107.28
2025-12-31,Campinas,Operação A,12215,74.3,520915.37,402,3.3,11151,164.4,7010.97,109.54
2025-12-31,Campinas,Operação B,8520,57.7,303135.79,236,2.77,8649,147.66,5253.65,98.51
2025-12-31,Campinas,Operação C,7106,47.5,342857.23,239,3.37,7130,149.6,7218.05,99.66
